{	// 全局变量（会被主题覆盖，请前往ui_common.json修改）

	"_info_1": "QQ: Bugjump (3071882091)",
	"_info_2": "Bilibili: Minecraft君9a7z (1345634151)",

	"_info_3": "未经允许，禁止使用任何此资源包的代码（可参考，但禁止复制）",
	"_info_4": "原作者保留任何权益",

	"$dialog_content_size": [ "100% - 16px", "100% - 31px" ],
	"$dialog_content_offset": [ 8, 23 ],

	"$showing_sidebar_background": true,
	"$showing_sidebar_dividers": true,
	"$buttonBorderIgnore": false,

	"$colored_theme": false,

	"$use_light_accent_color": true,

	"$hud_panel_size": [ 304, 275 ],

	"$tls_c": [ 1.0, 1.0, 1.0 ],

	"$body_text_color": [ 0.3, 0.3, 0.3 ],

	"$main_header_text_color": [ 0.3, 0.3, 0.3 ],

	"$option_description_text_color": [ 0.4, 0.4, 0.4 ],

	"$surface_color": [ 1.0, 1.0, 1.0 ],
	"$text_color": [ 0.0, 0.0, 0.0 ]
}