{	"biomes": {
		"default": {
			"fog_identifier": "yao:fog_override",

			// 天空＆雾的颜色
			"fog_color": "#5F2FBF" },
		"plains": {
			"fog_identifier": "yao:fog_override" },
		"sunflower_plains": {		
			"fog_identifier": "yao:fog_override" },
		"desert": {		
			"fog_identifier": "yao:fog_override" },
		"extreme_hills": {	
			"fog_identifier": "yao:fog_override" },
		"forest": {	
			"fog_identifier": "yao:fog_override" },
		"flower_forest": {	
			"fog_identifier": "yao:fog_override" },
		"taiga": {	
			"fog_identifier": "yao:fog_override" },
		"taiga_mutated": {	
			"fog_identifier": "yao:fog_override" },
		"swampland": {	
			"fog_identifier": "yao:fog_override" },
		"swampland_mutated": {	
			"fog_identifier": "yao:fog_override" },
		"river": {	
			"fog_identifier": "yao:fog_override" },
		"hell": {	
			"fog_identifier": "yao:fog_override" },
		"the_end": {	
			"fog_identifier": "yao:fog_override" },
		"frozen_river": {	
			"fog_identifier": "yao:fog_override" },
		"ice_plains": {	
			"fog_identifier": "yao:fog_override" },
		"ice_plains_spikes": {	
			"fog_identifier": "yao:fog_override" },
		"ice_mountains": {	
			"fog_identifier": "yao:fog_override" },
		"mushroom_island": {	
			"fog_identifier": "yao:fog_override" },
		"mushroom_island_shore": {	
			"fog_identifier": "yao:fog_override" },
		"beach": {	
			"fog_identifier": "yao:fog_override" },
		"desert_hills": {	
			"fog_identifier": "yao:fog_override" },
		"forest_hills": {	
			"fog_identifier": "yao:fog_override" },
		"taiga_hills": {	
			"fog_identifier": "yao:fog_override" },
		"extreme_hills_edge": {	
			"fog_identifier": "yao:fog_override" },
		"jungle": {	
			"fog_identifier": "yao:fog_override" },
		"bamboo_jungle": {	
			"fog_identifier": "yao:fog_override" },
		"jungle_mutated": {	
			"fog_identifier": "yao:fog_override" },
		"jungle_hills": {	
			"fog_identifier": "yao:fog_override" },
		"bamboo_jungle_hills": {	
			"fog_identifier": "yao:fog_override" },
		"jungle_edge": {	
			"fog_identifier": "yao:fog_override" },
		"stone_beach": {	
			"fog_identifier": "yao:fog_override" },
		"cold_beach": {	
			"fog_identifier": "yao:fog_override" },
		"birch_forest": {	
			"fog_identifier": "yao:fog_override" },
		"birch_forest_hills": {	
			"fog_identifier": "yao:fog_override" },
		"roofed_forest": {	
			"fog_identifier": "yao:fog_override" },
		"cold_taiga": {	
			"fog_identifier": "yao:fog_override" },
		"cold_taiga_mutated": {	
			"fog_identifier": "yao:fog_override" },
		"cold_taiga_hills": {	
			"fog_identifier": "yao:fog_override" },
		"mega_taiga": {	
			"fog_identifier": "yao:fog_override" },
		"mega_spruce_taiga": {	
			"fog_identifier": "yao:fog_override" },
		"mega_taiga_mutated": {	
			"fog_identifier": "yao:fog_override" },
		"mega_spruce_taiga_mutated": {	
			"fog_identifier": "yao:fog_override" },
		"mega_taiga_hills": {	
			"fog_identifier": "yao:fog_override" },
		"extreme_hills_plus_trees": {	
			"fog_identifier": "yao:fog_override" },
		"extreme_hills_plus_trees_mutated": {	
			"fog_identifier": "yao:fog_override" },
		"extreme_hills_mutated": {	
			"fog_identifier": "yao:fog_override" },
		"savanna": {	
			"fog_identifier": "yao:fog_override" },
		"savanna_plateau": {	
			"fog_identifier": "yao:fog_override" },
		"savanna_mutated": {	
			"fog_identifier": "yao:fog_override" },
		"mesa": {	
			"fog_identifier": "yao:fog_override" },
		"mesa_bryce": {	
			"fog_identifier": "yao:fog_override" },
		"mesa_mutated": {	
			"fog_identifier": "yao:fog_override" },
		"mesa_plateau_stone": {	
			"fog_identifier": "yao:fog_override" },
		"mesa_plateau": {	
			"fog_identifier": "yao:fog_override" },
		"ocean": {	
			"fog_identifier": "yao:fog_override" },
		"deep_ocean": {	
			"fog_identifier": "yao:fog_override" },
		"warm_ocean": {	
			"fog_identifier": "yao:fog_override" },
		"deep_warm_ocean": {	
			"fog_identifier": "yao:fog_override" },
		"lukewarm_ocean": {	
			"fog_identifier": "yao:fog_override" },
		"deep_lukewarm_ocean": {	
			"fog_identifier": "yao:fog_override" },
		"cold_ocean": {	
			"fog_identifier": "yao:fog_override" },
		"deep_cold_ocean": {	
			"fog_identifier": "yao:fog_override" },
		"frozen_ocean": {	
			"fog_identifier": "yao:fog_override" },
		"deep_frozen_ocean": {	
			"fog_identifier": "yao:fog_override" },
		"warped_forest": {	
			"fog_identifier": "yao:fog_override" },
		"crimson_forest": {	
			"fog_identifier": "yao:fog_override" },
		"soulsand_valley": {	
			"fog_identifier": "yao:fog_override" },
		"basalt_deltas": {	
			"fog_identifier": "yao:fog_override" },
		"cherry_grove": {	
			"fog_identifier": "yao:fog_override" }
	}
}