{	"air": {
		"blockshape": "invisible",
		"textures": "air" },
/*
	"client_request_placeholder_block": {
		"blockshape": "element_block" },
*/
	"barrier": {
		"blockshape": "element_block" },

	"structure_void": {
		"blockshape": "element_block" },

	"stone_block_slab": {
		"blockshape": "block" },

	"glass": {
		"blockshape": "block" },

	"grass_path": {
		"blockshape": "block" },

	"leaves": {
		"blockshape": "block" },

	"info_update": {
		"textures": "info_update" },

	"info_update2": {
		"textures": "info_update2" },

	"reserved6": {
		"textures": "reserved6" },

	"end_portal": {
		"blockshape": "block" },

	"end_portal": {
		"blockshape": "block" },

	"pistonarmcollision": {
		"blockshape": "invisible" },
/*
	"invisiblebedrock": {
		"blockshape": "block" },
*/
	"black_stained_glass": {
		"blockshape": "block" },

	"glass": {
		"blockshape": "block" },

	"water": {
		"carried_textures": "still_water_grey" },

	"flowing_water": {
		"carried_textures": "flowing_water_grey" },

	"lava": {
		"carried_textures": "still_lava" },

	"flowing_lava": {
		"carried_textures": "flowing_lava" }
}