{
    "rawtext": [
        {
            "text": "§b| 发送/取消传送\n§7"
        },
        {
            "selector": "@a[scores={teleportPlayerList=0}]"
        },
        {
            "text": "\n"
        },
        {
            "selector": "@a[scores={teleportPlayerList=1}]"
        },
        {
            "text": "\n"
        },
        {
            "selector": "@a[scores={teleportPlayerList=2}]"
        },
        {
            "text": "\n"
        },
        {
            "selector": "@a[scores={teleportPlayerList=3}]"
        },
        {
            "text": "\n"
        },
        {
            "selector": "@a[scores={teleportPlayerList=4}]"
        },
        {
            "text": "\n"
        },
        {
            "text": "刷新"
        }
    ]
}