{
	"format_version": "1.16.100",
	"minecraft:fog_settings": {
		"description": {
			"identifier": "yao:fog_override" },
		"distance": {
			"air": {
				"fog_start": 2.0,
				"fog_end": 2.0,
				"fog_color": "#ABD2FF",
				"render_distance_type": "render" },
			"water": {
				"fog_start": 2.0,
				"fog_end": 2.0,
				"fog_color": "#0044FF",
				"render_distance_type": "render" },
			"weather": {
				"fog_start": 2.0,
				"fog_end": 2.0,
				"fog_color": "#666666",
				"render_distance_type": "render" },
			"lava": {
				"fog_start": 2.0,
				"fog_end": 2.0,
				"fog_color": "#990044",
				"render_distance_type": "render" },
			"lava_resistance": {
				"fog_start": 2.0,
				"fog_end": 2.0,
				"fog_color": "#990044",
				"render_distance_type": "render" }
		}
	}
}