{	"namespace": "UIPublicLib/utils/booleanToValue",

	"main": {
		"type": "label",

		"text": "#result",

		"$source_prop_control|default": "",
		"$source_prop_name|default": "#source",

		"$default_value|default": "is_false",
		"$pass_value|default": "is_true",

		"property_bag": {
			"#result": "$default_value" },

		"bindings": [
			{	"binding_type": "view",
				"source_control_name": "$source_prop_control",
				"source_property_name": "$source_prop_name",
				"target_property_name": "#visible" },
			{	"binding_type": "view",
				"source_control_name": "result_panel",
				"source_property_name": "#result",
				"target_property_name": "#result",
				"resolve_sibling_scope": true }
		],

		"controls": [
			{	"result_panel": {
					"type": "panel",

					"property_bag": {
						"#default_value": "$default_value",
						"#pass_value": "$pass_value",
						"#result": "#default_value" },

					"bindings": [
						{	"binding_type": "view",
							"binding_condition": "always",
							"source_property_name": "#default_value",
							"target_property_name": "#result" },
						{	"binding_type": "view",
							"binding_condition": "always_when_visible",
							"source_property_name": "#pass_value",
							"target_property_name": "#result" }
					] }
			}
		] }
}