{	"namespace": "UIPublicLib/utils/getDeviceType",

	"main": {
		"type": "panel",

		"$to_string|default": "Unknow Device",
		"variables": [
			{ "requires": "$win10_edition", "$to_string": "Windows" },
			{ "requires": "$is_win10_arm", "$to_string": "Windows Arm" },
			{ "requires": "$is_android", "$to_string": "Android" },
			{ "requires": "$is_ios", "$to_string": "IOS" },
			{ "requires": "$is_ps4", "$to_string": "PS4" },
			{ "requires": "$is_windows_10_mobile", "$to_string": "Windows Mobile" },
			{ "requires": "$xbox_one", "$to_string": "Xbox One" },
			{ "requires": "$fire_tv", "$to_string": "Fire TV" },
			{ "requires": "$is_mobile_vr", "$to_string": "Mobile VR" },
			{ "requires": "$psvr", "$to_string": "PS VR" },
			{ "requires": "$gear_vr", "$to_string": "Gear VR" },
			{ "requires": "$oculus_rift", "$to_string": "Oculus Rift" }
		] }
}