{	"namespace": "UIPublicLib/utils/getInputType",

	"main": {
		"type": "panel",

		"$to_string|default": "Unknow Input",
		"$to_translate|default": "UIPublicLib.utils.input_type",
		"variables": [
			{ "requires": "$mouse", "$to_string": "Mouse", "$to_translate": "UIPublicLib.utils.input_type.mouse" },
			{ "requires": "$touch", "$to_string": "Touch", "$to_translate": "UIPublicLib.utils.input_type.touch" },
			{ "requires": "$game_pad", "$to_string": "Game Pad", "$to_translate": "UIPublicLib.utils.input_type.game_pad" }
		] }
}