{	"namespace": "UIPublicLib/utils/getKeyDown",

	"main": {
		"type": "edit_box",

		"selected": true,
		"can_be_deselected": false,
		"text_control": "getKeyDownStringControl",

		"max_length": 2147483647,

		"bindings": [
			{	"binding_type": "view",
				"source_control_name": "getKeyDownStringControl",
				"source_property_name": "#item_name",
				"target_property_name": "#toString" }
		],

		"controls": [
			{	"getKeyDownStringControl": {
					"type": "label",
					"text": "#item_name",
					"visible": false,
					"property_bag": {
						"#property_field": "#item_name" },
					"$_bindings": [
						{	"binding_type": "view",
							"binding_condition": "once",
							"source_property_name": "(#item_name - #item_name)",
							"target_property_name": "#item_name" }
					] }
			}
		] }
}