{	"namespace": "UIPublicLib/utils/numBitCalc",

	"main": {
		"type": "panel",

		"$source_prop_control|default": "",

		"bindings": [
			{	"binding_type": "view",
				"source_control_name": "$source_prop_control",
				"source_property_name": "#num_source",
				"target_property_name": "#input" },
			{	"binding_type": "view",
				"source_property_name": "((#input / 1) - (#input / 2 * 2))",
				"target_property_name": "#bit_1_raw" },
			{	"binding_type": "view",
				"source_property_name": "((#input / 2) - (#input / 4 * 2))",
				"target_property_name": "#bit_2_raw" },
			{	"binding_type": "view",
				"source_property_name": "((#input / 4) - (#input / 8 * 2))",
				"target_property_name": "#bit_4_raw" },
			{	"binding_type": "view",
				"source_property_name": "((#input / 8) - (#input / 16 * 2))",
				"target_property_name": "#bit_8_raw" },
			{	"binding_type": "view",
				"source_property_name": "((#input / 16) - (#input / 32 * 2))",
				"target_property_name": "#bit_16_raw" },
			{	"binding_type": "view",
				"source_property_name": "((#input / 32) - (#input / 64 * 2))",
				"target_property_name": "#bit_32_raw" },
			{	"binding_type": "view",
				"source_property_name": "((#input / 64) - (#input / 128 * 2))",
				"target_property_name": "#bit_64_raw" },
			{	"binding_type": "view",
				"source_property_name": "((#input / 128) - (#input / 256 * 2))",
				"target_property_name": "#bit_128_raw" },
			{	"binding_type": "view",
				"source_property_name": "((#input / 256) - (#input / 512 * 2))",
				"target_property_name": "#bit_256_raw" },
			{	"binding_type": "view",
				"source_property_name": "((#input / 512) - (#input / 1024 * 2))",
				"target_property_name": "#bit_512_raw" },
			{	"binding_type": "view",
				"source_property_name": "((#input / 1024) - (#input / 2048 * 2))",
				"target_property_name": "#bit_1014_raw" },
			{	"binding_type": "view",
				"source_property_name": "(#bit_1_raw * 1)",
				"target_property_name": "#bit_1" },
			{	"binding_type": "view",
				"source_property_name": "(#bit_2_raw * 2)",
				"target_property_name": "#bit_2" },
			{	"binding_type": "view",
				"source_property_name": "(#bit_4_raw * 4)",
				"target_property_name": "#bit_4" },
			{	"binding_type": "view",
				"source_property_name": "(#bit_8_raw * 8)",
				"target_property_name": "#bit_8" },
			{	"binding_type": "view",
				"source_property_name": "(#bit_16_raw * 16)",
				"target_property_name": "#bit_16" },
			{	"binding_type": "view",
				"source_property_name": "(#bit_32_raw * 32)",
				"target_property_name": "#bit_32" },
			{	"binding_type": "view",
				"source_property_name": "(#bit_64_raw * 64)",
				"target_property_name": "#bit_64" },
			{	"binding_type": "view",
				"source_property_name": "(#bit_128_raw * 128)",
				"target_property_name": "#bit_128" },
			{	"binding_type": "view",
				"source_property_name": "(#bit_256_raw * 256)",
				"target_property_name": "#bit_256" },
			{	"binding_type": "view",
				"source_property_name": "(#bit_512_raw * 512)",
				"target_property_name": "#bit_512" },
			{	"binding_type": "view",
				"source_property_name": "(#bit_1024_raw * 1024)",
				"target_property_name": "#bit_1024" },
			{	"binding_type": "view",
				"source_property_name": "('_' + #bit_1024_raw + '' + #bit_512_raw + '' + #bit_256_raw + '' + #bit_128_raw + '' + #bit_64_raw + '' + #bit_32_raw + '' + #bit_16_raw + '' + #bit_8_raw + '' + #bit_4_raw + '' + #bit_2_raw + '' + #bit_1_raw + '')",
				"target_property_name": "#text" }
		] }
}