{	"namespace": "elytra_screen_start",

	"_info_1": "QQ: Bugjump (3071882091)",
	"_info_2": "Bilibili: Minecraft君9a7z (1345634151)",

	"_info_3": "未经允许，禁止使用任何此资源包的代码（可参考，但禁止复制）",
	"_info_4": "原作者保留任何权益",

	"test_alpha": {
		"anim_type": "alpha",
		"easing": "linear",
		"duration": 15,
		"from": 0.0,
		"to": 1.0 },

	"text_info_panel": {
		"type": "image",
		"texture": "UITextureBase/fill_white",
		"fill": true,
		"color": "$text_panel_bg_color",
		"size": [ "100% - 30px", 12 ],
		"anchor_from": "bottom_right",
		"anchor_to": "bottom_right",
		"alpha": "$text_panel_bg_alpha",
		"layer": 9,
		"controls": [
			{	"stack_panel": {
					"type": "stack_panel",
					"orientation": "horizontal",
					"size": [ "100% - 2px", "100%cm" ],
					"offset": [ 0, 0 ],
					"anchor_from": "center",
					"anchor_to": "center",
					"layer": 1,
					"controls": [
						{	"minecraft_version": {
								"type": "label",
								"text": "#version",
								"font_type": "$ui_font_type",
								"color": "$text_panel_text_color",
								"bindings": [
									{ "binding_name": "#version" },
									{	"binding_type": "view",
										"source_property_name": "('_' + #version)",
										"target_property_name": "#version_array" },
									{	"binding_type": "view",
										"source_property_name": "((#version_array - '_') * 1)",
										"target_property_name": "#version_major" }
								] }
						}, {	"padding_1@elytra_paddings.x_4_padding": { }
						}, {	"mojang_copyright_label": {
								"type": "label",
								"text": "menu.copyright",
								"font_type": "$ui_font_type",
								"color": "$text_panel_text_color" }
						}, {	"padding_2@elytra_paddings.x_4_padding": { }
						}, {	"devicetype_label@UIPublicLib/utils/getDeviceType.main": {
								"type": "label",
								"text": "$to_string",
								"font_type": "$ui_font_type",
								"color": "$text_panel_text_color" }
						}, {	"padding_3@elytra_paddings.x_4_padding": { }
						}, {	"inputtype_label@UIPublicLib/utils/getInputType.main": {
								"type": "label",
								"text": "$to_string",
								"font_type": "$ui_font_type",
								"color": "$text_panel_text_color" }
						}, {	"padding_4@elytra_paddings.fill_x_padding": { }
						}, {	"elytra_ui_label": {
								"type": "label",
								"text": "$text",
								"font_type": "$ui_font_type",
								"color": "$text_panel_text_color",
								"variables": [
									{	"requires": "$is_debug_ui",
										"$text": "($elytra_ui_label + ' (' + $eui_version_code + ':' + $eui_preview_code + ') ')" },
									{	"requires": "(not $is_debug_ui)",
										"$text": "$elytra_ui_label" }
								] }
						}, {	"padding_5@elytra_paddings.x_4_padding": { }
						}, {	"elytra_ui_copyright_label": {
								"type": "label",
								"text": "©Bugjump",
								"font_type": "$ui_font_type",
								"color": "$text_panel_text_color" }
						}
					] }
			}
		] },

	"text_info_panel_background@elytra_common.blur_container": {
		"offset": [ 0, "100% - 12px" ],
		"$outer_offset": [ 0, "-100% + 12px" ] },

	"skin_viewer_panel": {
		"type": "input_panel",
		"anchor_from": "bottom_middle",
		"anchor_to": "bottom_middle",
		"size": [ "20% - 30px", "90% - 40px" ],
		"offset": [ 0, "-10% - 20px" ],
		"gesture_tracking_button": "button.turn_doll",
		"tts_ignore_count": true,
		"button_mappings": [
			{	"from_button_id": "button.menu_select",
				"to_button_id": "button.turn_doll",
				"mapping_type": "pressed",
				"button_up_right_of_first_refusal": true }
		],
		"controls": [
			{ "item_glints@elytra_common.item_glints": { } },
			{	"paper_doll_panel": {
					"type": "panel",
					"size": [ "100%", "100% - 10px" ],
					"controls": [
						{	"paper_doll": {
								"type": "custom",
								"renderer": "paper_doll_renderer",
								"camera_tilt_degrees": -10,
								"starting_rotation": 30,
								"layer": 2,
								"anchor_from": "bottom_middle",
								"anchor_to": "bottom_middle",
								"rotation": "gesture_x",
								"size": [ "100%", "100%" ],
								"offset": [ 0, -22 ],
								"bindings": [
									{	"binding_type": "view",
										"source_control_name": "skin_viewer_panel",
										"source_property_name": "#gesture_delta_source",
										"target_property_name": "#gesture_delta_source" },
									{	"binding_type": "view",
										"source_control_name": "skin_viewer_panel",
										"source_property_name": "#gesture_mouse_delta_x",
										"target_property_name": "#gesture_mouse_delta_x" },
									{	"binding_name": "#is_appearance_visible",
										"binding_name_override": "#visible",
										"binding_condition": "always" }
								] }
						}, {	"appearacne_loading_panel@elytra_progress.progress_bar_indeterminate": {
								"size": [ 180, 2 ],
								"anchor_from": "center",
								"anchor_to": "center",
								"bindings": [
									{	"binding_name": "(not #is_appearance_visible)",
										"binding_name_override": "#visible",
										"binding_condition": "always" }
								] }
						}
					] }
			}, {	"paper_doll_name_tag": {
					"type": "custom",
					"renderer": "name_tag_renderer",
					"layer": 2,
					"anchor_from": "top_middle",
					"anchor_to": "bottom_middle",
					"size": [ 8, 8 ],
					"offset": [ 0, "10%" ],
					"bindings": [
						{ "binding_name": "#playername" }
					] }
			}
		] },

	"startup_destroy_wait_animation": {
		"anim_type": "wait",
		"duration": 3.0,
		"next": "@elytra_screen_start.startup_destroy_animation" },

	"startup_destroy_animation": {
		"anim_type": "alpha",
		"easing": "linear",
		"duration": 0.5,
		"from": 1.0,
		"to": 0.0,
		"destroy_at_end": "startup_view" },

	"flipbook_animation": {
		// "play_event": "screen.entrance_pop",
		"anim_type": "flip_book",
		"initial_uv": [ 0, 0 ],
		"frame_count": 80,
		"frame_step": 64,
		"fps": 71,
		"reversible": false,
		"easing": "out_cubic" },

	"icon_animation": {
		"anim_type": "alpha",
		"easing": "linear",
		"duration": 1,
		"from": 0,
		"to": 0,
		"next": "@elytra_screen_start.icon_animationz" },

	"icon_animationz": {
		"anim_type": "alpha",
		"easing": "out_cubic",
		"duration": 0.2,
		"from": 0,
		"to": 1 },

	"startup_view": {
		"type": "input_panel",
		"anchor_from": "top_left",
		"anchor_to": "top_left",
		"modal": true,
		"anims": [
			"@elytra_screen_start.startup_destroy_wait_animation" ],
		"propagate_alpha": true,
		"layer": 95630,
		"clips_children": true,
		"controls": [
			{	"item_background@elytra_common.background_image": {
					"layer": 2 }
			}, {	"progress@progress_bar.progress_bar_indeterminate": {
					"size": [ 144, 2 ],
					"offset": [ 0, 48 ],
					"anchor_from": "center",
					"anchor_to": "center",
					"layer": 12 }
			}, {	"icon": {
					"type": "image",
					"texture": "Elytra_UI/textures/startup",
					"size": [ 128, 128 ],
					"anims": [
						"@elytra_screen_start.icon_animation" ],
					"alpha": 0.0,
					"offset": [ 0, -12 ],
					"anchor_from": "center",
					"anchor_to": "center",
					"color": "white",
					"layer": 10 }
			}, {	"animationed_icon": {
					"type": "image",
					"texture": "Elytra_UI/textures/startup_animation",
					"size": [ 64, 64 ],
					"uv": "@elytra_screen_start.flipbook_animation",
					"uv_size": [ 64, 64 ],
					"offset": [ 0, -28 ],
					"anchor_from": "center",
					"anchor_to": "center",
					"layer": 9 }
			}
		] },

	"sidebar_header_content": {
		"type": "panel",
		"size": "$sidebar_item_size",
		"clips_children": true,
		"controls": [
			{	"icon": {
					"type": "image",
					"texture": "#gamerpic_texture_path",
					"size": [ 12, 12 ],
					"offset": [ 9, 6 ],
					"anchor_from": "top_left",
					"anchor_to": "top_left",
					"layer": 2,
					"bindings": [
						{	"binding_name": "#gamertag_pic_and_label_visible",
							"binding_name_override": "#visible" },
						{	"binding_name": "#gamerpic_texture_path",
							"binding_name_override": "#texture" },
						{	"binding_name": "#gamerpic_texture_location_type",
							"binding_name_override": "#texture_file_system" }
					] }
			}, {	"icon_border": {
					"type": "image",
					"texture": "textures/ui/focus_border_white",
					"size": [ 14, 14 ],
					"offset": [ 8, 5 ],
					"anchor_from": "top_left",
					"anchor_to": "top_left",
					"color": [ 0.1, 0.1, 0.1 ],
					"layer": 1 }
			}, {	"signin_button@elytra_btns.base_btn": {
					"ignored": "(not $is_verbose)",
					"size": [ 24, 16 ],
					"offset": [ -4, 0 ],
					"anchor_from": "right_middle",
					"anchor_to": "right_middle",
					"$onclick": "button.signin",
					"$button_text": "gui.login",
					"layer": 3,
					"bindings": [
						{	"binding_name": "#sign_in_visible",
							"binding_name_override": "#visible" }
					] }
			}, {	"sidebar_tab_toggle_label": {
					"type": "label",
					"text": "#gamertag_label",
					"font_type": "$ui_font_type",
					"color": "$player_name_text_color",
					"offset": [ 30, 0 ],
					"anchor_from": "left_middle",
					"anchor_to": "left_middle",
					"bindings": [
						{	"binding_name": "#gamertag_pic_and_label_visible",
							"binding_name_override": "#visible" },
						{ "binding_name": "#gamertag_label" }
					] }
			}, {	"sidebar_tab_toggle_label_2": {
					"type": "label",
					"text": "#playername",
					"font_type": "$ui_font_type",
					"color": "$player_name_text_color",
					"offset": [ 30, 0 ],
					"anchor_from": "left_middle",
					"anchor_to": "left_middle",
					"bindings": [
						{	"binding_name": "(not #gamertag_pic_and_label_visible)",
							"binding_name_override": "#visible" },
						{ "binding_name": "#playername" }
					] }
			},
			{ "item_glints@elytra_common.item_glints": { } }
		] },

	"start_content@elytra_variables.start": {
		"type": "panel",
		"$sidebar_variables": [
			{	"requires": "(not $is_verbose)",
				"$nav1_name": "nav1_toggle",
				"$nav1_index": 0,
				"$nav2_name": "nav2_toggle",
				"$nav2_index": 1,
				"$nav3_name": "nav3_toggle",
				"$nav3_index": 2 },
			{	"requires": "$is_verbose",
				"$nav1_name": "verbose_nav1_toggle",
				"$nav1_index": 10,
				"$nav2_name": "verbose_nav2_toggle",
				"$nav2_index": 11,
				"$nav3_name": "verbose_nav3_toggle",
				"$nav3_index": 12 }
		],

		"controls": [
			{ "startup_view@elytra_screen_start.startup_view": { } },
			{	"sidebar_view@elytra_sidebar.sidebar_view": {
					"$sidebar_header_content": "@elytra_screen_start.sidebar_header_content",
					"$container_controls": [
						{	"settings_tab@elytra_sidebar.sidebar_btn": {
								"$onclick": "button.menu_settings",
								"$button_text": "menu.settings",
								"$button_icon": "textures/ui/sidebar_icons/settings_icon",
								"$button_icon_colored": "textures/ui/sidebar_icons/settings_icon_accent" }
						}, {	"achievements_tab@elytra_sidebar.sidebar_btn": {
								"$onclick": "button.menu_achievements",
								"$button_text": "menu.achievements",
								"$button_icon": "textures/ui/sidebar_icons/achievements_icon",
								"$button_icon_colored": "textures/ui/sidebar_icons/achievements_icon_accent" }
						}, {	"inbox_tab@elytra_sidebar.sidebar_btn": {
								"$onclick": "button.menu_inbox",
								"$button_text": "menu.inbox",
								"$button_icon": "textures/ui/sidebar_icons/inbox",
								"$button_icon_colored": "textures/ui/sidebar_icons/inbox_accent" }
						}, {	"store_tab@elytra_sidebar.sidebar_btn": {
								"$onclick": "button.menu_store",
								"$button_text": "menu.store",
								"$button_icon": "textures/ui/sidebar_icons/store_icon",
								"$button_icon_colored": "textures/ui/sidebar_icons/store_icon_accent" }
						}, {	"change_profile_tab@elytra_sidebar.sidebar_btn": {
								"$onclick": "button.to_profile_screen",
								"$button_text": "profileScreen.header",
								"$button_icon": "textures/ui/sidebar_icons/skins_icon",
								"$button_icon_colored": "textures/ui/sidebar_icons/skins_icon_accent" }
						}, {	"music_toggle@elytra_sidebar.sidebar_tge": {
								"size": [ "100%", 24 ],
								"visible": false,
								"$control_name": "music_toggle",
								"$button_text": "options.music",
								"$button_icon": "textures/ui/sidebar_icons/music_icon",
								"$button_icon_colored": "textures/ui/sidebar_icons/music_icon_accent",
								"$radio_toggle_group": true,
								"$toggle_name": "music_toggle_group",
								"$toggle_group_forced_index": 1,
								"$onclick": "button.musicbar_unfold" }
						}, {	"pack_infos@elytra_sidebar.sidebar_btn": {
								"$onclick": "button.menu_buy_game",
								"$button_text": "menu.packinfos",
								"$button_icon": "textures/ui/sidebar_icons/info_ui_icon",
								"$button_icon_colored": "textures/ui/sidebar_icons/info_ui_icon_accent" }/*
						}, {	"$nav1_name@elytra_sidebar.sidebar_tge": {
								"size": [ "100%", 24 ],
								"$control_name": "nav1_toggle",
								"$button_text": "Nav1 Test",
								"$button_icon": "",
								"$button_icon_colored": "",
								"$radio_toggle_group": true,
								"$toggle_name": "navigation_tab",
								"$toggle_group_forced_index": "$nav1_index" }
						}, {	"$nav2_name@elytra_sidebar.sidebar_tge": {
								"size": [ "100%", 24 ],
								"$control_name": "nav2_toggle",
								"$button_text": "Nav2 Test",
								"$button_icon": "",
								"$button_icon_colored": "",
								"$radio_toggle_group": true,
								"$toggle_name": "navigation_tab",
								"$toggle_group_forced_index": "$nav2_index" }
						}, {	"$nav3_name@elytra_sidebar.sidebar_tge": {
								"size": [ "100%", 24 ],
								"$control_name": "nav3_toggle",
								"$button_text": "Nav3 Test",
								"$button_icon": "",
								"$button_icon_colored": "",
								"$radio_toggle_group": true,
								"$toggle_name": "navigation_tab",
								"$toggle_group_forced_index": "$nav3_index" }*/
						}
					] }
			},
			{ "skin_viewer_panel@elytra_screen_start.skin_viewer_panel": { } },
			{ "text_info_panel_background@elytra_screen_start.text_info_panel_background": { } },
			{ "text_info_panel@elytra_screen_start.text_info_panel": { } },
			{	"play_btn@elytra_btns.base_btn": {
					"size": [ 80, 20 ],
					"offset": [ 0, -40 ],
					"anchor_from": "bottom_middle",
					"anchor_to": "bottom_middle",
					"layer": 6,
					"$onclick": "$play_button_target",
					"$button_text": "menu.play" }
			}, {	"blur_container_play@elytra_common.blur_container": {
					"offset": [ "50% - 40px", "100% - 60px" ],
					"$outer_offset": [ "-100% + 80px", "-100% + 20px" ],
					"$inner_offset": [ "50% - 40px", 41 ] }/*
			}, {	"typex1": {
					"type": "label",
					"text": "textt",
					"font_type": "smooth",
					"size": [ 16, 16 ],
					"font_scale_factor": 1,
					"line_padding": 0,
					"layer": 100,
					"alpha": "@elytra_screen_start.test_alpha" }
			}, {	"typex2": {
					"type": "label",
					"text": "textth",
					"font_type": "smooth",
					"size": [ 256, 256 ],
					"font_scale_factor": 16,
					"line_padding": 0,
					"layer": 100,
					"bindings": [
						{	"binding_type": "view",
							"source_control_name": "typex1",
							"source_property_name": "#alpha",
							"target_property_name": "#alpha" }*/
					] }
			}
		] }
}