{	"namespace": "elytra_screen_gameplay_anvil",

	"_info_1": "QQ: Bugjump (3071882091)",
	"_info_2": "Bilibili: Minecraft君9a7z (1345634151)",

	"_info_3": "未经允许，禁止使用任何此资源包的代码（可参考，但禁止复制）",
	"_info_4": "原作者保留任何权益",

	"anvil_panel": {
		"type": "stack_panel",
		"orientation": "vertical",

		"size": [ "100%sm", "100%c" ],

		"$has_index_grid": true,

		"controls": [
			{	"item_name_text_edit@elytra_common.text_edit_box": {
					"size": [ "100%", 16 ],
					"property_bag": {
						"#property_field": "#item_name" },
					"max_length": 2147483647,
					"$text_box_name": "#text_box_name",
					"$onhover": "button.item_name_text_edit.hovered",
					"$text_edit_binding_name": "#text_box_item_name",
					"$text_edit_box_label_size": [ "default", 10 ] }
			}, { "padding@elytra_paddings.y_4_padding": { }
			}, {	"items_panel": {
					"type": "stack_panel",
					"orientation": "horizontal",

					"size": [ "100%", "100%cm" ],

					"controls": [
						{	"padding_left@elytra_paddings.padding_panel": {
								"size": [ "fill", "100%sm" ] }
						}, {	"anvil_input_items": {
								"type": "grid",
								"size": [ "100%c", "100%c" ],
								"grid_dimensions": [ 1, 1 ],
								"grid_item_template": "elytra_gameplay.slot_item",
								"$item_collection_name": "anvil_input_items",
								"collection_name": "$item_collection_name" }
						}, {	"image_plus@elytra_paddings.padding_panel": {
								"size": [ "fill", "100%sm" ],
								"controls": [
									{	"icon": {
											"type": "image",

											"texture": "Elytra_UI/textures/plus",

											"size": [ 20, 20 ],
											"offset": [ 0, 0 ],
											"anchor_from": "center",
											"anchor_to": "center",

											"layer": 1 }
									}
								] }
						}, {	"anvil_material_items": {
								"type": "grid",
								"size": [ "100%c", "100%c" ],
								"grid_dimensions": [ 1, 1 ],
								"grid_item_template": "elytra_gameplay.slot_item",
								"$item_collection_name": "anvil_material_items",
								"collection_name": "$item_collection_name" }
						}, {	"image_arrow@elytra_paddings.padding_panel": {
								"size": [ "fill", "100%sm" ],
								"controls": [
									{	"icon": {
											"type": "image",

											"texture": "Elytra_UI/textures/arrow_craft",

											"size": [ 20, 20 ],
											"offset": [ 0, 0 ],
											"anchor_from": "center",
											"anchor_to": "center",

											"layer": 1 }
									}, {	"out_icon": {
											"type": "image",

											"texture": "Elytra_UI/textures/arrow_craft",
											"color": "$error_color",

											"size": [ 20, 20 ],
											"offset": [ 0, 0 ],
											"anchor_from": "center",
											"anchor_to": "center",

											"layer": 2,
											
											"bindings": [
												{	"binding_name": "#cross_out_icon",
													"binding_name_override": "#visible" }
											] }
									}, {	"bottom_text": {
											"type": "label",

											"text": "#cost_text",
											"color": "$accent_color",

											"size": [ "default", "default" ],
											"offset": [ 0, 0 ],
											"anchor_from": "bottom_middle",
											"anchor_to": "top_middle",

											"layer": 1,
											
											"bindings": [
												{ "binding_name": "#cost_text" },
												{	"binding_type": "view",
													"source_property_name": "(#cost_text - '0' - '1' - '2' - '3' - '4' - '5' - '6' - '7' - '8' - '9')",
													"target_property_name": "#cost_text_msg" },
												{	"binding_type": "view",
													"source_property_name": "((#cost_text - #cost_text_msg) * 1)",
													"target_property_name": "#cost_text_int" },
												{	"binding_type": "view",
													"source_property_name": "('_' + #cost_text_int)",
													"target_property_name": "#cost_text_display" }
											] }
									}
								] }
						}, {	"anvil_result_items": {
								"type": "grid",
								"size": [ "100%c", "100%c" ],
								"grid_dimensions": [ 1, 1 ],
								"grid_item_template": "elytra_gameplay.slot_item",
								"$item_collection_name": "anvil_result_items",
								"collection_name": "$item_collection_name",
								
								"$use_custom_button_mappings": true,
								"$custom_button_mappings": [
									{	"from_button_id": "button.menu_select",
										"to_button_id": "button.anvil_take_all_place_all",
										"mapping_type": "pressed",
										"consume_event": false },
									{	"from_button_id": "button.menu_ok",
										"to_button_id": "button.anvil_take_all_place_all",
										"mapping_type": "pressed",
										"consume_event": false },
									{	"from_button_id": "button.controller_back",
										"to_button_id": "button.anvil_take_all_place_all",
										"mapping_type": "pressed",
										"ignored": "(not $is_ps4)",
										"consume_event": false },
									{	"from_button_id": "button.menu_secondary_select",
										"to_button_id": "button.anvil_take_half_place_one",
										"mapping_type": "pressed",
										"consume_event": false },
									{	"from_button_id": "button.controller_select",
										"to_button_id": "button.anvil_take_half_place_one",
										"mapping_type": "pressed",
										"consume_event": false },
									{	"from_button_id": "button.menu_auto_place",
										"to_button_id": "button.container_auto_place",
										"mapping_type": "pressed",
										"consume_event": false },
									{	"from_button_id": "button.controller_secondary_select",
										"to_button_id": "button.container_auto_place",
										"mapping_type": "pressed",
										"consume_event": false },
									{	"from_button_id": "button.menu_inventory_drop",
										"to_button_id": "button.drop_one",
										"mapping_type": "pressed",
										"consume_event": false },
									{	"from_button_id": "button.menu_inventory_drop_all",
										"to_button_id": "button.drop_all",
										"mapping_type": "pressed",
										"consume_event": false },
									{	"from_button_id": "button.menu_select",
										"to_button_id": "button.anvil_coalesce_stack",
										"mapping_type": "double_pressed",
										"consume_event": false },
									{	"from_button_id": "button.menu_ok",
										"to_button_id": "button.anvil_coalesce_stack",
										"mapping_type": "double_pressed",
										"consume_event": false },
									{	"to_button_id": "button.container_slot_hovered",
										"mapping_type": "pressed",
										"consume_event": false }
								] }
						}, {	"padding_right@elytra_paddings.padding_panel": {
								"size": [ "fill", "100%sm" ] }
						}
					] }
			}
		] },

	"anvil_layout@elytra_variables.global": {
		"type": "panel",

		"anims": [
			"@elytra_animations.inventory_exit_animation_push_offset",
			"@elytra_animations.inventory_exit_animation_pop_offset",
			"@elytra_animations.inventory_entrance_animation_push_offset",
			"@elytra_animations.inventory_entrance_animation_pop_offset",

			"@elytra_animations.inventory_exit_animation_push_alpha",
			"@elytra_animations.inventory_exit_animation_pop_alpha",
			"@elytra_animations.inventory_entrance_animation_push_alpha",
			"@elytra_animations.inventory_entrance_animation_pop_alpha" ],
		"animation_reset_name": "screen_animation_reset",
		"propagate_alpha": true,
		"disable_anim_fast_forward": true,

		"controls": [
			{ "flying_item_renderer@elytra_gameplay.flying_item_renderer": { } },
			{ "flying_item_mouse@elytra_gameplay.flying_item_mouse": { } },
			{	"gameplay_layout@elytra_gameplay.gameplay_layout": {
					"$gameplay_main_control": "@elytra_screen_gameplay_anvil.anvil_panel",
					"$screen_icon": "UITextureBase/item/anvil",
					"$title_text": "tile.anvil.name" }
			}
		] }
}