{	"namespace": "elytra_screen_gameplay_containers",

	"_info_1": "QQ: Bugjump (3071882091)",
	"_info_2": "Bilibili: Minecraft君9a7z (1345634151)",

	"_info_3": "未经允许，禁止使用任何此资源包的代码（可参考，但禁止复制）",
	"_info_4": "原作者保留任何权益",

	"container_layout@elytra_variables.global": {
		"type": "panel",

		"anims": [
			"@elytra_animations.inventory_exit_animation_push_offset",
			"@elytra_animations.inventory_exit_animation_pop_offset",
			"@elytra_animations.inventory_entrance_animation_push_offset",
			"@elytra_animations.inventory_entrance_animation_pop_offset",

			"@elytra_animations.inventory_exit_animation_push_alpha",
			"@elytra_animations.inventory_exit_animation_pop_alpha",
			"@elytra_animations.inventory_entrance_animation_push_alpha",
			"@elytra_animations.inventory_entrance_animation_pop_alpha" ],
		"animation_reset_name": "screen_animation_reset",
		"propagate_alpha": true,
		"disable_anim_fast_forward": true,

		"controls": [
			{ "flying_item_renderer@elytra_gameplay.flying_item_renderer": { } },
			{ "flying_item_mouse@elytra_gameplay.flying_item_mouse": { } },
			{	"gameplay_layout@elytra_gameplay.gameplay_layout": {
					"$is_container": true,
					"$gameplay_main_control|default": "@elytra_gameplay.container_grid",
					"$title_text": "$container_title" }
			}
		] }
}