{	"namespace": "elytra_screen_gameplay_crafting",

	"_info_1": "QQ: Bugjump (3071882091)",
	"_info_2": "Bilibili: Minecraft君9a7z (1345634151)",

	"_info_3": "未经允许，禁止使用任何此资源包的代码（可参考，但禁止复制）",
	"_info_4": "原作者保留任何权益",

	"recipe_tab@elytra_tges.base_tge": {
		"size": [ "100%", "100%x" ],

		"consume_hover_events": true,
		"$can_touch_below": false,

		"radio_toggle_group": true,
		"toggle_group_forced_index": -1,
		"toggle_name": "navigation_tab",

		// "$unchecked_toggle_background_alpha": 0.0,
		// "$checked_toggle_background_alpha": 0.0,

		"toggle_group_default_selected": "$construction_index"

		"$button_icon_size": [ 20, 20 ],
		"$button_icon_offset": [ 0, 0 ],
		"$button_icon_anchor": "center",

		"$extra_control_1": "@elytra_screen_gameplay_crafting.accent_divider",
		"$extra_control_2": "@elytra_screen_gameplay_crafting.accent_divider_reverse" },

	"tab_divider": {
		"type": "image",
		"texture": "UITextureBase/fill_white",
		"color": "$accent_color",
		"fill": true,

		"size": "$vertical_layout_toggle_divider_size",
		"anchor_from": "top_middle",
		"anchor_to": "top_middle",

		"layer": 1,

		"anims": [
			"@elytra_gameplay.tabview_accent_select_animation"
		] },

	"tabview_accent_select_animation": {
		"anim_type": "size",
		"duration": 0.5,
		"easing": "$ui_animation_easing",
		"from": [ 0, 2 ],
		"to": "$vertical_layout_toggle_divider_size" },

	"tab_divider_reverse": {
		"type": "image",
		"texture": "UITextureBase/fill_white",
		"color": "$accent_color",
		"fill": true,

		"size": "$vertical_layout_toggle_divider_size",
		"anchor_from": "top_middle",
		"anchor_to": "top_middle",

		"layer": 1,

		"anims": [
			"@elytra_gameplay.tabview_accent_select_animation_reverse"
		] },

	"tabview_accent_select_animation_reverse": {
		"anim_type": "size",
		"duration": 0.5,
		"easing": "$ui_animation_easing",
		"to": [ 0, 2 ],
		"from": "$vertical_layout_toggle_divider_size" },

	"accent_divider": {
		"type": "collection_panel",
		"size": [ "100%", "100%" ],
		"anchor_from": "top_left",
		"anchor_to": "top_left",
		"propagate_alpha": true,
		"layer": 10,
		"factory": {
			"name": "divider_factory",
			"control_name": "elytra_screen_gameplay_crafting.tab_divider",
			"max_children_size": 1 },
		"bindings": [
			{	"binding_type": "view",
				"source_control_name": "$control_name",
				"source_property_name": "#toggle_state",
				"target_property_name": "#toggle_state" },
			{	"binding_type": "view",
				"source_property_name": "(1 * #toggle_state)",
				"target_property_name": "#alpha" },
			{	"binding_type": "view",
				"source_property_name": "(1 * #toggle_state)",
				"target_property_name": "#collection_length" }
		] },

	"accent_divider_reverse": {
		"type": "collection_panel",
		"size": [ "100%", "100%" ],
		"anchor_from": "top_left",
		"anchor_to": "top_left",
		"propagate_alpha": true,
		"layer": 10,
		"factory": {
			"name": "divider_reverse_factory",
			"control_name": "elytra_screen_gameplay_crafting.tab_divider_reverse",
			"max_children_size": 1 },
		"bindings": [
			{	"binding_type": "view",
				"source_control_name": "$control_name",
				"source_property_name": "#toggle_state",
				"target_property_name": "#toggle_state" },
			{	"binding_type": "view",
				"source_property_name": "(1 * (not #toggle_state))",
				"target_property_name": "#alpha" },
			{	"binding_type": "view",
				"source_property_name": "(1 * (not #toggle_state))",
				"target_property_name": "#collection_length" }
		] },

	"recipe_grid": {
		"type": "grid",

		"grid_item_template": "elytra_gameplay.slot_item",
		"$item_collection_name": "recipe_book",
		"collection_name": "$item_collection_name",
		"grid_rescaling_type": "horizontal",
		"maximum_grid_items": "#maximum_grid_items",

		"size": [ "100%", "default" ],
		"offset": [ 0, 0 ],
		"anchor_from": "top_left",
		"anchor_to": "top_left",

		"$item_renderer": "crafting_recipe_item_renderer@elytra_gameplay.item_renderer",

		"$slot_selected_bindings": [
			{	"binding_type": "view",
				"source_control_name": "crafting_recipe_item_renderer",
				"source_property_name": "#item_id_aux",
				"target_property_name": "#current_item_id_aux",
				"resolve_sibling_scope": true },
			{	"binding_type": "view",
				"source_control_name": "crafting_output_item_renderer",
				"source_property_name": "#item_id_aux",
				"target_property_name": "#output_item_id_aux" },
			{	"binding_name": "#is_creative_selected_slot",
				"binding_type": "collection",
				"binding_collection_name": "$item_collection_name" },
			{	"binding_type": "view",
				"source_property_name": "((#current_item_id_aux = #output_item_id_aux) or #is_creative_selected_slot)",
				"target_property_name": "#visible" }
		],

		"$use_custom_button_mappings": true,
		"$custom_button_mappings": [
			{	"from_button_id": "button.menu_select",
				"to_button_id": "button.recipe_select",
				"mapping_type": "pressed",
				"consume_event": false },
			{	"from_button_id": "button.menu_ok",
				"to_button_id": "button.recipe_select",
				"mapping_type": "pressed",
				"consume_event": false },
			{	"from_button_id": "button.controller_back",
				"to_button_id": "button.recipe_select",
				"mapping_type": "pressed",
				"ignored": "(not $is_ps4)",
				"consume_event": false },
			{	"from_button_id": "button.menu_secondary_select",
				"to_button_id": "button.recipe_secondary",
				"mapping_type": "pressed",
				"consume_event": false },
			{	"from_button_id": "button.controller_select",
				"to_button_id": "button.recipe_secondary",
				"mapping_type": "pressed",
				"consume_event": false },
			{	"from_button_id": "button.menu_auto_place",
				"to_button_id": "button.recipe_tertiary",
				"mapping_type": "pressed",
				"consume_event": false },
			{	"from_button_id": "button.controller_secondary_select",
				"to_button_id": "button.recipe_tertiary",
				"mapping_type": "pressed",
				"consume_event": false },
			{	"from_button_id": "button.menu_inventory_drop",
				"to_button_id": "button.drop_one",
				"mapping_type": "pressed",
				"consume_event": false },
			{	"from_button_id": "button.menu_inventory_drop_all",
				"to_button_id": "button.drop_all",
				"mapping_type": "pressed",
				"consume_event": false },
			{	"from_button_id": "button.menu_select",
				"to_button_id": "button.recipe_tertiary",
				"mapping_type": "double_pressed" },
			{	"from_button_id": "button.menu_ok",
				"to_button_id": "button.recipe_tertiary",
				"mapping_type": "double_pressed" },
			{	"to_button_id": "button.shape_drawing",
				"mapping_type": "pressed",
				"consume_event": false },
			{	"to_button_id": "button.container_slot_hovered",
				"mapping_type": "pressed",
				"consume_event": false }
		],
		"bindings": [
			{	"binding_name": "#recipe_book_total_items",
				"binding_name_override": "#maximum_grid_items",
				"binding_condition": "always",
				"binding_type": "collection",
				"binding_collection_name": "$item_collection_name" }
		] },

	"crafting_panel": {
		"type": "stack_panel",
		"orientation": "vertical",

		"size": [ "100%sm", "100%c" ],

		"$has_index_grid": true,

		"controls": [
			{	"items_panel": {
					"type": "stack_panel",
					"orientation": "horizontal",

					"size": [ "100%", "100%cm" ],

					"controls": [
						{	"padding_left@elytra_paddings.padding_panel": {
								"size": [ "fill", "100%sm" ] }
						}, {	"crafting_input_items": {
								"type": "collection_panel",
								"size": [ 36, 36 ],
								"$item_collection_name": "crafting_input_items",
								"collection_name": "$item_collection_name",

								"controls": [
									{ "@elytra_gameplay.slot_item": { "$index": 0, "offset": [ 0, 0 ] } },
									{ "@elytra_gameplay.slot_item": { "$index": 1, "offset": [ 18, 0 ] } },
									{ "@elytra_gameplay.slot_item": { "$index": 2, "offset": [ 0, 18 ] } },
									{ "@elytra_gameplay.slot_item": { "$index": 3, "offset": [ 18, 18 ] } }
								] }
						}, {	"image_arrow@elytra_paddings.padding_panel": {
								"size": [ "fill", "100%sm" ],
								"controls": [
									{	"icon": {
											"type": "image",
											"texture": "Elytra_UI/textures/arrow_craft",

											"size": [ 20, 20 ],
											"offset": [ 0, 0 ],
											"anchor_from": "center",
											"anchor_to": "center",

											"layer": 1 }
									}
								] }
						}, {	"crafting_output_items": {
								"type": "grid",
								"size": [ "100%c", "100%c" ],
								"grid_dimensions": [ 1, 1 ],
								"grid_item_template": "elytra_gameplay.slot_item",
								"$item_collection_name": "crafting_output_items",
								"collection_name": "$item_collection_name",

								"$item_renderer": "crafting_output_item_renderer@elytra_gameplay.item_renderer",

								"$use_custom_button_mappings": true,
								"$custom_button_mappings": [
									{	"from_button_id": "button.menu_select",
										"to_button_id": "button.crafting_output_primary",
										"mapping_type": "pressed",
										"consume_event": false },
									{	"from_button_id": "button.menu_ok",
										"to_button_id": "button.crafting_output_primary",
										"mapping_type": "pressed",
										"consume_event": false },
									{	"from_button_id": "button.controller_back",
										"to_button_id": "button.crafting_output_primary",
										"mapping_type": "pressed",
										"ignored": "(not $is_ps4)",
										"consume_event": false },
									{	"from_button_id": "button.menu_secondary_select",
										"to_button_id": "button.crafting_output_secondary",
										"mapping_type": "pressed",
										"consume_event": false },
									{	"from_button_id": "button.controller_select",
										"to_button_id": "button.crafting_output_secondary",
										"mapping_type": "pressed",
										"consume_event": false },
									{	"from_button_id": "button.menu_auto_place",
										"to_button_id": "button.crafting_output_tertiary",
										"mapping_type": "pressed",
										"consume_event": false },
									{	"from_button_id": "button.controller_secondary_select",
										"to_button_id": "button.crafting_output_tertiary",
										"mapping_type": "pressed",
										"consume_event": false },
									{	"from_button_id": "button.menu_inventory_drop",
										"to_button_id": "button.drop_one",
										"mapping_type": "pressed",
										"consume_event": false },
									{	"from_button_id": "button.menu_inventory_drop_all",
										"to_button_id": "button.drop_all",
										"mapping_type": "pressed",
										"consume_event": false },
									{	"to_button_id": "button.container_slot_hovered",
										"mapping_type": "pressed",
										"consume_event": false }
								] }
						}, {	"padding_right@elytra_paddings.padding_panel": {
								"size": [ "fill", "100%sm" ] }
						}
					] }
			}
		] },

	"crafting_layout@elytra_variables.global": {
		"type": "panel",

		"anims": [
			"@elytra_animations.inventory_exit_animation_push_offset",
			"@elytra_animations.inventory_exit_animation_pop_offset",
			"@elytra_animations.inventory_entrance_animation_push_offset",
			"@elytra_animations.inventory_entrance_animation_pop_offset",

			"@elytra_animations.inventory_exit_animation_push_alpha",
			"@elytra_animations.inventory_exit_animation_pop_alpha",
			"@elytra_animations.inventory_entrance_animation_push_alpha",
			"@elytra_animations.inventory_entrance_animation_pop_alpha" ],
		"animation_reset_name": "screen_animation_reset",
		"propagate_alpha": true,
		"disable_anim_fast_forward": true,

		"$use_custom_button_mappings": false,
		"$custom_default_button_mappings": [
			{	"from_button_id": "button.menu_select",
				"to_button_id": "button.container_take_all_place_all",
				"mapping_type": "pressed",
				"consume_event": false },
			{	"from_button_id": "button.menu_ok",
				"to_button_id": "button.container_take_all_place_all",
				"mapping_type": "pressed",
				"consume_event": false },
			{	"from_button_id": "button.controller_back",
				"to_button_id": "button.container_take_all_place_all",
				"mapping_type": "pressed",
				"ignored": "(not $is_ps4)",
				"consume_event": false },
			{	"from_button_id": "button.menu_secondary_select",
				"to_button_id": "button.container_take_half_place_one",
				"mapping_type": "pressed",
				"consume_event": false },
			{	"from_button_id": "button.controller_select",
				"to_button_id": "button.container_take_half_place_one",
				"mapping_type": "pressed",
				"consume_event": false },
			{	"from_button_id": "button.menu_auto_place",
				"to_button_id": "button.container_auto_place",
				"mapping_type": "pressed",
				"consume_event": false },
			{	"from_button_id": "button.controller_secondary_select",
				"to_button_id": "button.container_auto_place",
				"mapping_type": "pressed",
				"consume_event": false },
			{	"from_button_id": "button.menu_inventory_drop",
				"to_button_id": "button.drop_one",
				"mapping_type": "pressed",
				"consume_event": false },
			{	"from_button_id": "button.menu_inventory_drop_all",
				"to_button_id": "button.drop_all",
				"mapping_type": "pressed",
				"consume_event": false },
			{	"from_button_id": "button.menu_select",
				"to_button_id": "button.coalesce_stack",
				"mapping_type": "double_pressed" },
			{	"from_button_id": "button.menu_ok",
				"to_button_id": "button.coalesce_stack",
				"mapping_type": "double_pressed" },
			{	"to_button_id": "button.shape_drawing",
				"mapping_type": "pressed",
				"consume_event": false },
			{	"to_button_id": "button.container_slot_hovered",
				"mapping_type": "pressed",
				"consume_event": false }
		],

		"controls": [
			{ "flying_item_renderer@elytra_gameplay.flying_item_renderer": { } },
			{ "flying_item_mouse@elytra_gameplay.flying_item_mouse": { } },
			{	"gameplay_layout@elytra_gameplay.gameplay_layout": {
					"$gameplay_main_control": "@elytra_screen_gameplay_crafting.crafting_panel",
					"$screen_icon": "UITextureBase/item/crafting",
					"$title_text": "container.crafting",
					"ignored": "(not $using_jei_right_recipe)" }
			}, {	"crafting_recipe@elytra_common.scroll_view": {
					"$scroll_content": "@elytra_screen_gameplay_crafting.recipe_grid",

					"size": [ "50% - 105px", "100%" ],
					"anchor_from": "top_right",
					"anchor_to": "top_right",
					"ignored": "(not $using_jei_right_recipe)" }
			}, {	"gameplay_layout_vanilla@elytra_gameplay.gameplay_layout": {
					"$gameplay_main_control": "@elytra_screen_gameplay_crafting.crafting_panel",
					"$screen_icon": "UITextureBase/item/crafting",
					"$title_text": "container.crafting",
					"ignored": "$using_jei_right_recipe",
					"anchor_from": "center",
					"anchor_to": "center",
					"offset": [ 83, 0 ] }
			}, {	"crafting_recipe_vanilla@elytra_common.scroll_view": {
					"$scroll_content": "@elytra_screen_gameplay_crafting.recipe_grid",

					"size": [ 162, 120 ],
					"ignored": "$using_jei_right_recipe",
					"anchor_from": "center",
					"anchor_to": "center",
					"offset": [ -83, 0 ] }
			}
		] }
}