{	"namespace": "elytra_screen_gameplay_stonecutter",

	"_info_1": "QQ: Bugjump (3071882091)",
	"_info_2": "Bilibili: Minecraft君9a7z (1345634151)",

	"_info_3": "未经允许，禁止使用任何此资源包的代码（可参考，但禁止复制）",
	"_info_4": "原作者保留任何权益",

	"stones_grid": {
		"type": "grid",

		"grid_item_template": "elytra_gameplay.slot_item",
		"$item_collection_name": "stones",
		"collection_name": "$item_collection_name",
		"grid_rescaling_type": "horizontal",
		"maximum_grid_items": "#maximum_grid_items",

		"size": [ "100%", "default" ],
		"offset": [ 0, 0 ],
		"anchor_from": "top_left",
		"anchor_to": "top_left",

		"$item_renderer": "stonecutter_recipe_item_renderer@elytra_gameplay.item_renderer",

		"$slot_selected_bindings": [
			{	"binding_type": "view",
				"source_control_name": "stonecutter_recipe_item_renderer",
				"source_property_name": "#item_id_aux",
				"target_property_name": "#current_item_id_aux",
				"resolve_sibling_scope": true },
			{	"binding_type": "view",
				"source_control_name": "stonecutter_result_item_renderer",
				"source_property_name": "#item_id_aux",
				"target_property_name": "#output_item_id_aux" },
			{	"binding_type": "view",
				"source_property_name": "(#current_item_id_aux = #output_item_id_aux)",
				"target_property_name": "#visible" }
		],

		"$use_custom_button_mappings": true,
		"$custom_button_mappings": [
			{	"from_button_id": "button.menu_select",
				"to_button_id": "button.stone_select",
				"mapping_type": "pressed",
				"consume_event": false },
			{	"from_button_id": "button.menu_ok",
				"to_button_id": "button.stone_select",
				"mapping_type": "pressed",
				"consume_event": false },
			{	"from_button_id": "button.controller_back",
				"to_button_id": "button.stone_select",
				"mapping_type": "pressed",
				"ignored": "(not $is_ps4)",
				"consume_event": false },
			{	"from_button_id": "button.menu_secondary_select",
				"to_button_id": "button.stone_select",
				"mapping_type": "pressed",
				"consume_event": false },
			{	"from_button_id": "button.controller_select",
				"to_button_id": "button.stone_select",
				"mapping_type": "pressed",
				"consume_event": false },
			{	"from_button_id": "button.menu_auto_place",
				"to_button_id": "button.stone_select",
				"mapping_type": "pressed",
				"consume_event": false },
			{	"from_button_id": "button.controller_secondary_select",
				"to_button_id": "button.stone_select",
				"mapping_type": "pressed",
				"consume_event": false },
			{	"from_button_id": "button.menu_inventory_drop",
				"to_button_id": "button.stone_select",
				"mapping_type": "pressed",
				"consume_event": false },
			{	"from_button_id": "button.menu_inventory_drop_all",
				"to_button_id": "button.stone_select",
				"mapping_type": "pressed",
				"consume_event": false },
			{	"to_button_id": "button.container_slot_hovered",
				"mapping_type": "pressed",
				"consume_event": false }
		],
		"bindings": [
			{	"binding_name": "#stone_selector_total_items",
				"binding_name_override": "#maximum_grid_items",
				"binding_condition": "always",
				"binding_type": "collection",
				"binding_collection_name": "$item_collection_name" }
		] },

	"stonecutter_panel": {
		"type": "stack_panel",
		"orientation": "vertical",

		"size": [ "100%sm", "100%c" ],

		"$has_index_grid": true,

		"controls": [
			{	"items_panel": {
					"type": "stack_panel",
					"orientation": "horizontal",

					"size": [ "100%", "100%cm" ],

					"controls": [
						{	"padding_left@elytra_paddings.padding_panel": {
								"size": [ "fill", "100%sm" ] }
						}, {	"stonecutter_input_items": {
								"type": "grid",
								"size": [ "100%c", "100%c" ],
								"grid_dimensions": [ 1, 1 ],
								"grid_item_template": "elytra_gameplay.slot_item",
								"$item_collection_name": "stonecutter_input_items",
								"collection_name": "$item_collection_name" }
						}, {	"image_arrow@elytra_paddings.padding_panel": {
								"size": [ "fill", "100%sm" ],
								"controls": [
									{	"icon": {
											"type": "image",
											"texture": "Elytra_UI/textures/arrow_craft",

											"size": [ 20, 20 ],
											"offset": [ 0, 0 ],
											"anchor_from": "center",
											"anchor_to": "center",

											"layer": 1 }
									}
								] }
						}, {	"stonecutter_result_items": {
								"type": "grid",
								"size": [ "100%c", "100%c" ],
								"grid_dimensions": [ 1, 1 ],
								"grid_item_template": "elytra_gameplay.slot_item",
								"$item_collection_name": "stonecutter_result_items",
								"collection_name": "$item_collection_name",

								"$item_renderer": "stonecutter_result_item_renderer@elytra_gameplay.item_renderer",

								"$use_custom_button_mappings": true,
								"$custom_button_mappings": [
									{	"from_button_id": "button.menu_select",
										"to_button_id": "button.stonecutter_result_take_all_place_all",
										"mapping_type": "pressed",
										"consume_event": false },
									{	"from_button_id": "button.menu_ok",
										"to_button_id": "button.stonecutter_result_take_all_place_all",
										"mapping_type": "pressed",
										"consume_event": false },
									{	"from_button_id": "button.controller_back",
										"to_button_id": "button.stonecutter_result_take_all_place_all",
										"mapping_type": "pressed",
										"ignored": "(not $is_ps4)",
										"consume_event": false },
									{	"from_button_id": "button.menu_secondary_select",
										"to_button_id": "button.stonecutter_result_take_half_place_one",
										"mapping_type": "pressed",
										"consume_event": false },
									{	"from_button_id": "button.controller_select",
										"to_button_id": "button.stonecutter_result_take_half_place_one",
										"mapping_type": "pressed",
										"consume_event": false },
									{	"from_button_id": "button.menu_auto_place",
										"to_button_id": "button.container_auto_place",
										"mapping_type": "pressed",
										"consume_event": false },
									{	"from_button_id": "button.controller_secondary_select",
										"to_button_id": "button.container_auto_place",
										"mapping_type": "pressed",
										"consume_event": false },
									{	"from_button_id": "button.menu_inventory_drop",
										"to_button_id": "button.drop_one",
										"mapping_type": "pressed",
										"consume_event": false },
									{	"from_button_id": "button.menu_inventory_drop_all",
										"to_button_id": "button.drop_all",
										"mapping_type": "pressed",
										"consume_event": false },
									{	"to_button_id": "button.container_slot_hovered",
										"mapping_type": "pressed",
										"consume_event": false }
								] }
						}, {	"padding_right@elytra_paddings.padding_panel": {
								"size": [ "fill", "100%sm" ] }
						}
					] }
			}
		] },

	"stonecutter_layout@elytra_variables.global": {
		"type": "panel",

		"anims": [
			"@elytra_animations.inventory_exit_animation_push_offset",
			"@elytra_animations.inventory_exit_animation_pop_offset",
			"@elytra_animations.inventory_entrance_animation_push_offset",
			"@elytra_animations.inventory_entrance_animation_pop_offset",

			"@elytra_animations.inventory_exit_animation_push_alpha",
			"@elytra_animations.inventory_exit_animation_pop_alpha",
			"@elytra_animations.inventory_entrance_animation_push_alpha",
			"@elytra_animations.inventory_entrance_animation_pop_alpha" ],
		"animation_reset_name": "screen_animation_reset",
		"propagate_alpha": true,
		"disable_anim_fast_forward": true,

		"controls": [
			{ "flying_item_renderer@elytra_gameplay.flying_item_renderer": { } },
			{ "flying_item_mouse@elytra_gameplay.flying_item_mouse": { } },
			{	"gameplay_layout@elytra_gameplay.gameplay_layout": {
					"$gameplay_main_control": "@elytra_screen_gameplay_stonecutter.stonecutter_panel",
					"$screen_icon": "UITextureBase/item/stonecutter",
					"$title_text": "container.stonecutter",
					"ignored": "(not $using_jei_right_recipe)" }
			}, {	"stonecutter_recipe@elytra_common.scroll_view": {
					"$scroll_content": "@elytra_screen_gameplay_stonecutter.stones_grid",

					"size": [ "50% - 105px", "100%" ],
					"anchor_from": "top_right",
					"anchor_to": "top_right",
					"ignored": "(not $using_jei_right_recipe)" }
			}, {	"gameplay_layout_vanilla@elytra_gameplay.gameplay_layout": {
					"$gameplay_main_control": "@elytra_screen_gameplay_stonecutter.stonecutter_panel",
					"$screen_icon": "UITextureBase/item/stonecutter",
					"$title_text": "container.stonecutter",
					"ignored": "$using_jei_right_recipe",
					"anchor_from": "center",
					"anchor_to": "center",
					"offset": [ 83, 0 ] }
			}, {	"stonecutter_recipe_vanilla@elytra_common.scroll_view": {
					"$scroll_content": "@elytra_screen_gameplay_stonecutter.stones_grid",

					"size": [ 162, 120 ],
					"ignored": "$using_jei_right_recipe",
					"anchor_from": "center",
					"anchor_to": "center",
					"offset": [ -83, 0 ] }
			}
		] }
}