{	"namespace": "general_section",

	"_info_1": "QQ: Bugjump (3071882091)",
	"_info_2": "Bilibili: Minecraft君9a7z (1345634151)",

	"_info_3": "未经允许，禁止使用任何此资源包的代码（可参考，但禁止复制）",
	"_info_4": "原作者保留任何权益",

	"how_to_play_button": {
		"visible": "$is_debug_ui",
		"$button_text": "Elytra UI 开发文档" },

	"how_to_play_section": {
		"controls": [
			{ "home_tab@elytra_screen_docs_sections.home_tab": { "$ui_font_type": "smooth", "bindings": [ ] } }
		] },

	"storage_management_button": {
		"$button_content_size": [ "100%", "100%" ],

		"$item_texture": "elytra_common/settings/g_storage" },

	"accessibility_button": {
		"$item_texture": "elytra_common/settings/g_accessibility" },

	"account_button": {
		"$item_texture": "elytra_common/settings/g_account" },

	"sound_button": {
		"$item_texture": "elytra_common/settings/g_sound" },

	"video_button": {
		"$item_texture": "elytra_common/settings/g_video" }// ,
/*
	"debug_section/option_dropdown_actor_movement": {
		"$options_dropdown_toggle_label_binding": "Normal Movement" },
/*
  "dev_actor_movement_dropdown_content": {
    "$radio_buttons": [
      {
        "@settings_common.radio_with_label": {
          "$toggle_name": "dev_actor_movement",
          "$radio_toggle_group": true,
          "$toggle_group_forced_index": 0,
          "$radio_label_text": "Normal Movement"
        }
      },
      {
        "@settings_common.radio_with_label": {
          "$toggle_name": "dev_actor_movement",
          "$radio_toggle_group": true,
          "$toggle_group_forced_index": 1,
          "$radio_label_text": "Client Authoritative"
        }
      },
      {
        "@settings_common.radio_with_label": {
          "$toggle_name": "dev_actor_movement",
          "$radio_toggle_group": true,
          "$toggle_group_forced_index": 2,
          "$radio_label_text": "Server Authoritative with Anti Cheat"
        }
      }
    ]
  },
*//*
	"video_section/ui_profile_dropdown": {
		"$control_name": "dropdown_stack_panel",
		"$main_stack": [
			{	"@dropdown_content_item": {
					"$toggle_name": "#ui_profile_radio_classic",
					"$button_text": "options.uiprofile.classic" }
			}, { "@dropdown_content_padding": { }
			}, {	"@dropdown_content_item": {
					"$toggle_name": "#ui_profile_radio_pocket",
					"$button_text": "options.uiprofile.pocket" }
			}
		] }*/,

	"video_section": {
		"modifications": [
			{	"array_name": "controls",
				"operation": "insert_front",
				"value": [
					{	"max_framerate_slider_2@settings_common.option_slider": {
							"$option_label": "#max_framerate_slider_label",
							"$slider_name": "max_framerate",
							"$slider_value_binding_name": "#max_framerate",
							"$slider_tts_text_value": "#max_framerate_text_value",
							"$option_enabled_binding_name": "#max_framerate_enabled",
							"$slider_steps_binding_name": "#max_framerate_steps",
							"$label_bindings": [
								{ "binding_name": "$option_label" }
							] }
					}, {	"vsync_dropdown@settings_common.option_dropdown": {
							"$dropdown_content": "general_section.vysnc_dropdown_content",
							"$dropdown_area": "content_area",
							"$dropdown_name": "vsync_dropdown",
							"$option_label": "options.vsync",
							"$options_dropdown_toggle_label_binding": "#vsync_dropdown_toggle_label",
							"$option_enabled_binding_name": "#vsync_dropdown_enabled",
							"$dropdown_scroll_content_size": [ "100%", "200%" ] }
					}
				] },
			{	"array_name": "controls",
				"operation": "insert_back",
				"value": [
					{	"render_dragon_toggle@settings_common.option_toggle": {
							"$option_label": "启用渲染龙(重启游戏生效)",
							"enabled": false,
							"$option_binding_name": "#render_dragon_toggle",
							"$option_enabled_binding_name": "#render_dragon_toggle_enabled",
							"$toggle_name": "render_dragon_toggle",
							"$toggle_state_binding_name": "render_dragon_toggle",
							"$toggle_default_state": true }
					}
				] }
		] }
}