{	"namespace": "settings_common",

	"_info_1": "QQ: Bugjump (3071882091)",
	"_info_2": "Bilibili: Minecraft君9a7z (1345634151)",

	"_info_3": "未经允许，禁止使用任何此资源包的代码（可参考，但禁止复制）",
	"_info_4": "原作者保留任何权益",
/*
	"radio_with_label": {
		"$radio_with_label_core_control|default": "settings_common.radio_with_label_core",
		"controls": [
			{ "$toggle_name@$radio_with_label_core_control": {} }
		] },
*/


	"options_search_text_edit@common.text_edit_box": {
		"$text_edit_text_control": "options_search_text_edit_text_control",
		"$place_holder_text": "settings.searchTextBox.placeHolderText",
		"enabled": false,
		"$text_clear_button_enabled": false,
		"$magnifying_glass_enabled": false,
		"size": [ 120, 16 ],
		"offset": [ -4, 4 ],
		"anchor_from": "top_right",
		"anchor_to": "top_right",
		"layer": 2 },

	"options_search_text_edit_panel": {
		"type": "panel",
		"size": [ "fill", "100%" ],
		"controls": [
			{ "options_search_text_edit@settings_common.options_search_text_edit": { } }
		] },

	"option_text_edit_control_with_button/text_box": {
		"size": [ "fill", "100%" ] },

	"option_text_edit_control_with_button/button": {
		"size": [ 80, "100%" ] },

	"option_text_edit_control_with_button": {
		"modifications": [
			{	"array_name": "controls",
				"control_name": "button",
				"operation": "insert_before",
				"value": [
					{	"padding": {
							"type": "panel",
							"size": [ 1, 0 ] }
					}
				] }
		] },

	"hover_border": {
		"type": "image",
		"texture": "textures/ui/focus_border_white",
		"layer": 15 },

	"option_generic": {
		"size": [ "100%", "100%c" ],

		"$show_accent_background|default": false,
		"$option_label_color|default": "$title_text_color",

		"button_mappings": [
			{	"from_button_id": "button.menu_select",
				"to_button_id": "button.menu_select",
				"mapping_type": "pressed" }
		],
		"$enabled_search|default": false,
					"bindings" :[
    {"ignored":"(not $enabled_search)",
					"binding_type": "view",
					"source_control_name": "options_search_text_edit_text_control",
					"source_property_name": "#item_name",
					"target_property_name": "#search_text"
      },{"ignored":"(not $enabled_search)",
					"binding_type": "view",
					"source_property_name": "(not (($option_label - #search_text) = $option_label))",
					"target_property_name": "#visible"}],
		"modifications": [
			{	"array_name": "controls",
				"operation": "insert_front",
				"value": [/*
					{	"item_background": {
							"ignored": "($show_accent_background or $no_fading)",
							"visible": false,
							"type": "image",
							"texture": "textures/ui/white_background",
							"color": "$surface_color",
							"alpha": 0.25,
							"allow_debug_missing_texture": false,
							"fill": true,
							"size": [ "100%", "100%sm - 4px" ],
							"anchor_from": "top_left",
							"anchor_to": "top_left",
							"layer": -1 }
					},*/
					{	"accent_background": {
							"ignored": "(not $show_accent_background)",
							"type": "image",
							"texture": "textures/ui/white_background",
							"color": "$accent_color",
							"allow_debug_missing_texture": false,
							"fill": true,
							"size": [ "100%", "100%sm - 4px" ],
							"anchor_from": "top_left",
							"anchor_to": "top_left",
							"layer": -1 }
					}
				] }
		] },

	"option_toggle_control": {
		"consume_hover_events": false,
		"controls": [
			{ "unchecked@$unchecked_control": { } },
			{ "checked@$checked_control": { } },
			{ "unchecked_hover@$unchecked_hover_control": { } },
			{ "checked_hover@$checked_hover_control": { } },
			{ "unchecked_locked@$unchecked_locked_control": { } },
			{ "checked_locked@$checked_locked_control": { } },
			{ "unchecked_locked_hover@$unchecked_locked_hover_control": { } },
			{ "checked_locked_hover@$checked_locked_hover_control": { } }
		] },

	"option_toggle_on": {
		"$checked_color|default": "$accent_color",
		"controls": [
			{	"accent": {
					"ignored": "$showing_sidebar_background",
					"type": "image",
					"texture": "textures/ui/white_background",
					"color": "$checked_color",
					"allow_debug_missing_texture": false,
					"fill": true,
					"size": [ 10, 2 ],
					"anchor_from": "top_right",
					"anchor_to": "top_right",
					"layer": 1 }
			}
		] },

	"option_toggle_on_hover": {
		"$checked_color|default": "$accent_color",
		"controls": [
			{	"accent": {
					"ignored": "$showing_sidebar_background",
					"type": "image",
					"texture": "textures/ui/white_background",
					"color": "$checked_color",
					"allow_debug_missing_texture": false,
					"fill": true,
					"size": [ 10, 2 ],
					"anchor_from": "top_right",
					"anchor_to": "top_right",
					"layer": 1 }
			}
		] },

  "option_toggle_on_locked": {
    "texture": "textures/ui/toggle_on_locked",
    "alpha": 1.0,
		"controls": [
			{	"accent": {
					"ignored": "$showing_sidebar_background",
					"type": "image",
					"texture": "textures/ui/white_background",
					"color": "$accent_color",
					"allow_debug_missing_texture": false,
					"fill": true,
					"alpha": 0.5,
					"size": [ 10, 2 ],
					"anchor_from": "top_right",
					"anchor_to": "top_right",
					"layer": 1 }
			}
		]
  },

  "option_toggle_off_locked": {
    "texture": "textures/ui/toggle_off_locked",
    "alpha": 1.0
  },

  "option_slider_control": {
    "type": "panel",
    "size": [ "100% - 2px", 16 ],
    "controls": [
      {
        "$slider_control_name@common.slider": {
					"consume_hover_events": false,
          "size": [ "100%-8px", 10 ],
          "$slider_box_size": [ 10, 16 ],
          "offset": [ 1, 0 ],

          "$option_label|default": "",

          "$slider_tts_header": "$option_label",
          "$slider_tts_header_binding_type": "global",

          "enabled": "$enabled",
          "$slider_enabled_binding_name": "$option_enabled_binding_name",
          "$slider_enabled_binding_type": "global",
          "variables": [
            {
              "requires": "(not $option_enabled_binding_name or not $enabled)",
              "$slider_enabled_binding_name": "#not_data_bound",
              "$slider_enabled_binding_type": "none"
            }
          ]
        }
      }
    ]
  },

	"header_stack": {
		"type": "stack_panel",
		"orientation": "horizontal",
		"size": [ "100% - 34px", 10 ],
		"offset": [ 7, 9 ],
		"anchor_from": "top_left",
		"anchor_to": "top_left",
		"layer": 10,
		"controls": [
			{	"dialog_title_label": {
					"type": "label",
					"text": "#dialog_title",
					"color": "$title_text_color",
					"bindings": [
						{ "binding_name": "#dialog_title" }
					] }
			}, {	"divider_label": {
					"type": "label",
					"text": "/",
					"color": "$title_text_color" }
			}, {	"section_title_label": {
					"type": "label",
					"text": "#section_title",
					"color": "$title_text_color",
					"bindings": [
						{ "binding_name": "#section_title" }
					] }
			}
		] },

  "dynamic_dialog_screen": {
    "$screen_content": "settings_common.settings_content_with_uiwizard",
    "$header_safezone_control": "common.empty_panel",
    "$header_bar_control": "common.empty_panel",
    "$is_full_screen_layout": false,
		// "force_render_below": false,
		"$screen_bg_content": "common.background_image",
		"$render_bg": false,
		"$screen_animations": [ ]
  },

	"option_text_edit_control": { "$option_text_edit_control_size|default": [ "100%", 24 ] },
	"option_text_edit_control_with_button": { "size": [ "100%", 24 ] },
	"option_text_edit_control_with_text_button": { "$option_text_edit_control_with_button_size|default": [ "100%", 24 ] },

	"settings_content_v2": {
		"type": "panel",
		"layer": 20,
		"controls": [
			{ "settings_content@settings_content": { } },
			{	"start_sidebar_blur": {
					"ignored": "(not $is_pregame)",
					"type": "image",
					"texture": "elytra_common/start/sidebar_blur",
					"size": [ 40, 192 ],
					"anchor_from": "top_left",
					"anchor_to": "top_left",
					"anims": "$background_animations",
					"animation_reset_name": "screen_animation_reset",
					"disable_anim_fast_forward": true,
					"layer": -1 }
			}, {	"generic_sidebar_blur": {
					"ignored": "(not $is_pregame)",
					"type": "image",
					"texture": "elytra_common/sidebar_blur_fill",
					"keep_ratio": false,
					"size": [ 40, "100% - 192px" ],
					"anchor_from": "bottom_left",
					"anchor_to": "bottom_left",
					"anims": "$background_animations",
					"animation_reset_name": "screen_animation_reset",
					"disable_anim_fast_forward": true,
					"layer": -1 }
			}, {	"start_text_panel_images": {
					"ignored": "(not $is_pregame)",
					"type": "stack_panel",
					"orientation": "horizontal",
					"size": [ "100%", 21 ],
					"anchor_from": "bottom_left",
					"anchor_to": "bottom_left",
					"anims": "$background_animations",
					"animation_reset_name": "screen_animation_reset",
					"disable_anim_fast_forward": true,
					"propagate_alpha": true,
					"layer": -2,
					"controls": [
						{	"left_margin": {
								"type": "image",
								"texture": "elytra_common/start/start_label_fill_blur",
								"size": [ 31, 21 ],
								"keep_ratio": false }
						}, {	"left_text": {
								"type": "image",
								"texture": "elytra_common/start/start_label_left_blur",
								"size": [ 128, 21 ],
								"keep_ratio": false }
						}, {	"middle_fill": {
								"type": "image",
								"texture": "elytra_common/start/start_label_fill_blur",
								"size": [ "fill", 21 ],
								"keep_ratio": false }
						}, {	"right_text": {
								"type": "image",
								"texture": "elytra_common/start/start_label_right_blur",
								"size": [ 80, 21 ],
								"keep_ratio": false }
						}
					] }
			}
		] },

	"selector_panel_exit_animation_base": {
		"anim_type": "offset",
		"easing": "out_cubic",
		"duration": 0.5,
		"from": [ 0, 0 ],
		"to": [ -150, 0 ],
		"end_event": "screen.exit_end" },

	"selector_panel_exit_animation_push@settings_common.selector_panel_exit_animation_base": {
		"play_event": "screen.exit_push" },

	"selector_panel_exit_animation_pop@settings_common.selector_panel_exit_animation_base": {
		"play_event": "screen.exit_pop" },

	"selector_panel_entrance_animation_base": {
		"anim_type": "offset",
		"easing": "out_cubic",
		"duration": 0.5,
		"from": [ -150, 0 ],
		"to": [ 0, 0 ],
		"end_event": "screen.entrance_end" },

	"selector_panel_entrance_animation_push@settings_common.selector_panel_entrance_animation_base": {
		"play_event": "screen.entrance_push" },

	"selector_panel_entrance_animation_pop@settings_common.selector_panel_entrance_animation_base": {
		"play_event": "screen.entrance_pop" },

	"content_panel_exit_animation_base": {
		"anim_type": "offset",
		"easing": "out_cubic",
		"duration": 0.5,
		"from": [ 0, 0 ],
		"to": [ 0, "100%" ],
		"end_event": "screen.exit_end" },

	"content_panel_exit_animation_push@settings_common.content_panel_exit_animation_base": {
		"play_event": "screen.exit_push" },

	"content_panel_exit_animation_pop@settings_common.content_panel_exit_animation_base": {
		"play_event": "screen.exit_pop" },

	"content_panel_entrance_animation_base": {
		"anim_type": "offset",
		"easing": "out_cubic",
		"duration": 0.5,
		"from": [ 0, "100%" ],
		"to": [ 0, 0 ],
		"end_event": "screen.entrance_end" },

	"content_panel_entrance_animation_push@settings_common.content_panel_entrance_animation_base": {
		"play_event": "screen.entrance_push" },

	"content_panel_entrance_animation_pop@settings_common.content_panel_entrance_animation_base": {
		"play_event": "screen.entrance_pop" },

	"settings_content_with_uiwizard": {
		"type": "panel",
		"controls": [
			{	"alwaysseltoggle@common_toggles.light_template_toggle": {
					"$toggle_default_state": true,
					"visible": false }
			},
			{	"settings_preload_panel": {
					"type": "collection_panel",
					"factory": {
						"name": "settings_factory",
						"control_name": "settings_common.settings_content",
						"max_children_size": 1 },
					"bindings": [
						{	"binding_type": "view",
							"source_control_name": "alwaysseltoggle",
							"source_property_name": "(1 * #toggle_state)",
							"target_property_name": "#collection_length" }
					] }
			},
			{	"wizard": {
					"ignored": "(not $pocket_screen)",
					"type": "panel",
					"controls": [
						{	"header@common.navigation_topbar_layout": {
								"$button_text": "UI Wizard" }
						}, {	"dropdown_panel": {
								"type": "panel",
								"controls": [
									{	"dropdown_content_item@settings_common.dropdown_content_item": {
											"size": [ 240, 24 ],
											"$toggle_name": "#ui_profile_radio_classic",
											"$button_text": "options.uiprofile.classic" }
									}
								] }
						}
					] }
			}
		] },

  "settings_content": {
		"ignored": "$pocket_screen",
    "type": "panel",
		"clips_children": true,/*
		"anims": [
			"@common.panel_exit_animation_v2_push",
			"@common.panel_exit_animation_v2_pop",
			"@common.panel_entrance_animation_v2_push",
			"@common.panel_entrance_animation_v2_pop" ],
		"animation_reset_name": "screen_animation_reset",
		"disable_anim_fast_forward": true,*/
    "controls": [/*
			{	"refresh_view@yao_startup.startup_view": {
					"offset": [ "100%", 0 ],
					"modal": false,
					"anims": [
						"@yao_startup.destroy_animation2" ] }
			}, {	"button@common_buttons.light_text_button": {
					"size": [ "100%", 30 ],
					"offset": [ 0, 0 ],
					"$pressed_button_name": "button.onrefresh",
					"anchor_from": "top_left",
					"anchor_to": "top_left" }
			},*/
      // Adding fill background color for all settings._
/*      {
        "background": {
          "$layer|default": -1,
          "variables": [
            {
              "requires": "($is_realm_slot or $realm_no_world_edit)",
              "$layer": -2
            }
          ],
          "type": "image",
          "texture": "textures/ui/white_background",
          "keep_ratio": false,
          "size": [ "100%", "100%" ],
          "color": [ 0.0, 0.0, 0.0 ],
          "offset": [ 0, 0 ],
          "layer": "$layer",
          "anchor_from": "top_left",
          "anchor_to": "top_left"
        }
      },*/
//{ "modal_panel@yao_debug.modal_panel": { } },

					{	"generic_container": {
							"type": "panel",/*
							"anims": [
								"@common.panel_exit_animation_v2_container_push",
								"@common.panel_exit_animation_v2_container_pop",
								"@common.panel_entrance_animation_v2_container_push",
								"@common.panel_entrance_animation_v2_container_pop" ],
							"animation_reset_name": "screen_animation_reset",
							"disable_anim_fast_forward": true,*/
							"clips_children": true,
							"controls": [/*
			{	"blur_container": {
					"ignored": "(not ($ui_style = 'dialog') or $_is_watch)",
					"type": "panel",
					"size": [ "100%", "100%" ],
					"offset": [ "50% - 160px", "10%" ],
					"anchor_from": "top_left",
					"anchor_to": "top_left",
					"layer": 50,
		"anims": [
			"@common.panel_exit_animation_v2_blur_push",
			"@common.panel_exit_animation_v2_blur_pop",
			"@common.panel_entrance_animation_v2_blur_push",
			"@common.panel_entrance_animation_v2_blur_pop" ],
		"animation_reset_name": "screen_animation_reset",
		"disable_anim_fast_forward": true,
					"clips_children": true,
					"controls": [
						{	"container": {
								"type": "panel",
								"size": [ "100%", "100%" ],
								"offset": [ "-100% + 320px", "-20%" ],
								"anchor_from": "top_left",
								"anchor_to": "top_left",
								"clips_children": true,
								"controls": [
									{	"background_image_blur@common.background_image_blur": {
											"size": [ "100%", "100%" ],
											"offset": [ "50% - 160px", "10%" ],
											"anchor_from": "top_left",
											"anchor_to": "top_left" }
									}
								] }
						}
					] }
			},*/
			{	"storage_section_sub_screen_background@common.background_image": {
					"ignored": "(not $include_controls_and_settings_sections)",
					"layer": 168,

					"bindings": [
						{
							"binding_type": "view",
							"source_control_name": "storage_management_button_toggle",
							"source_property_name": "#toggle_state",
							"target_property_name": "#visible"
						}
					] }
			},{	"storage_section_sub_screen": {
					"ignored": "(not $include_controls_and_settings_sections)",
					"type": "input_panel",

					"size": [ "100%", "100% - 23px" ],
					"offset": [ 0, 23 ],
					"anchor_from": "top_left",
					"anchor_to": "top_left",

					"layer": 170,

					"controls": [
						{	"storage_section@storage_management.storage_main_panel": {
								"size": [ "100%", "100%" ] }
						}
					],
					"bindings": [
						{
							"binding_type": "view",
							"source_control_name": "storage_management_button_toggle",
							"source_property_name": "#toggle_state",
							"target_property_name": "#visible"
						}
					] }
			},
			{	"view@common.navigation_topbar_layout": {
					"ignored": "(not ($ui_style = 'full'))",

					"$show_menu_button": true,

					// "$child_control": "common.sidebar_view",
					"$main_control": "@common.empty_panel",
								"$screen_main_panel_ref": "@conmon.empty_panel",
								"$disabled_sidebar": true,
								"$default_sidebar_content": "conmon.empty_panel",
								"$verbose_sidebar_content": "conmon.empty_panel",/*
		"anims": [
			"@common.panel_exit_animation_v2_push",
			"@common.panel_exit_animation_v2_pop",
			"@common.panel_entrance_animation_v2_push",
			"@common.panel_entrance_animation_v2_pop" ],
					"animation_reset_name": "screen_animation_reset",*/
					"disable_anim_fast_forward": true,

								"$button_text": "menu.settings",

								"$header_content_panel": "@settings_common.options_search_text_edit_panel",

								"$sidebar_button_pressed_button_name": "button.menu_exit",
								"$sidebar_button_button_text": "button.menu_exit",
					"layer": 80 }
			},
			{	"blur_container_fullscreenheader": {
					"ignored": "(not ($ui_style = 'full'))",
					"type": "panel",
					"size": [ "100%", "100%" ],
					"offset": [ 0, 0 ],
					"anchor_from": "top_left",
					"anchor_to": "top_left",
					"layer": 50,/*
		"anims": [
			"@common.panel_exit_animation_v2_push",
			"@common.panel_exit_animation_v2_pop",
			"@common.panel_entrance_animation_v2_push",
			"@common.panel_entrance_animation_v2_pop" ],
		"animation_reset_name": "screen_animation_reset",
		"disable_anim_fast_forward": true,*/
					"anims": "$background_animations",
					"animation_reset_name": "screen_animation_reset",
					"disable_anim_fast_forward": true,
					"propagate_alpha": true,
					"clips_children": true,
					"controls": [
						{	"container": {
								"type": "panel",
								"size": [ "100%", "100%" ],
								"offset": [ 0, "-100% + 23px" ],
								"anchor_from": "top_left",
								"anchor_to": "top_left",
								"clips_children": true,
								"controls": [
									{	"background_image_blur@common.background_image_blur": {
											"size": [ "100%", "100%" ],
											"offset": [ 0, "100% - 23px" ],
											"anchor_from": "top_left",
											"anchor_to": "top_left" }
									}
								] }
						}
					] }
			},
			{	"blur_container_fullscreenselpane": {
					"ignored": "(not ($ui_style = 'full'))",
					"type": "panel",
					"size": [ "100%", "100%" ],
					"offset": [ 0, 0 ],
					"anchor_from": "top_left",
					"anchor_to": "top_left",
					"layer": 50,/*
		"anims": [
			"@common.panel_exit_animation_v2_push",
			"@common.panel_exit_animation_v2_pop",
			"@common.panel_entrance_animation_v2_push",
			"@common.panel_entrance_animation_v2_pop" ],
		"animation_reset_name": "screen_animation_reset",
		"disable_anim_fast_forward": true,*/
					"anims": "$background_animations",
					"animation_reset_name": "screen_animation_reset",
					"disable_anim_fast_forward": true,
					"propagate_alpha": true,
					"clips_children": true,

					"bindings": [
						{	"binding_type": "view",
							"source_control_name": "dialog_title_menu_button",	
							"source_property_name": "#toggle_state",
							"target_property_name": "#visible" }
					],

					"controls": [
						{	"container": {
								"type": "panel",
								"size": [ "100%", "100%" ],
								"offset": [ "-100% + 150px", 23 ],
								"anchor_from": "top_left",
								"anchor_to": "top_left",
								"clips_children": true,
								"controls": [
									{	"background_image_blur@common.background_image_blur": {
											"size": [ "100%", "100%" ],
											"offset": [ "100% - 150px", -23 ],
											"anchor_from": "top_left",
											"anchor_to": "top_left" }
									}, {	"content_overlay@common.fade_background": {
											"texture": "textures/ui/sidebar_background",
											"size": [ "100%", "100%" ],
											"offset": [ "100% - 150px", -23 ],
											"anchor_from": "top_left",
											"anchor_to": "top_left",
											"alpha": 1.0,
											"layer": -46 }
									}
								] }
						}
					] }
			},
                  {
                    "container": {
					"ignored": "(not ($ui_style = 'full'))",
                      "type": "stack_panel",
					"orientation": "horizontal",
                      "size": [ "100%", "100% - 23px" ],
        "offset": [ 0, 0 ],
        "anchor_from": "bottom_left",
        "anchor_to": "bottom_left",
											"layer": 50,/*
					"anims": [
						"@settings_common.selector_panel_exit_animation_push",
						"@settings_common.selector_panel_exit_animation_pop",
						"@settings_common.selector_panel_entrance_animation_push",
						"@settings_common.selector_panel_entrance_animation_pop" ],
					"animation_reset_name": "screen_animation_reset",
					"disable_anim_fast_forward": true,*/
					"bindings" :[{
					"binding_type": "view",
					"source_control_name": "options_search_text_edit_text_control",
					"source_property_name": "(#item_name = '')",
					"target_property_name": "#visible"
					}],
                      "controls": [
                        //{ "$dialog_content@$dialog_content": {} },
						{	"selector_area_panel": {
								"type": "panel",

								"size": [ 150, "100%" ],
								"offset": [ 0, 0 ],
								"anchor_from": "top_left",
								"anchor_to": "top_left",

					"bindings": [
						{	"binding_type": "view",
							"source_control_name": "dialog_title_menu_button",	
							"source_property_name": "#toggle_state",
							"target_property_name": "#visible" }
					],

								"controls": [
{        "selector_area@common.scrolling_panel": {
        "size": [ 150, "100%" ],
        "offset": [ 0, 0 ],
        "anchor_from": "top_left",
        "anchor_to": "top_left",
          "$scrolling_content": "settings_common.scrollable_selector_area_content",
          "$show_background": false,
          "$scroll_size": [ "5px", "100% - 4px" ],
          "$scroll_bar_left_padding_size": [ 1, 0 ],

								"anims": [
									"@settings_common.selector_panel_exit_animation_push",
									"@settings_common.selector_panel_exit_animation_pop",
									"@settings_common.selector_panel_entrance_animation_push",
									"@settings_common.selector_panel_entrance_animation_pop" ],
								"animation_reset_name": "screen_animation_reset",
								"disable_anim_fast_forward": true


        }}
								] }
						},
						{	"content_area_left_padding": {
								"type": "panel",

								"size": [ 75, "100%" ],
								"offset": [ 0, 0 ],
								"anchor_from": "top_right",
								"anchor_to": "top_right",

								"bindings": [
									{	"binding_type": "view",
										"source_control_name": "dialog_title_menu_button",	
										"source_property_name": "(not #toggle_state)",
										"target_property_name": "#visible" }
								] }
						},
						{	"content_area_panel": {
								"type": "panel",

								"size": [ "100% - 150px", "100%" ],
								"offset": [ 0, 0 ],
								"anchor_from": "top_right",
								"anchor_to": "top_right",

								"controls": [
      {
        "content_area": {
          "type": "stack_panel",
          "size": [ "100%", "100%" ],
											"anchor_from": "top_middle",
											"anchor_to": "top_middle",
											"anims": [
												"@settings_common.content_panel_exit_animation_push",
												"@settings_common.content_panel_exit_animation_pop",
												"@settings_common.content_panel_entrance_animation_push",
												"@settings_common.content_panel_entrance_animation_pop" ],
											"animation_reset_name": "screen_animation_reset",
											"disable_anim_fast_forward": true,

          "controls": [
            {
              "header_panel": {
                "type": "panel",
                "layer": 20,
                "size": [ "100%", "100%c" ],
                "anchor_from": "top_left",
                "anchor_to": "top_left",
                "controls": [
                  {
                    "content@$section_header_panels": {}
                  }
                ]
              }
            },
            {
              "scrolling_panel@common.scrolling_panel": {
                "size": [ "100%", "fill" ],
                "$scrolling_content": "$section_content_panels",
                "$show_background": false,
                "$scroll_size": [ "5px", "100% - 4px" ],
                "$scroll_bar_left_padding_size": [ 1, 0 ]
              }
            },
            {
              "footer_panel": {
                "type": "panel",
                "layer": 20,
                "size": [ "100%", "100%c" ],
                "anchor_from": "bottom_left",
                "anchor_to": "bottom_left",
                "controls": [
                  {
                    "content@$section_footer_panels": {}
                  }
                ]
              }
            }
          ]
        }
      }
								] }
						},
						{	"content_area_right_padding": {
								"type": "panel",

								"size": [ 75, "100%" ],
								"offset": [ 0, 0 ],
								"anchor_from": "top_right",
								"anchor_to": "top_right",

								"bindings": [
									{	"binding_type": "view",
										"source_control_name": "dialog_title_menu_button",	
										"source_property_name": "(not #toggle_state)",
										"target_property_name": "#visible" }
								] }
						}
                      ]
              }
            },

			{	"search_result@common.scrolling_panel": {
					"size": [ "100%", "100% - 23px" ],
					"offset": [ 0, 23 ],
					"anchor_from": "top_left",
					"anchor_to": "top_left",
					"$scrolling_content": "settings.search_content_panel",
					"$show_background": false,
					"visible": false,
					"bindings": [
						{	"binding_type": "view",
							"source_control_name": "options_search_text_edit_text_control",
							"source_property_name": "(not (#item_name = ''))",
							"target_property_name": "#visible" }
					] }
			},
			{	"blur_container": {
					"ignored": "(not ($ui_style = 'dialog') or $_is_watch)",
					"type": "panel",
					"size": [ "100%", "100%" ],
					"offset": [ "50% - 160px", 0 ],
					"anchor_from": "top_left",
					"anchor_to": "top_left",
					"layer": 50,
		"anims": [
			"@common.panel_exit_animation_v2_blur_push",
			"@common.panel_exit_animation_v2_blur_pop",
			"@common.panel_entrance_animation_v2_blur_push",
			"@common.panel_entrance_animation_v2_blur_pop" ],
		"animation_reset_name": "screen_animation_reset",
		"disable_anim_fast_forward": true,
					"clips_children": true,
					"controls": [
						{	"container": {
								"type": "panel",
								"size": [ "100%", "100%" ],
								"offset": [ "-100% + 320px", 0 ],
								"anchor_from": "top_left",
								"anchor_to": "top_left",
								"clips_children": true,
								"controls": [
									{	"background_image_blur@common.background_image_blur": {
											"size": [ "100%", "100%" ],
											"offset": [ "50% - 160px", 0 ],
											"anchor_from": "top_left",
											"anchor_to": "top_left" }
									}
								] }
						}
					] }
			}, {
        "main_panel": {
					"ignored": "(not ($ui_style = 'dialog'))",
          "type": "input_panel",

					"size": [ 320, "100%" ],
		"anims": [
			"@common.panel_exit_animation_v2_push",
			"@common.panel_exit_animation_v2_pop",
			"@common.panel_entrance_animation_v2_push",
			"@common.panel_entrance_animation_v2_pop" ],
		"animation_reset_name": "screen_animation_reset",
		"disable_anim_fast_forward": true,
					"layer": 2,
          "controls": [
						//{ "panel_background@common.panel_background": {} },
						// { "header_stack@settings_common.header_stack": { } },
                  {
                    "common_panel@common.common_panel": {
								"$button_text": "menu.settings",
                      "$dialog_background": "dialog_background_hollow_3",
								"$fill_alpha": 0.5
                    }
                  }, {	"content@common.sidebar_view": {
								"size": "$dialog_content_size",
								"offset": "$dialog_content_offset",
								"anchor_from": "top_left",
								"anchor_to": "top_left",
								"$screen_main_panel_ref": "@conmon.empty_panel",
								"$disabled_sidebar": true,
								"$default_sidebar_content": "conmon.empty_panel",
								"$verbose_sidebar_content": "conmon.empty_panel",
								"$sidebar_button_pressed_button_name": "button.menu_exit",
								"$sidebar_button_button_text": "button.menu_exit" }
						},
						{ "options_search_text_edit@settings_common.options_search_text_edit": { } },
                  {
                    "container": {
                      "type": "panel",
								"size": "$dialog_content_size",
								"offset": "$dialog_content_offset",
        "anchor_from": "top_left",
        "anchor_to": "top_left",
					"bindings" :[{
					"binding_type": "view",
					"source_control_name": "options_search_text_edit_text_control",
					"source_property_name": "(#item_name = '')",
					"target_property_name": "#visible"
					}],
                      "controls": [
                        //{ "$dialog_content@$dialog_content": {} },
{        "selector_area@common.scrolling_panel": {
        "size": [ "40%", "100%" ],
        "offset": [ 0, 0 ],
        "anchor_from": "top_left",
        "anchor_to": "top_left",
          "$scrolling_content": "settings_common.scrollable_selector_area_content",
          "$show_background": false,
          "$scroll_size": [ "5px", "100% - 4px" ],
          "$scroll_bar_left_padding_size": [ 1, 0 ]
        }},

      {
        "content_area": {
          "type": "stack_panel",
          "size": [ "60%", "100%" ],
          "anchor_from": "top_right",
          "anchor_to": "top_right",
          "controls": [
            {
              "header_panel": {
                "type": "panel",
                "layer": 20,
                "size": [ "100%", "100%c" ],
                "anchor_from": "top_left",
                "anchor_to": "top_left",
                "controls": [
                  {
                    "content@$section_header_panels": {}
                  }
                ]
              }
            },
            {
              "scrolling_panel@common.scrolling_panel": {
                "size": [ "100%", "fill" ],
                "$scrolling_content": "$section_content_panels",
                "$show_background": false,
                "$scroll_size": [ "5px", "100% - 4px" ],
                "$scroll_bar_left_padding_size": [ 1, 0 ]
              }
            },
            {
              "footer_panel": {
                "type": "panel",
                "layer": 20,
                "size": [ "100%", "100%c" ],
                "anchor_from": "bottom_left",
                "anchor_to": "bottom_left",
                "controls": [
                  {
                    "content@$section_footer_panels": {}
                  }
                ]
              }
            }
          ]
        }
      },
						{	"classic_ui_option_modal_selector": {
								"ignored": "$desktop_screen",
								"type": "input_panel",
								"size": [ "40%", "100%" ],
								"offset": [ 0, 0 ],
								"anchor_from": "left_middle",
								"anchor_to": "left_middle",
								"layer": 50,
								"visible": true,
								"bindings": [
									{	"binding_type": "view",
										"source_control_name": "video_button_toggle",
										"source_property_name": "#toggle_state",
										"target_property_name": "#visible" }
								], "controls": [
									{	"fade_grey": {
											"type": "image",
											"texture": "textures/ui/white_background",
											"color": [ 0.5, 0.5, 0.5 ],
											"alpha": 0.5,
											"keep_ratio": false } } ] }
						}, {	"classic_ui_option_modal_content": {
								"ignored": "$desktop_screen",
								"type": "input_panel",
								"size": [ "60%", "100%" ],
								"offset": [ 0, 0 ],
								"anchor_from": "right_middle",
								"anchor_to": "right_middle",
								"layer": 50,
								"visible": false,
								"bindings": [
									{	"binding_type": "view",
										"source_control_name": "video_button_toggle",
										"source_property_name": "(not #toggle_state)",
										"target_property_name": "#visible" }
								], "controls": [
									{	"fade_grey": {
											"type": "image",
											"texture": "textures/ui/white_background",
											"color": [ 0.5, 0.5, 0.5 ],
											"alpha": 0.5,
											"keep_ratio": false } } ] }
						}, {	"classic_ui_option_tooltip": {
								"ignored": "$desktop_screen",
								"type": "image",
								"texture": "textures/ui/panel",
								"size": [ "100% + 2px", 20 ],
								"offset": [ 0, 3 ],
								"anchor_from": "bottom_middle",
								"anchor_to": "top_middle",
								"allow_clipping": false,
								"controls": [
									{	"tooltip_navsel": {
											"type": "label",
											"text": "warning.ui_option.option.navigation_tab",
											"size": [ "100% - 10px", 10 ],
											"visible": true,
											"bindings": [
												{	"binding_type": "view",
													"source_control_name": "video_button_toggle",
													"source_property_name": "(not #toggle_state)",
													"target_property_name": "#visible" }
											]
										}
									}, {	"tooltip_sec": {
											"type": "label",
											"text": "warning.ui_option.option.dropdown",
											"size": [ "100% - 10px", 10 ],
											"visible": false,
											"bindings": [
												{	"binding_type": "view",
													"source_control_name": "video_button_toggle",
													"source_property_name": "#toggle_state",
													"target_property_name": "#visible" }
											]
										}
									}
								]
							}
						}
                      ]
              }/*
			}, {	"pocket_ui_warning": {
					"type": "input_panel",
					"size": [ "100%", "100%" ],
					"controls": [
						{	"common_panel@common.common_panel": {
								"$dialog_background": "dialog_background_hollow_3" }
						}, {	"container": {
								"type": "stack_panel",
								"size": [ "100% - 2px", "100% - 2px" ],
								"controls": [
									{	"uiprofile_classic_toggle@settings_common.radio_with_label_core": {
											"$toggle_state_binding_name": "#ui_profile_radio_classic",
											"$radio_label_text": "options.uiprofile.classic" }
									}, {	"uiprofile_pocket_toggle@settings_common.radio_with_label_core": {
											"$toggle_state_binding_name": "#ui_profile_radio_pocket",
											"$radio_label_text": "options.uiprofile.pocket" }
									}
								]
						} }
					] }*/
            }/*
						{ "search_result@common.scrolling_panel": {
								"size": [ "100% - 16px", "100% - 31px" ],
								"offset": [ 8, 23 ],
								"anchor_from": "top_left",
								"anchor_to": "top_left",
								"$scrolling_content": "settings.search_content_panel",
								"$show_background": false,
								"$scroll_size": [ "5px", "100% - 4px" ],
								"$scroll_bar_left_padding_size": [ 1, 0 ],
					"bindings" :[{
					"binding_type": "view",
					"source_control_name": "options_search_text_edit_text_control",
					"source_property_name": "(not #item_name = '')",
					"target_property_name": "#visible"
					}] }
						}*/
          ]
        }
      },
      {
        "popup_dialog_factory": {
          "type": "factory",
          "control_ids": {
            "purchase_failed": "@realms_create.popup_dialog__purchase_failed",
            "purchase_in_progress": "@realms_create.popup_dialog__purchase_in_progress",
            "share_by_link": "@realms_allowlist.popup_dialog__share_by_link",
            "options_modal": "@realms_allowlist.popup_dialog__options",
            "backups_modal": "@realms_settings.popup_dialog__backups",
            "sign_out_fail": "@general_section.sign_out_fail_popup"
          }
        }
      },
			{	"outer_panel": {
					"type": "panel",

					"size": [ "100%", "100%" ],
					"offset": [ 0, 0 ],
					"anchor_from": "top_left",
					"anchor_to": "top_left",

					"clips_children": true,

					"anims": [
						"@world_section.musicpanel_unfold_animation_outer" ],
					"disable_anim_fast_forward": true,
					"animation_reset_name": "button.musicbar_unfold",

					"controls": [
						{	"inner_panel": {
								"type": "panel",

								"size": [ "100%", "100%" ],
								"offset": [ 0, 0 ],
								"anchor_from": "top_left",
								"anchor_to": "top_left",

								"clips_children": true,

								"anims": [
									"@world_section.musicpanel_unfold_animation_inner" ],
								"disable_anim_fast_forward": true,
								"animation_reset_name": "button.musicbar_unfold",

								"controls": [
									{	"music_panel@world_section.world_snapshot_verbose_panel": {
											"anchor_from": "top_left",
											"anchor_to": "top_left",

											"anims": [
												"@world_section.musicpanel_unfold_animation_core" ],
											"disable_anim_fast_forward": true,
											"animation_reset_name": "button.musicbar_unfold" }
									}
								] }
						}
					] }
						}
					] }
			}
    ]
  },

	"option_generic_core/two_line_layout/option_label_panel/option_label": {
		"color": "$option_label_color" },

	"option_generic_core/one_line_layout/option_label": {
		"color": "$option_label_color" },
/*
	"default_options_dropdown_toggle_button_state_content/label_panel/label": {
		"text": "$radio_label_text" },
*/
	"default_options_dropdown_toggle_button_state_content/arrow_panel/dropdown_chevron_image": {
		"texture": "textures/ui/chevron_white_down",
		"color": "$text_color" },
/*
	"options_dropdown_toggle_control": {
		"consume_hover_events": false,
		"$unchecked_hover_control": "common_toggles.toggle_unchecked_hover",
		"$checked_hover_control": "common_toggles.toggle_checked_hover"/*,
		"$button_type_panel": "$dropdown_content",
		"$is_dropdown_display_control": true*/ //},

	"radio_with_label_core": {
		"button_mappings": [
			{	"from_button_id": "button.menu_select",
				"to_button_id": "button.menu_select",
				"mapping_type": "pressed",
				"consume_event": false }
		] },
/*
	"radio_with_label/radio_with_label_core": {
		"ignored": "$is_dropdown_display_control" },

	"radio_with_label": {
		"$is_dropdown_display_control|default": false,
		"size": [ "100%", "100%c" ],
		"modifications": [
			{	"array_name": "controls",
				"operation": "insert_front",
				"value": [
					{	"toggle_content@settings_common.radio_with_label_core": {
							"ignored": "(not $is_dropdown_display_control)",
							"button_mappings": [ false ],
							"enabled": false,
							"size": [ "100%", "100%c" ],
							"layer": -6,
							"bindings": [
    
      {
        "binding_type": "$toggle_binding_type",
        "binding_condition": "$toggle_binding_condition",
        "binding_collection_name": "$toggle_grid_collection_name",
        "binding_name": "$toggle_state_binding_name",
        "binding_name_override": "#toggle_state"
      },/*
      {
        "binding_type": "$toggle_binding_type",
        "binding_condition": "$toggle_binding_condition",
        "binding_collection_name": "$toggle_grid_collection_name",
        "binding_name": "$toggle_state_binding_name",
        "binding_name_override": "#visible"
      },
      {
        "binding_type": "$toggle_enabled_binding_type",
        "binding_condition": "$toggle_enabled_binding_condition",
        "binding_collection_name": "$toggle_grid_collection_name",
        "binding_name": "$toggle_enabled_binding_name",
        "binding_name_override": "#enabled"
      },*//*
      {
        "binding_type": "$toggle_collection_details_type",
        "binding_collection_name": "$toggle_collection_detail_name"
      },
      {
        "binding_type": "$toggle_tts_header_binding_type",
        "binding_condition": "$toggle_tts_header_binding_condition",
        "binding_collection_name": "$toggle_tts_header_binding_collection_name",
        "binding_name": "$toggle_tts_header"
      },
      {
        "binding_type": "$toggle_tts_value_binding_type",
        "binding_condition": "$toggle_tts_value_binding_condition",
        "binding_collection_name": "$toggle_tts_value_binding_collection_name",
        "binding_name": "$toggle_tts_override_toggle_value"
      },
      {
        "ignored": "$ignore_tts_enabled_bind",
        "binding_type": "$toggle_tts_enabled_binding_type",
        "binding_name": "#tts_enabled",
        "binding_name_override": "#focus_enabled"
      },
      {
        "ignored": "(($toggle_focus_bind = '') and (not $ignore_tts_enabled_bind))",
        "binding_type": "global",
        "binding_name": "$toggle_focus_bind",
        "binding_name_override": "#focus_enabled"
      }/*,
    
								{	"binding_type": "view",
									"source_property_name": "#toggle_state",
									"target_property_name": "#visible",
									"binding_condition": "once" }*//*
							],
							"unchecked_control": "",
							"unchecked_hover_control": "",
							"checked_control": "",
							"checked_hover_control": "",
							"unchecked_locked_control": "",
							"unchecked_locked_hover_control": "",
							"checked_locked_control": "default_options_dropdown_toggle_button_state_content",
							"checked_locked_hover_control": "",
							"controls": [
								{	"default_options_dropdown_toggle_button_state_content@settings_common.default_options_dropdown_toggle_button_state_content": {
										"size": [ "100%", 30 ],
										"layer": 26 }
								}
							] }
					}
				] }
		] },
*/
	"radio_visuals": {
		"$radio_label_color|default": "$title_text_color",
		"$selection_highlight_size": [ "100%", "100%" ],
		"variables": [
			{	"requires": "(not $selected)",
				"$color": "black",
				"$show": false,
				"$highlight_image": "" },
			{	"requires": "$selected",
				"$show": true,
				"$color": "$accent_color",
				"$highlight_image": "textures/ui/dropDownSelectBG" },
			{	"requires": "$hovered",
				"$show": true,
				"$color": "white",
				"$highlight_image": "textures/ui/dropDownHoverBG" }
		] },

	"radio_visuals/radio_image": {
		"visible": "$show",
		"size": [ 2, "100%" ],
		"offset": [ 0, 0 ],
		"anchor_from": "top_left",
		"anchor_to": "top_left",
		"texture": "textures/ui/white_background",
		"fill": true,
		"color": "$color" },

	"radio_visuals/radio_label": {
		"size": [ "100% - 4px", "default" ],
		"offset": [ 4, 0 ] },

	"radio_visuals/accessibility_selection_highlight": {
		"size": [ "100%", "100%" ],
		"offset": [ 0, 0 ] },

	"option_radio_dropdown_group": {
		"size": [ "100%", "100%c" ],
		"offset": [ 0, 0 ] },

	"option_dropdown": {
		"$control_name": "yao_dropdown_panel" },

	"yao_dropdown_panel": {
		"type": "panel",
		"size": [ "100%", 24 ],
		"controls": [
			{	"compound_list@$dropdown_content": {
					"$compound_list": true,
					"$orientation": "horizontal",
					"$size": [ "100%", 24 ],
					"size": [ "100% - 21px", 32 ],
					"anchor_from": "top_left",
					"anchor_to": "top_left",
					"clips_children": true }
			}, {	"type": {
					"type": "image",

					"texture": "textures/ui/white_background",
					"color": "$surface_color",
					"alpha": 0.5,
					"fill": true,

					"size": [ "100% - 21px", 24 ],
					"anchor_from": "top_left",
					"anchor_to": "top_left" }
			}, { "option_dropdown_control@settings_common.option_dropdown_control": { }
			}
		] },

	"options_dropdown_toggle_control": {
		"size": [ 20, 24 ],
		"anchor_from": "top_right",
		"anchor_to": "top_right",

		"$button_image_size": [ "100%", "100%" ],
		"$button_type_panel": "settings_common.dropdown_down_arrow" },

	"dropdown_down_arrow": {
		"type": "panel",
		"controls": [
			{	"type": {
					"type": "image",
					"texture": "textures/ui/dropdown_down_arrow",
					"size": [ 8, 8 ] }
			}
		] },

	"option_radio_group_control": {
		"orientation": "$orientation",
		"$orientation|default": "vertical",
		"size": "$size",
		"$size|default": [ "100%", "100%c" ] },

	"radio_with_label": {
		"$compound_list|default": false,
		"size": "$size",
		"$size|default": [ "100%", 17 ],
		"min_size": [ 72, 0 ],
		"variables": [
			{	"requires": "$compound_list",
				"$size": [ "fill", "100%" ] }
		],
		"controls": [
			{	"radio_with_label_core@settings_common.radio_with_label_core": {
					"ignored": "$compound_list" }
			}, {	"dropdown_content_item@settings_common.dropdown_content_item": {
					"ignored": "(not $compound_list)",
					"size": [ "100%", "100%" ],
					"$button_text": "$radio_label_text",
					"$toggle_state_binding_name|default": "",
					"$toggle_name|default": "$toggle_state_binding_name" }
			}
		] },

	"option_dropdown_control": {
		"$option_dropdown_size|default": [ "100%", 24 ] },

	"action_button": {
		"size": [ "100%", 24 ] },

	"dropdown_content_item_accent_select_animation": {
		"anim_type": "size",
		"duration": 0.5,
		"easing": "out_cubic",
		"from": [ 0, "100%" ],
		"to": [ "100%", "100%" ] },

	"selector_divider": {
		"type": "image",
		"texture": "textures/ui/white_background",
		"color": "$accent_color",
		"fill": true,
		"anims": [
			"@settings_common.dropdown_content_item_accent_select_animation"
		] },

	"tab_divider": {
		"type": "image",
		"texture": "textures/ui/white_background",
		"color": "$accent_color",
		"fill": true,
		"anims": [
			"@settings_common.tabview_accent_select_animation"
		] },

	"tabview_accent_select_animation": {
		"anim_type": "size",
		"duration": 0.5,
		"easing": "out_cubic",
		"from": [ "100%", 0 ],
		"to": [ "100%", "100%" ] },

	"dropdown_content_item_accent_select_animation_reverse": {
		"anim_type": "size",
		"duration": 0.5,
		"easing": "out_cubic",
		"to": [ 0, "100%" ],
		"from": [ "100%", "100%" ] },

	"selector_divider_reverse": {
		"type": "image",
		"texture": "textures/ui/white_background",
		"color": "$accent_color",
		"fill": true,
		"anims": [
			"@settings_common.dropdown_content_item_accent_select_animation_reverse"
		] },

	"tab_divider_reverse": {
		"type": "image",
		"texture": "textures/ui/white_background",
		"color": "$accent_color",
		"fill": true,
		"anims": [
			"@settings_common.tabview_accent_select_animation_reverse"
		] },

	"tabview_accent_select_animation_reverse": {
		"anim_type": "size",
		"duration": 0.5,
		"easing": "out_cubic",
		"to": [ "100%", 0 ],
		"from": [ "100%", "100%" ] },

	"dropdown_content_item@common.toggle": {
		"consume_hover_events": false,

    "$unchecked_control|default": "common_toggles.toggle_unchecked",
    "$checked_control|default": "common_toggles.toggle_checked",
    "$unchecked_hover_control|default": "common_toggles.toggle_unchecked_hover",
    "$checked_hover_control|default": "common_toggles.toggle_checked_hover",
    "$unchecked_locked_control|default": "common_toggles.toggle_locked",
    "$unchecked_locked_hover_control|default": "common_toggles.toggle_locked",
    "$checked_locked_control|default": "common_toggles.toggle_locked",
    "$checked_locked_hover_control|default": "common_toggles.toggle_locked",

    "$default_texture|default": "textures/ui/selector_button_borderless_light",
    "$hover_texture|default": "textures/ui/selector_button_borderless_lightselected",
    "$pressed_texture|default": "textures/ui/selector_button_borderless_lighthover",
    "$pressed_no_hover_texture|default": "textures/ui/selector_button_borderless_lightselectedhover",
    "$locked_texture|default": "textures/ui/disabledButtonNoBorder",
    "$default_chevron|default": "textures/ui/dropdown_chevron",
    "$default_chevron_nohover|default": "textures/ui/dropdown_chevron",
    "$default_chevron_hover|default": "textures/ui/chevron_white_down",

    "$default_texture_alpha|default": 1.0,
    "$default_checked_texture_alpha|default": 1.0,
    "$hover_texture_alpha|default": 1.0,
    "$hover_checked_texture_alpha|default": 1.0,

    "$default_texture_color|default": "$f_color_format",
    "$default_checked_texture_color|default": "$f_color_format",
    "$hover_texture_color|default": "$f_color_format",
    "$hover_checked_texture_color|default": "$f_color_format",

    "$default_text_color|default": "$light_toggle_default_text_color",
    "$hover_text_color|default": "$light_toggle_hover_text_color",
    "$default_checked_text_color|default": "$light_toggle_checked_default_text_color",
    "$hover_checked_text_color|default": "$light_toggle_checked_hover_text_color",

    "$default_glyph_color|default": "$light_glyph_toggle_default_color",
    "$hover_glyph_color|default": "$light_glyph_toggle_hover_color",
    "$default_checked_glyph_color|default": "$light_glyph_toggle_checked_default_color",
    "$hover_checked_glyph_color|default": "$light_glyph_toggle_checked_hover_color",

    "$checked_image|default": "common.empty_panel",
    "$unchecked_image|default": "common.empty_panel",
    "$default_border_visible|default": true,
    "$hover_border_visible|default": true,
    "$default_border_color": "$light_border_toggle_default_color",
    "$hover_border_color": "$light_border_toggle_hover_color",
    "$locked_alpha": 1,

    "$button_type_panel": "common_buttons.new_ui_binding_button_label",
    "$button_offset|default": [ 0, 0 ],
    "$button_text|default": "",
    "$pressed_alpha|default": 1,

    // For text bindings
    "$button_text_binding_type|default": "none",
    "$button_text_grid_collection_name|default": "",
    "$button_binding_condition|default": "none",

		"controls": [
			{ "unchecked@$unchecked_control": { } },
			{ "checked@$checked_control": { } },
			{ "unchecked_hover@$unchecked_hover_control": { } },
			{ "checked_hover@$checked_hover_control": { } },
			{ "unchecked_locked@$unchecked_locked_control": { } },
			{ "checked_locked@$checked_locked_control": { } },
			{ "unchecked_locked_hover@$unchecked_locked_hover_control": { } },
			{ "checked_locked_hover@$checked_locked_hover_control": { } },

			{	"accent_divider": {
					"type": "collection_panel",
					"size": [ "100%", 2 ],
					"anchor_from": "bottom_left",
					"anchor_to": "bottom_left",
					"propagate_alpha": true,
					"layer": 10,
					"factory": {
						"name": "divider_factory",
						"control_name": "settings_common.selector_divider",
						"max_children_size": 1 },
					"bindings": [
						{	"binding_type": "$toggle_binding_type",
							"binding_condition": "$toggle_binding_condition",
							"binding_collection_name": "$toggle_grid_collection_name",
							"binding_name": "$toggle_state_binding_name",
							"binding_name_override": "#toggle_state" },
						{	"binding_type": "view",
							"source_property_name": "(1 * #toggle_state)",
							"target_property_name": "#alpha" },
						{	"binding_type": "view",
							"source_property_name": "(1 * #toggle_state)",
							"target_property_name": "#collection_length" }
					] }
			}, {	"accent_divider_reverse": {
					"type": "collection_panel",
					"size": [ "100%", 2 ],
					"anchor_from": "bottom_left",
					"anchor_to": "bottom_left",
					"propagate_alpha": true,
					"layer": 10,
					"factory": {
						"name": "divider_reverse_factory",
						"control_name": "settings_common.selector_divider_reverse",
						"max_children_size": 1 },
					"bindings": [
						{	"binding_type": "$toggle_binding_type",
							"binding_condition": "$toggle_binding_condition",
							"binding_collection_name": "$toggle_grid_collection_name",
							"binding_name": "$toggle_state_binding_name",
							"binding_name_override": "#toggle_state" },
						{	"binding_type": "view",
							"source_property_name": "(1 * (not #toggle_state))",
							"target_property_name": "#alpha" },
						{	"binding_type": "view",
							"source_property_name": "(1 * (not #toggle_state))",
							"target_property_name": "#collection_length" }
					] }
			}
		],

		"size": [ "fill", "100%" ],
		"$button_image_size": [ "100%", "100%" ],
		"$toggle_state_binding_name": "$toggle_name",
		"$radio_toggle_group": true/*,
		"$toggle_state_binding_name": "$toggle_name"*/ },

	"dropdown_content_padding": {
		"size": [ 0, "100%" ],
		"type": "panel" },

	"dropdown_stack_panel": {
		"type": "stack_panel",
		"orientation": "horizontal",
		"size": [ "100%", 24 ],
		"controls": "$main_stack",
		"$main_stack|default": [ ] },

	"section_raise_panel_animation": {
		"anim_type": "size",
		"easing": "out_cubic",
		"duration": 0.5,
		"from": [ "100%", 24 ],
		"to": [ "100%", 0 ] },

	"section_raise_panel": {
		"ignored": false,
		"type": "panel",
		"size": [ "100%", 0 ],
		"anims": [
			"@settings_common.section_raise_panel_animation" ],
		"animation_reset_name": "$reset_name",
		"$reset_name": "('button.' + $toggle_view_binding_name)",
		"disable_anim_fast_forward": true },

	"toggle_button_control": {
		"$button_label_offset|default": [ 24, 0 ],
		"$item_texture|default": "" },

	"toggle_button_control/glyph": {
		"ignored": true,
		"texture": "$item_texture_standard",
		"$item_texture_standard|default": "($item_texture + '')",
		"size": [ 16, 16 ],
		"offset": [ 4, 0 ],
		"color": "$accent_color" },

	"toggle_button_control/glyph_color": {
		"texture": "$item_texture",
		"size": [ 16, 16 ],
		"offset": [ 4, 0 ] },

	"homepage_button_divider_select_animation": {
		"anim_type": "size",
		"duration": 0.5,
		"easing": "out_cubic",
		"from": [ 2, 0 ],
		"to": [ 2, "100%" ] },

	"homepage_button_content": {
		"type": "panel",
		"size": [ "100%", "100%" ],
		"layer": 1,
		"controls": [/*
			{	"left_divider": {
					"type": "image",
					"texture": "textures/ui/white_background",
					"fill": true,
					"anims": [
						"@settings_common.homepage_button_divider_select_animation" ],
					"animation_reset_name": "$to_button_id",
					"visible": "($toggle_checked or $toggle_checked_hover)",
					"size": [ 2, "100%" ],
					"offset": [ 0, 0 ],
					"anchor_from": "left_middle",
					"anchor_to": "left_middle",
					"layer": 10 }
			}, */{	"texture_base": {
					"type": "image",
					"texture": "$item_texture",
					"size": [ 16, 16 ],
					"offset": [ 4, 0 ],
					"anchor_from": "left_middle",
					"anchor_to": "left_middle" }
			}, {	"item_name": {
					"type": "label",
					"text": "$button_text",
					"color": "$button_text_color",
					"size": [ "100% - 24px", 10 ],
					"offset": [ 24, -5 ],
					"anchor_from": "left_middle",
					"anchor_to": "left_middle" }
			}, {	"item_description": {
					"type": "label",
					"text": "$button_text_secondary",
					"color": "$button_text_color",
					"alpha": 0.78,
					"size": [ "100% - 24px", 10 ],
					"offset": [ 24, 5 ],
					"anchor_from": "left_middle",
					"anchor_to": "left_middle" }
			}
		] },

	"section_toggle_base": {
		"$default_texture": "textures/ui/sidebar/button_borderless_light",
		"$hover_texture": "textures/ui/sidebar/button_borderless_lightselected",
		"$pressed_texture": "textures/ui/sidebar/button_borderless_lighthover",
		"$pressed_no_hover_texture": "textures/ui/sidebar/button_borderless_lightselectedhover",

		// "$checked_locked_control": "common_toggles.toggle_checked",

		"$button_content_size": [ "100%", "100%" ],

		"variables": [
			{	"requires": "(not $showing_sidebar_dividers)",
				"$button_image_size": [ "100%", "100%" ],
				"$button_content_size": [ "100%", "100%" ],
				"$hover_border_visible": false,
				"$default_border_visible": false,
				"$button_size_override": [ "100%", "100%" ] }
		],
/*
		"$to_button_id": "('button.' + $toggle_view_binding_name + '_onclick')",

		"$accentlayer_anims": [
			"@settings_common.tabview_accent_select_animation" ],
		"$accentlayer_animreset": "$to_button_id",
*/
		"controls": [
			{	"item_background": {
					"type": "image",
					"texture": "textures/ui/white_background",
					"color": "$surface_color",
					"alpha": 0.25,
					"allow_debug_missing_texture": false,
					"fill": true,
					"size": [ "100%", "100%sm" ],
					"anchor_from": "top_left",
					"anchor_to": "top_left",
					"layer": -1 }
			},
			{	"$toggle_view_binding_name@$template_toggle": {
					"controls": [
						{ "unchecked@$unchecked_control": { } },
						{ "checked@$checked_control": { } },
						{ "unchecked_hover@$unchecked_hover_control": { } },
						{ "checked_hover@$checked_hover_control": { } },
						{ "unchecked_locked@$unchecked_locked_control": { } },
						{ "checked_locked@$checked_locked_control": { } },
						{ "unchecked_locked_hover@$unchecked_locked_hover_control": { } },
						{ "checked_locked_hover@$checked_locked_hover_control": { } },
						{	"accent_divider": {
								"type": "collection_panel",
								"size": [ 2, "100%" ],
								"anchor_from": "top_left",
								"anchor_to": "top_left",
								"propagate_alpha": true,
								"layer": 10,
								"factory": {
									"name": "divider_factory",
									"control_name": "settings_common.tab_divider",
									"max_children_size": 1 },
								"bindings": [
									{	"binding_type": "view",
										"source_control_name": "$toggle_view_binding_name",
										"source_property_name": "#toggle_state",
										"target_property_name": "#toggle_state" },
									{	"binding_type": "view",
										"source_property_name": "(1 * #toggle_state)",
										"target_property_name": "#alpha" },
									{	"binding_type": "view",
										"source_property_name": "(1 * #toggle_state)",
										"target_property_name": "#collection_length" }
								] }
						}, {	"accent_divider_reverse": {
								"type": "collection_panel",
								"size": [ 2, "100%" ],
								"anchor_from": "top_left",
								"anchor_to": "top_left",
								"propagate_alpha": true,
								"layer": 10,
								"factory": {
									"name": "divider_reverse_factory",
									"control_name": "settings_common.tab_divider_reverse",
									"max_children_size": 1 },
								"bindings": [
									{	"binding_type": "view",
										"source_control_name": "$toggle_view_binding_name",
										"source_property_name": "#toggle_state",
										"target_property_name": "#toggle_state" },
									{	"binding_type": "view",
										"source_property_name": "(1 * (not #toggle_state))",
										"target_property_name": "#alpha" },
									{	"binding_type": "view",
										"source_property_name": "(1 * (not #toggle_state))",
										"target_property_name": "#collection_length" }
								] }
						}
					] }
			}
		],

		"size": [ "100%", 24 ] },

	"homepage_button@settings_common.section_toggle_base": {
		"$button_type_panel": "settings_common.homepage_button_content" }
}