{	"namespace": "world_section",

	"_info_1": "QQ: Bugjump (3071882091)",
	"_info_2": "Bilibili: Minecraft君9a7z (1345634151)",

	"_info_3": "未经允许，禁止使用任何此资源包的代码（可参考，但禁止复制）",
	"_info_4": "原作者保留任何权益",

	"yao_options_toggles_panel": {
		"type": "stack_panel",
		"size": [ "100%c", 24 ],
		"controls": [
			{	"panel_0": {
					"type": "panel",
					"size": [ 48, "100%" ],
					"controls": [
						{	"dropdown_content_item@settings_common.dropdown_content_item": {
								"size": [ "100%", "100%" ] }
						}
					] }
			}
		] },
/*
	"world_path_label_panel": {
		"ignored": "(not $include_world_section)",
		"visible": false,
		"type": "image",
		"texture": "$control_image",
		"alpha": 0.5,
		"size": [ "100%", "100%c + 4px" ],
		"anchor_from": "bottom_left",
		"anchor_to": "bottom_left",
		"layer": 20,
		"controls": [
			{	"world_path_label": {
					"type": "label",
					"text": "#text",
					"size": [ "100% - 4px", "default" ],
					"color": "$title_text_color",
					"layer": 1,
					"bindings": [
						{ "binding_name": "#world_texture_name" },
						{ "binding_name": "#world_texture_locationtype" },
						{	"binding_type": "view",
							"source_property_name": "('worldPath = ' + (#world_texture_name - 'world_icon.jpeg') + '\nworldPathType = ' + #world_texture_locationtype)",
							"target_property_name": "#text" }
					] }
			}
		] },
*/
	"musicpanel_unfold_animation_outer": {
		"anim_type": "offset",
		"easing": "out_cubic",
		"duration": 0.5,
		"from": [ "-100% + 30px", 180 ],
		"to": [ 0, 0 ] },

	"musicpanel_unfold_animation_inner": {
		"anim_type": "offset",
		"easing": "out_cubic",
		"duration": 0.5,
		"from": [ "100% - 30px", "-100%" ],
		"to": [ 0, 0 ] },

	"musicpanel_unfold_animation_core": {
		"anim_type": "offset",
		"easing": "out_cubic",
		"duration": 0.5,
		"from": [ 0, "100% - 180px" ],
		"to": [ 0, 0 ] },

	"world_snapshot_verbose_panel@common.toggle": {
		"ignored": "(not $is_pregame or not $include_world_section)",
		"$toggle_name": "world_snapshot_toggles",
		"$radio_toggle_group": true,
		"$toggle_group_forced_index": 0,
		"layer": 200,
		"size": [ "100%", "100%" ],
		"anchor_from": "top_left",
		"anchor_to": "top_left",
		"unchecked_control": "",
		"checked_control": "",
		"unchecked_hover_control": "",
		"checked_hover_control": "",
		"unchecked_locked_control": "",
		"checked_locked_control": "",
		"unchecked_locked_hover_control": "",
		"checked_locked_hover_control": "",
		"bindings": [
			{	"binding_type": "view",
				"source_property_name": "(not #toggle_state)",
				"target_property_name": "#modal" },
			{	"binding_type": "view",
				"source_property_name": "(not #toggle_state)",
				"target_property_name": "#visible" }
		],
		"controls": [
			{	"default_bg": {
					"type": "image",
					"texture": "$control_image",
					"alpha": 0.5,
					"size": [ "100%", "100%" ],
					"anchor_from": "top_left",
					"anchor_to": "top_left",
					"layer": 1 }
			}, {	"default_img": {
					"type": "image",
					"texture": "#world_texture_name",
					"texture_file_system": "#world_texture_locationtype",
					"force_texture_reload": true,
					"size": [ "100%", "100% - 24px" ],
					"anchor_from": "top_left",
					"anchor_to": "top_left",
					"layer": 2,
					"bindings": [
						{	"binding_name": "#world_texture_name",
							"binding_name_override": "#texture" },
						{	"binding_name": "#world_texture_locationtype",
							"binding_name_override": "#texture_file_system" }
					] }
			}, {	"edit_button@common_buttons.light_content_button": {
					"layer": 3,
					"size": [ 24, 24 ],
					"$button_image_size": [ 18, 18 ],
					"offset": [ -24, 0 ],
					"anchor_from": "bottom_right",
					"anchor_to": "bottom_right",

					"$buttonBorderIgnore": false,

					"$button_type_panel": "common.empty_panel",
					"$pressed_button_name": "template_image_picker_button",
					"$default_button_texture": "elytra_common/edit",
					"$hover_button_texture": "elytra_common/edit",
					"$pressed_button_texture": "elytra_common/edit",
					"$border_default_alpha": 0.0 }
			}, {	"snapshot_info_button@common_toggles.light_template_toggle": {
					"layer": 3,
					"size": [ 24, 24 ],
					"$button_image_size": [ 8, 22 ],
					"anchor_from": "bottom_right",
					"anchor_to": "bottom_right",

					"$buttonBorderIgnore": false,

					"$button_type_panel": "common.empty_panel",
					"$toggle_name": "world_snapshot_info_toggles",
					"$radio_toggle_group": true,
					"$toggle_group_forced_index": 1,
					"bindings": [
						{	"binding_type": "view",
							"source_property_name": "(not #toggle_state)",
							"target_property_name": "#visible" }
					],
					"$pressed_button_name": "template_image_picker_button",
					"$default_texture": "elytra_common/info",
					"$hover_texture": "elytra_common/info",
					"$pressed_texture": "elytra_common/info",
					"$pressed_no_hover_texture": "elytra_common/info",
					"$locked_texture": "elytra_common/info",
					"$default_border_visible": 0.0 }
			}, {	"info_modal@common.toggle": {
					"layer": 20,
					"unchecked_control": "",
					"checked_control": "",
					"unchecked_hover_control": "",
					"checked_hover_control": "",
					"unchecked_locked_control": "",
					"checked_locked_control": "",
					"unchecked_locked_hover_control": "",
					"checked_locked_hover_control": "",
					"$toggle_name": "world_snapshot_info_toggles",
					"$radio_toggle_group": true,
					"$toggle_group_forced_index": 0,
					"bindings": [
						{	"binding_type": "view",
							"source_control_name": "snapshot_info_button",
							"source_property_name": "#toggle_state",
							"target_property_name": "#modal" },
						{	"binding_type": "view",
							"source_control_name": "snapshot_info_button",
							"source_property_name": "#toggle_state",
							"target_property_name": "#visible" }
					],
					"controls": [
						{	"default_bg": {
								"type": "image",
								"texture": "$control_image",
								"alpha": 0.5,
								"size": [ "100%", "100%" ],
								"anchor_from": "top_left",
								"anchor_to": "top_left",
								"layer": 1 }
						}, {	"content_dialog": {
								"type": "input_panel",
								"size": [ 240, "100%c" ],
								"max_size": [ "100%", "100%" ],
								"layer": 3,
								"controls": [
									{	"title_label": {
											"type": "label",
											"text": "Info Viewer",
											"offset": [ 02, 0 ],
											"font_scale_factor": 1.5,
											"anchor_from": "top_left",
											"anchor_to": "top_left",
											"color": "$accent_color",
											"size": [ "100% - 4px", 16 ] }
									}, {	"top_divider": {
											"type": "image",
											"texture": "textures/ui/White",
											"offset": [ 0, 16 ],
											"anchor_from": "top_left",
											"anchor_to": "top_left",
											"color": "$accent_color",
											"size": [ "100%", 1 ] }
									}, {	"main_stack": {
											"type": "stack_panel",
											"size": [ "100%", "100%c" ],
											"anchor_from": "bottom_left",
											"anchor_to": "bottom_left",
											"layer": 6,
											"orientation": "vertical",
											"controls": [
												{	"path": {
														"type": "panel",
														"size": [ "100%", "100%cm + 2px" ],
														"anchor_from": "top_left",
														"anchor_to": "top_left",
														"controls": [
															{	"type_label": {
																	"type": "label",
																	"text": "Path: ",
																	"size": [ "default", "default" ],
																	"max_size": [ "30%", "default" ],
																	"anchor_from": "top_left",
																	"anchor_to": "top_left",
																	"color": "$title_text_color" }
															}, {	"value_label": {
																	"type": "label",
																	"text": "#text",
																	"size": [ "default", "default" ],
																	"max_size": [ "70%", "default" ],
																	"anchor_from": "top_right",
																	"anchor_to": "top_right",
																	"color": "$body_text_color",
																	"bindings": [
																		{	"binding_name": "#world_texture_name",
																			"binding_name_override": "#text" }
																	] }
															}, {	"section_divider": {
																	"type": "image",
																	"texture": "textures/ui/White",
																	"offset": [ 0, 0 ],
																	"anchor_from": "bottom_left",
																	"anchor_to": "bottom_left",
																	"color": "gray",
																	"size": [ "100%", 1 ] }
															}
														] }
												}, {	"path_type": {
														"type": "panel",
														"size": [ "100%", "100%cm + 2px" ],
														"anchor_from": "top_left",
														"anchor_to": "top_left",
														"controls": [
															{	"type_label": {
																	"type": "label",
																	"text": "Path Type: ",
																	"size": [ "default", "default" ],
																	"max_size": [ "30%", "default" ],
																	"anchor_from": "top_left",
																	"anchor_to": "top_left",
																	"color": "$title_text_color" }
															}, {	"value_label": {
																	"type": "label",
																	"text": "#text",
																	"size": [ "default", "default" ],
																	"max_size": [ "70%", "default" ],
																	"anchor_from": "top_right",
																	"anchor_to": "top_right",
																	"color": "$body_text_color",
																	"bindings": [
																		{	"binding_name": "#world_texture_locationtype",
																			"binding_name_override": "#text" }
																	] }
															}, {	"section_divider": {
																	"type": "image",
																	"texture": "textures/ui/White",
																	"offset": [ 0, 0 ],
																	"anchor_from": "bottom_left",
																	"anchor_to": "bottom_left",
																	"color": "gray",
																	"size": [ "100%", 1 ] }
															}
														] }
												}
											] }
									}
								] }
						}
					] }
			}
		] },
/*
	"selector_pane_content/world_snapshot_image/thumbnail": {
		"modifications": [
			{	"array_name": "controls",
				"operation": "insert_back",
				"value": [
					{	"world_snapshot_toggle@common.toggle": {
							"$toggle_name": "world_snapshot_toggles",
							"$radio_toggle_group": true,
							"$toggle_group_forced_index": 1,
							"bindings": [
								{	"binding_type": "view",
									"source_property_name": "(not #toggle_state)",
									"target_property_name": "#enabled" }
							] }
					}
				] }
		] },
*/
  "selector_pane_content": {
    "type": "stack_panel",

    "$tts_section_header": "realmsSettingsScreen.worldSectionTitle",
    "variables": {
      "requires": "$is_pregame",
      "$tts_section_header": "options.editSettings"
    },
    "controls": [
      {
        "world_snapshot_image": {
          "ignored": "(not $is_pregame)",
          "type": "panel",
          "size": [ "100%", "100%c + 2px" ],
          "controls": [
            {
              "thumbnail": {
                "type": "image",
                "force_texture_reload": true,
                "size": [ "100% - 2px", "56.25%x + 2.25px" ],
                "bilinear": true,
                "layer": 2,
                "anchor_from": "top_middle",
                "anchor_to": "top_middle",
                "offset": [ 0, 1 ],
                "fill": true,
                "controls": [
                  {
                    "border": {
                      "type": "image",
                      "size": [ "100% + 2px", "100% + 2px" ],
                      "texture": "textures/ui/BannersTransparent",
                      "anchor_from": "center",
                      "anchor_to": "center",
                      "layer": 1
                    }
                  },
					{	"world_snapshot_toggle@common.toggle": {
							"$toggle_name": "world_snapshot_toggles",
							"$radio_toggle_group": true,
							"$toggle_group_forced_index": 1,
    "button_mappings": [
      {
        "from_button_id": "button.menu_select",
        "to_button_id": "button.musicbar_unfold",
        "mapping_type": "pressed",
        "button_up_right_of_first_refusal": false
      }
    ],

							"bindings": [
								{	"binding_type": "view",
									"source_property_name": "(not #toggle_state)",
									"target_property_name": "#enabled" }
							] }
					}
                ],
                "bindings": [
                  {
                    "binding_name": "#world_texture_name",
                    "binding_name_override": "#texture"
                  },
                  {
                    "binding_name": "#world_texture_locationtype",
                    "binding_name_override": "#texture_file_system"
                  }
                ]
              }
            }
          ]
        }
      },
      {
        "play_or_create_panel@world_section.play_or_create_stack_bedrock": {
          "ignored": "(not $is_pregame or $education_edition)",
          "$button_text_max_size": [ "100%", 20 ]
        }
      },
      {
        "upload_world_panel@world_section.upload_world_stack_bedrock": {
          "ignored": "(not $is_pregame or $education_edition)",
          "$button_text_max_size": [ "100%", 20 ]
        }
      },
      {
        "play_or_host_panel@world_section.play_or_host_stack_edu": {}
      },
      {
        "spacer": {
          "type": "panel",
          "size": [ 0, 8 ]
        }
      },
      {
        "server_settings_visibility_panel": {
          "type": "stack_panel",
          "bindings": [
            {
              "binding_name": "#server_settings_visible",
              "binding_name_override": "#visible"
            }
          ],

          "controls": [
            {
              "selector_group_label_0@settings_common.selector_group_label": {
                "ignored": "($is_pregame)",
                "text": "options.category.server"
              }
            },
            {
              "server_settings_button@world_section.server_settings_button": {
                "ignored": "($is_pregame)",
                "$toggle_group_forced_index": "$server_forced_index"
              }
            },
            {
              "server_spacer": {
                "type": "panel",
                "size": [ 0, 2 ]
              }
            }
          ]
        }
      },
			{	"main_header@settings.options_header_content": {
					"$header_text": "$tts_section_header",
					"$show_section_type_divider": false }
			},
			{	"normal_button@settings_common.homepage_button": {
					"$toggle_view_binding_name": "world_normal_button_toggle",
					"$toggle_group_forced_index": 51200,
					"$toggle_default_state": true,
					"$toggle_group_default_selected": 51200,
					"$item_texture": "elytra_common/settings/world_normal",
					"$button_text": "options.category.world.normal",
					"$button_text_secondary": "options.category.world.normal.description",
					"$toggle_property_bag": {
						"#panel_title": "createWorldScreen.world.normal.settings" }
				} },
			{	"extend_button@settings_common.homepage_button": {
					"$toggle_view_binding_name": "world_extend_button_toggle",
					"$toggle_group_forced_index": 51201,
					"$item_texture": "elytra_common/settings/world_expand",
					"$button_text": "options.category.world.extend",
					"$button_text_secondary": "options.category.world.extend.description",
					"$toggle_property_bag": {
						"#panel_title": "createWorldScreen.world.extend.settings" }
				} },
			{	"multiplayer_button@settings_common.homepage_button": {
					"$toggle_view_binding_name": "world_multiplayer_button_toggle",
					"$toggle_group_forced_index": 51202,
					"$item_texture": "elytra_common/settings/world_mul",
					"$button_text": "options.category.world.multiplayer",
					"$button_text_secondary": "options.category.world.multiplayer.description",
					"$toggle_property_bag": {
						"#panel_title": "createWorldScreen.world.multiplayer.settings" },
    "controls": [
      {
        // done as a child to allow for parent bindings
        "$toggle_view_binding_name@$template_toggle": {
        }
      },
						{	"multiplayer_toggle@settings_common.option_toggle_control": {
								"size": [ 30, 16 ],
								"offset": [ -4, 0 ],
								"anchor_from": "right_middle",
								"anchor_to": "right_middle",
								"$option_binding_name": "#multiplayer_game",
								"$option_enabled_binding_name": "#multiplayer_game_enabled",
								"$toggle_name": "multiplayer_game",
								"$radio_toggle_group": false,
								"$toggle_grouo_forced_index": -1,
								"layer": 10,
								"consume_hover_events": false }
						}
    ]
	
				} },
			{	"cheat_button@settings_common.homepage_button": {
					"$toggle_view_binding_name": "world_cheat_button_toggle",
					"$toggle_group_forced_index": 51203,
					"$item_texture": "elytra_common/settings/world_cheat",
					"$button_text": "options.category.world.cheat",
					"$button_text_secondary": "options.category.world.cheat.description",
					"$toggle_property_bag": {
						"#panel_title": "createWorldScreen.world.cheat.settings" },
    "controls": [
      {
        // done as a child to allow for parent bindings
        "$toggle_view_binding_name@$template_toggle": {
        }
      },
						{	"cheat_toggle@settings_common.option_toggle_control": {
								"size": [ 30, 16 ],
								"offset": [ -4, 0 ],
								"anchor_from": "right_middle",
								"anchor_to": "right_middle",
								"$option_binding_name": "#allow_cheats",
								"$option_enabled_binding_name": "#allow_cheats_enabled",
								"$toggle_name": "allow_cheats",
								"$radio_toggle_group": false,
								"$toggle_grouo_forced_index": -1,
								"$toggle_binding_condition": "always_when_visible",
								"layer": 10,
								"consume_hover_events": false }
						}
    ]
				} },
			{	"exp_button@settings_common.homepage_button": {
					"$toggle_view_binding_name": "world_exp_button_toggle",
					"$toggle_group_forced_index": 51204,
					"$item_texture": "elytra_common/settings/world_experience",
					"$button_text": "options.category.world.exp",
					"$button_text_secondary": "options.category.world.exp.description",
					"$toggle_property_bag": {
						"#panel_title": "createWorldScreen.world.exp.settings" }
				} },
      {
        "classroom_button@settings_common.section_toggle_base": {
          "ignored": "($nx_os or not $education_edition)",
          "$toggle_view_binding_name": "classroom_button_toggle",
          "$toggle_group_forced_index": "$classroom_forced_index",
          "$glyph_texture": "textures/ui/bookshelf_flat_border",
          "$glyph_color_texture": "textures/ui/bookshelf_flat",
          "$glyph_size": [ 21, 14 ],
          "$button_text": "options.category.classroom_settings",
          "$toggle_property_bag": {
            "#panel_title": "createWorldScreen.classroom.settings"
          }
        }
      },
      {
        "switch_game_button@world_section.game_button": {
          "ignored": "(not $nx_os)",
          "$toggle_group_forced_index": "$game_forced_index",
          "$glyph_texture": "textures/ui/controller_glyph_switch",
          "$glyph_color_texture": "textures/ui/controller_glyph_color_switch"
        }
      },/*
      {
        "multiplayer_button@world_section.multiplayer_button": {
          "visible": "(not $education_edition)",
          "$toggle_group_forced_index": "$multiplayer_forced_index"
        }
      },*/
      {
        "debug_button@world_section.debug_button": {
          "ignored": "$is_publish"
        }
      }
    ]
  },

	"world_game_mode_dropdown_content@settings_common.option_radio_dropdown_group": {
		"$radio_buttons": [
			{	"world_survival_mode_toggle@settings_common.radio_with_label": {
					"$toggle_state_binding_name": "#world_game_mode_radio_survival",
					"$radio_label_text": "createWorldScreen.gameMode.survival" }
			}, {	"world_creative_mode_toggle@settings_common.radio_with_label": {
					"$toggle_state_binding_name": "#world_game_mode_radio_creative",
					"$radio_label_text": "createWorldScreen.gameMode.creative" }
			}, {	"world_adventure_mode_toggle@settings_common.radio_with_label": {
					"$toggle_state_binding_name": "#world_game_mode_radio_adventure",
					"$radio_label_text": "createWorldScreen.gameMode.adventure" }
			}, {	"world_spectator_mode_toggle@settings_common.radio_with_label": {
					"$toggle_state_binding_name": "#world_game_mode_radio_spectator",
					"$radio_label_text": "createWorldScreen.gameMode.spectator" }
			}
		] },


	"world_normal_sections": {
		"type": "stack_panel",
		"size": [ "100%", "100%c" ],
		"bindings": [
			{	"binding_type": "view",
				"source_control_name": "world_normal_button_toggle",
				"source_property_name": "#toggle_state",
				"target_property_name": "#visible" }
		],
		"controls": [
      {
        "new_edit_world_opt_in_panel": {
					"ignored": true,
          "type": "stack_panel",
          "orientation": "vertical",
          "size": [ "100%", "100%c + 4px" ],
          "controls": [
            {
              "panel_title@settings_common.option_group_label": {
                "$text": "options.newUiEditWorld.title"
              }
            },
            {
              "panel_text@settings_common.option_group_label": {
                "$text": "options.newUiEditWorld.info"
              }
            },
            {
              "opt_in_button@settings_common.action_button": {
                "size": [ "100%", 30 ],
                "$button_text": "options.newUiEditWorld.initiate",
                "$pressed_button_name": "switch_to_new_edit_world",
                "$focus_override_right": "FOCUS_OVERRIDE_STOP"
              }
            }
          ]
        }
      },
			{ "section_raise_panel@settings_common.section_raise_panel": { "$toggle_view_binding_name": "world_normal_button_toggle" } },
					{	"imagetip@settings_common.option_info_label": {
							"ignored": "(not $is_pregame)",
							"$container_text_binding_name": "createWorldScreen.leftImageClickable",
							"$show_option_label": false }
					},
			{	"world_name@settings_common.option_text_edit": {
					"$option_label": "$world_name_label",
					"$option_place_holder_text": "createWorldScreen.defaultName",
					"$option_binding_name": "#world_name",
					"$option_enabled_binding_name": "#world_name_enabled",
					"$text_box_name": "world_name_text_box",
					"$focus_override_right": "FOCUS_OVERRIDE_STOP",
					"$allow_data_binding": true }
			},
			{	"world_seed@settings_common.option_text_edit": {
					"$option_label": "$world_name_label",
					"$option_place_holder_text": "createWorldScreen.levelSeed",
					"$option_binding_name": "#world_seed",
					"$option_enabled_binding_name": "#world_seed_enabled",
					"$text_box_name": "world_seed_text_box",
					"$focus_override_right": "FOCUS_OVERRIDE_STOP",
					"$allow_data_binding": true }
			},
      {
        "option_dropdown_0@settings_common.option_dropdown": {
          "$option_label": "createWorldScreen.gameMode.default",
          "$dropdown_content": "world_section.world_game_mode_dropdown_content",
          "$dropdown_area": "content_area",
          "$dropdown_name": "world_game_mode_dropdown",
          "$options_dropdown_toggle_label_binding": "#world_game_mode_dropdown_toggle_label",
          "$option_enabled_binding_name": "#world_game_mode_dropdown_enabled",
          "$selection_highlight_offset": [ -2, 1 ],
          "$selection_highlight_size": [ "100%", "100% + 1px" ],
          "$focus_override_right": "FOCUS_OVERRIDE_STOP",
		// "$control_name": "dropdown_stack_panel",
		"$main_stack": [
			{	"@dropdown_content_item": {
					"$toggle_name": "#world_game_mode_radio_survival",
					"$button_text": "createWorldScreen.gameMode.survival" }
			}, { "@dropdown_content_padding": { }
			}, {	"@dropdown_content_item": {
					"$toggle_name": "#world_game_mode_radio_creative",
					"$button_text": "createWorldScreen.gameMode.creative" }
			}, { "@dropdown_content_padding": { }
			}, {	"@dropdown_content_item": {
					"$toggle_name": "#world_game_mode_radio_adventure",
					"$button_text": "createWorldScreen.gameMode.adventure" }
			}, { "@dropdown_content_padding": { "ignored": "$is_normal" } 
			}, {	"@dropdown_content_item": {
					"ignored": "$is_normal",
					"$toggle_name": "#world_game_mode_radio_spectator",
					"$button_text": "createWorldScreen.gameMode.spectator" }
			}
		]
        }
      },
      {
        "option_dropdown_1@settings_common.option_dropdown": {
          "ignored": "($is_pregame or $is_editor_mode_enabled)",
          "$option_label": "createWorldScreen.gameMode.personal",
          "$dropdown_content": "world_section.player_game_mode_dropdown_content",
          "$dropdown_area": "content_area",
          "$dropdown_name": "player_game_mode_dropdown",
          "$options_dropdown_toggle_label_binding": "#player_game_mode_dropdown_toggle_label",
          "$option_enabled_binding_name": "#player_game_mode_dropdown_enabled",
          "$dropdown_scroll_content_size": [ "100%", "260%" ],
          "$focus_override_right": "FOCUS_OVERRIDE_STOP",
          "bindings": [
            {
              "binding_name": "#player_game_mode_dropdown_visible",
              "binding_name_override": "#visible"
            }
          ] ,
		// "$control_name": "dropdown_stack_panel",
		"$main_stack": [
			{	"@dropdown_content_item": {
					"$toggle_name": "#player_game_mode_radio_default",
					"$button_text": "createWorldScreen.gameMode.serverDefault" }
			}, { "@dropdown_content_padding": { }
			}, {	"@dropdown_content_item": {
					"$toggle_name": "#player_game_mode_radio_survival",
					"$button_text": "createWorldScreen.gameMode.survival" }
			}, { "@dropdown_content_padding": { }
			}, {	"@dropdown_content_item": {
					"$toggle_name": "#player_game_mode_radio_creative",
					"$button_text": "createWorldScreen.gameMode.creative" }
			}, { "@dropdown_content_padding": { }
			}, {	"@dropdown_content_item": {
					"$toggle_name": "#player_game_mode_radio_adventure",
					"$button_text": "createWorldScreen.gameMode.adventure" }
			}, { "@dropdown_content_padding": { } 
			}, {	"@dropdown_content_item": {
					"$toggle_name": "#player_game_mode_radio_spectator",
					"$button_text": "createWorldScreen.gameMode.spectator" }
			}
		]
        }
      },
      {
        "option_dropdown_2@settings_common.option_dropdown": {
          "$option_label": "options.difficulty",
          "$dropdown_content": "world_section.world_difficulty_dropdown_content",
          "$dropdown_area": "content_area",
          "$dropdown_name": "world_difficulty_dropdown",
          "$options_dropdown_toggle_label_binding": "#world_difficulty_dropdown_toggle_label",
          "$option_enabled_binding_name": "#world_difficulty_dropdown_enabled",
          "$dropdown_scroll_content_size": [ "100%", "260%" ],
          "$focus_override_right": "FOCUS_OVERRIDE_STOP",
		// "$control_name": "dropdown_stack_panel",
		"$main_stack": [
			{	"@dropdown_content_item": {
					"$toggle_name": "#world_difficulty_radio_peaceful",
					"$button_text": "options.difficulty.peaceful" }
			}, { "@dropdown_content_padding": { }
			}, {	"@dropdown_content_item": {
					"$toggle_name": "#world_difficulty_radio_easy",
					"$button_text": "options.difficulty.easy" }
			}, { "@dropdown_content_padding": { }
			}, {	"@dropdown_content_item": {
					"$toggle_name": "#world_difficulty_radio_normal",
					"$button_text": "options.difficulty.normal" }
			}, { "@dropdown_content_padding": { } 
			}, {	"@dropdown_content_item": {
					"$toggle_name": "#world_difficulty_radio_hard",
					"$button_text": "options.difficulty.hard" }
			}
		]
        }
      },

					{	"delete_and_export": {
							"type": "stack_panel",
							"size": [ "100%", 24 ],
							"orientation": "horizontal",
							"controls": [
								{	"delete_world@common_buttons.light_text_button": {
										"enabled": "($is_world_edit and not $is_mp_client and $is_pregame)",
										"size": [ "fill", "100%" ],
										"$button_text": "gui.deleteWorldLong",
										"$pressed_button_name": "delete_world_button" }
								}, {	"center_padding": {
										"type": "panel",
										"size": [ 2, "100%" ] }
								}, {	"export_world@common_buttons.light_text_button": {
										"enabled": "($is_world_edit and not $is_mp_client and $is_pregame)",
										"size": [ "fill", "100%" ],
										"$button_text": "gui.exportWorld",
										"$pressed_button_name": "export_world_button" }
								}
							] }
					}, {	"delete_and_export_padding": {
							"type": "panel",
							"size": [ "100%", 2 ] }
					}, {	"copy_and_export": {
							"type": "stack_panel",
							"size": [ "100%", 24 ],
							"orientation": "horizontal",
							"controls": [
								{	"copy_world@common_buttons.light_text_button": {
										"enabled": "($is_world_edit and not $is_mp_client and $is_pregame)",
										"size": [ "fill", "100%" ],
										"$button_text": "gui.copyWorld",
										"$pressed_button_name": "copy_world_button" }
								}, {	"center_padding": {
										"type": "panel",
										"size": [ 2, "100%" ] }
								}, {	"export_template@common_buttons.light_text_button": {
										"enabled": "($is_world_edit and not $is_mp_client and $is_pregame)",
										"size": [ "fill", "100%" ],
										"$button_text": "gui.exportTemplate",
										"$pressed_button_name": "export_template_button" }
								}
							] }
					}
		] },

	"world_extend_sections": {
		"type": "stack_panel",
		"size": [ "100%", "100%c" ],
		"bindings": [
			{	"binding_type": "view",
				"source_control_name": "world_extend_button_toggle",
				"source_property_name": "#toggle_state",
				"target_property_name": "#visible" }
		],
		"controls": [
			{ "section_raise_panel@settings_common.section_raise_panel": { "$toggle_view_binding_name": "world_extend_button_toggle" } },
      {
        "server_sim_distance_slider@settings_common.option_slider": {
          "$tts_section_header": "createWorldScreen.worldPreferences",
          "ignored": "($is_holographic)",
          "$option_label": "#server_sim_distance_slider_label",
          "$slider_name": "server_sim_distance",
          "$slider_value_binding_name": "#server_sim_distance",
          "$option_enabled_binding_name": "#server_sim_distance_enabled",
          "$slider_tts_text_value": "#server_sim_distance_text_value",
          "$slider_steps_binding_name": "#server_sim_distance_steps",
          "$label_bindings": [
            {
              "binding_name": "$option_label"
            }
          ]
        }
      },
      {
        "pvp_toggle@settings_common.option_toggle": {
          "$tts_section_header": "createWorldScreen.worldSettings",
          "$option_label": "createWorldScreen.pvp",
          "$option_binding_name": "#pvp",
          "$option_enabled_binding_name": "#pvp_enabled",
          "$toggle_name": "pvp",
          "$focus_override_right": "FOCUS_OVERRIDE_STOP",
          "$toggle_binding_condition": "always_when_visible"
        }
      },
      {
        "show_coordinates_toggle@settings_common.option_toggle": {
          "$tts_section_header": "createWorldScreen.worldSettings",
          "$option_label": "createWorldScreen.showCoordinates",
          "$option_binding_name": "#show_coordinates",
          "$option_enabled_binding_name": "#show_coordinates_enabled",
          "$toggle_name": "show_coordinates",
          "$focus_override_right": "FOCUS_OVERRIDE_STOP",
          "$toggle_binding_condition": "always_when_visible"
        }
      },
      {
        "show_days_played_toggle@settings_common.option_toggle": {
          "$tts_section_header": "createWorldScreen.worldSettings",
          "$option_label": "createWorldScreen.showDaysPlayed",
          "$option_binding_name": "#show_days_played",
          "$option_enabled_binding_name": "#show_days_played_enabled",
          "$toggle_name": "show_days_played",
          "$focus_override_right": "FOCUS_OVERRIDE_STOP",
          "$toggle_binding_condition": "always_when_visible"
        }
      },
      {
        "fire_spreads_toggle@settings_common.option_toggle": {
          "$tts_section_header": "createWorldScreen.worldSettings",
          "$option_label": "createWorldScreen.fireSpreads",
          "$option_binding_name": "#fire_spreads",
          "$option_enabled_binding_name": "#fire_spreads_enabled",
          "$toggle_name": "fire_spreads",
          "$focus_override_right": "FOCUS_OVERRIDE_STOP",
          "$toggle_binding_condition": "always_when_visible"
        }
      },
      {
        "recipes_unlock_toggle@settings_common.option_toggle": {
          "$tts_section_header": "createWorldScreen.worldSettings",
          "$option_label": "createWorldScreen.recipesUnlock",
          "$option_binding_name": "#recipes_unlock",
          "$option_enabled_binding_name": "#recipes_unlock_enabled",
          "$toggle_name": "recipes_unlock",
          "$focus_override_right": "FOCUS_OVERRIDE_STOP",
          "$toggle_binding_condition": "always_when_visible"
        }
      },
      {
        "tnt_explodes_toggle@settings_common.option_toggle": {
          "$tts_section_header": "createWorldScreen.worldSettings",
          "$option_label": "createWorldScreen.tntexplodes",
          "$option_binding_name": "#tnt_explodes",
          "$option_enabled_binding_name": "#tnt_explodes_enabled",
          "$toggle_name": "tnt_explodes",
          "$focus_override_right": "FOCUS_OVERRIDE_STOP",
          "$toggle_binding_condition": "always_when_visible"
        }
      },
      {
        "respawn_blocks_explode_toggle@settings_common.option_toggle": {
          "$tts_section_header": "createWorldScreen.worldSettings",
          "ignored": "$education_edition",
          "$option_label": "createWorldScreen.respawnblocksexplode",
          "$option_binding_name": "#respawn_blocks_explode",
          "$option_enabled_binding_name": "#respawn_blocks_explode_enabled",
          "$toggle_name": "respawn_blocks_explode",
          "$focus_override_right": "FOCUS_OVERRIDE_STOP",
          "$toggle_binding_condition": "always_when_visible"
        }
      },
      {
        "mob_loot_toggle@settings_common.option_toggle": {
          "$tts_section_header": "createWorldScreen.worldSettings",
          "$option_label": "createWorldScreen.mobLoot",
          "$option_binding_name": "#mob_loot",
          "$option_enabled_binding_name": "#mob_loot_enabled",
          "$toggle_name": "mob_loot",
          "$focus_override_right": "FOCUS_OVERRIDE_STOP",
          "$toggle_binding_condition": "always_when_visible"
        }
      },
      {
        "natural_regeneration_toggle@settings_common.option_toggle": {
          "$tts_section_header": "createWorldScreen.worldSettings",
          "$option_label": "createWorldScreen.naturalregeneration",
          "$option_binding_name": "#natural_regeneration",
          "$option_enabled_binding_name": "#natural_regeneration_enabled",
          "$toggle_name": "natural_regeneration",
          "$focus_override_right": "FOCUS_OVERRIDE_STOP",
          "$toggle_binding_condition": "always_when_visible"
        }
      },
      {
        "tile_drops_toggle@settings_common.option_toggle": {
          "$tts_section_header": "createWorldScreen.worldSettings",
          "$option_label": "createWorldScreen.tileDrops",
          "$option_binding_name": "#tile_drops",
          "$option_enabled_binding_name": "#tile_drops_enabled",
          "$toggle_name": "tile_drops",
          "$focus_override_right": "FOCUS_OVERRIDE_STOP",
          "$toggle_binding_condition": "always_when_visible"
        }
      },
      {
        "immediate_respawn_toggle@settings_common.option_toggle": {
          "$tts_section_header": "createWorldScreen.worldSettings",
          "$option_label": "createWorldScreen.immediaterespawn",
          "$option_binding_name": "#immediaterespawn",
          "$option_enabled_binding_name": "#immediaterespawn_enabled",
          "$toggle_name": "doimmediaterespawn",
          "$focus_override_right": "FOCUS_OVERRIDE_STOP",
          "$toggle_binding_condition": "always_when_visible"
        }
      },
      {
        "respawn_radius@settings_common.option_text_edit": {
          "$option_label": "createWorldScreen.respawnRadius",
          "$option_binding_name": "#respawn_radius",
          "$option_enabled_binding_name": "#respawn_radius_enabled",
          "$text_box_name": "respawn_radius_text_box",
          "$focus_override_right": "FOCUS_OVERRIDE_STOP",
          "$max_text_edit_length": 8,
          "$text_edit_box_text_type": "NumberChars"
        }
      }]} ,
	"world_cheat_sections": {
		"type": "stack_panel",
		"size": [ "100%", "100%c" ],
		"bindings": [
			{	"binding_type": "view",
				"source_control_name": "world_cheat_button_toggle",
				"source_property_name": "#toggle_state",
				"target_property_name": "#visible" }
		],
		"controls": [
			{ "section_raise_panel@settings_common.section_raise_panel": { "$toggle_view_binding_name": "world_cheat_button_toggle" } },/*
      {
        "allow_cheats_toggle@settings_common.option_toggle": {
          "$tts_section_header": "createWorldScreen.cheatSettings",
          "$option_label": "selectWorld.cheats",
          "$option_binding_name": "#allow_cheats",
          "$option_enabled_binding_name": "#allow_cheats_enabled",
          "$toggle_name": "allow_cheats",
          "$focus_override_right": "FOCUS_OVERRIDE_STOP",
          "$toggle_binding_condition": "always_when_visible"
        }
      },*/
      {
        "education_toggle@settings_common.option_toggle": {
          "$tts_section_header": "createWorldScreen.cheatSettings",
          // Ignore education toggle in education since education is always on in education
          "ignored": "$education_edition",
          "$option_label": "createWorldScreen.educationtoggle",
          "$option_binding_name": "#education_toggle",
          "$option_enabled_binding_name": "#education_toggle_enabled",
          "$toggle_name": "education_toggle",
          "$focus_override_right": "FOCUS_OVERRIDE_STOP"
        }
      },
      {
        "always_day_toggle@settings_common.option_toggle": {
          "$tts_section_header": "createWorldScreen.cheatSettings",
          "$option_label": "createWorldScreen.alwaysDay",
          "$option_binding_name": "#always_day",
          "$option_enabled_binding_name": "#always_day_enabled",
          "$toggle_name": "always_day",
          "$focus_override_right": "FOCUS_OVERRIDE_STOP",
          "$toggle_binding_condition": "always_when_visible"
        }
      },
      {
        "daylight_cycle_toggle@settings_common.option_toggle": {
          "$tts_section_header": "createWorldScreen.cheatSettings",
          "$option_label": "createWorldScreen.daylightcycle",
          "$option_binding_name": "#daylight_cycle",
          "$option_enabled_binding_name": "#daylight_cycle_enabled",
          "$toggle_name": "daylight_cycle",
          "$focus_override_right": "FOCUS_OVERRIDE_STOP",
          "$toggle_binding_condition": "always_when_visible"
        }
      },
      {
        "keep_inventory_toggle@settings_common.option_toggle": {
          "$tts_section_header": "createWorldScreen.cheatSettings",
          "$option_label": "createWorldScreen.keepInventory",
          "$option_binding_name": "#keep_inventory",
          "$option_enabled_binding_name": "#keep_inventory_enabled",
          "$toggle_name": "keep_inventory",
          "$focus_override_right": "FOCUS_OVERRIDE_STOP",
          "$toggle_binding_condition": "always_when_visible"
        }
      },
      {
        "mob_spawn_toggle@settings_common.option_toggle": {
          "$tts_section_header": "createWorldScreen.cheatSettings",
          "$option_label": "createWorldScreen.mobSpawn",
          "$option_binding_name": "#mob_spawn",
          "$option_enabled_binding_name": "#mob_spawn_enabled",
          "$toggle_name": "mob_spawn",
          "$focus_override_right": "FOCUS_OVERRIDE_STOP",
          "$toggle_binding_condition": "always_when_visible"
        }
      },
      {
        "mob_griefing_toggle@settings_common.option_toggle": {
          "$tts_section_header": "createWorldScreen.cheatSettings",
          "$option_label": "createWorldScreen.mobgriefing",
          "$option_binding_name": "#mob_griefing",
          "$option_enabled_binding_name": "#mob_griefing_enabled",
          "$toggle_name": "mob_griefing",
          "$focus_override_right": "FOCUS_OVERRIDE_STOP",
          "$toggle_binding_condition": "always_when_visible"
        }
      },
      {
        "entities_drop_loot_toggle@settings_common.option_toggle": {
          "$tts_section_header": "createWorldScreen.cheatSettings",
          "$option_label": "createWorldScreen.entitiesdroploot",
          "$option_binding_name": "#entities_drop_loot",
          "$option_enabled_binding_name": "#entities_drop_loot_enabled",
          "$toggle_name": "entities_drop_loot",
          "$focus_override_right": "FOCUS_OVERRIDE_STOP",
          "$toggle_binding_condition": "always_when_visible"
        }
      },
      {
        "weather_cycle_toggle@settings_common.option_toggle": {
          "$tts_section_header": "createWorldScreen.cheatSettings",
          "$option_label": "createWorldScreen.weathercycle",
          "$option_binding_name": "#weather_cycle",
          "$option_enabled_binding_name": "#weather_cycle_enabled",
          "$toggle_name": "weather_cycle",
          "$focus_override_right": "FOCUS_OVERRIDE_STOP",
          "variables": [
            {
              "requires": "$desktop_screen",
              "$one_line_layout": true
            }
          ],
          "$toggle_binding_condition": "always_when_visible"
        }
      },
      {
        "command_blocks_enabled_toggle@settings_common.option_toggle": {
          "$tts_section_header": "createWorldScreen.cheatSettings",
          "$option_label": "createWorldScreen.commandblocksenabled",
          "$option_binding_name": "#command_blocks_enabled",
          "$option_enabled_binding_name": "#command_blocks_enabled_on",
          "$toggle_name": "command_blocks_enabled",
          "$focus_override_right": "FOCUS_OVERRIDE_STOP",
          "$toggle_binding_condition": "always_when_visible"
        }
      },
      {
        "random_tick_speed@settings_common.option_text_edit_with_text_button": {
          "$option_label": "createWorldScreen.randomtickspeed",
          "$option_binding_name": "#random_tick_speed",
          "$option_enabled_binding_name": "#random_tick_speed_enabled",
          "$max_text_edit_length": 4,
          "$text_edit_box_text_type": "NumberChars",
          "$option_text_edit_control_size": [ "50%", "100%" ],
          "$text_box_name": "random_tick_speed_text_box",
          "$button_text": "createWorldScreen.randomtickspeed.reset",
          "$pressed_button_name": "reset_random_tick_speed"
        }
      }
		] },

	"world_exp_sections": {
		"type": "stack_panel",
		"size": [ "100%", "100%c" ],
		"bindings": [
			{	"binding_type": "view",
				"source_control_name": "world_exp_button_toggle",
				"source_property_name": "#toggle_state",
				"target_property_name": "#visible" }
		],
		"controls": [
			{ "section_raise_panel@settings_common.section_raise_panel": { "$toggle_view_binding_name": "world_exp_button_toggle" } },
			{
        "experimental_toggles": {
          "type": "stack_panel",
          "orientation": "vertical",
          "size": [ "100%", "100%c" ],
          // Ignore education toggle in education since education doesn't allow experiments presently
          "ignored": "($is_publish and $education_edition)",
          "factory": {
            "name": "experimental_toggle_factory",
            "control_name": "world_section.experimental_toggle"
          },

          "collection_name": "experimental_toggles",
          "bindings": [
            {
              "binding_name": "#experimental_toggle_count",
              "binding_name_override": "#collection_length"
            }
          ]
        }
      
      
			}
		] },

	"multiplayer_section": {
		"bindings": [
			{	"binding_type": "view",
				"source_control_name": "world_multiplayer_button_toggle",
				"source_property_name": "#toggle_state",
				"target_property_name": "#visible" }
		],
		"modifications": [
			{	"array_name": "controls",
				"operation": "insert_back",
				"value": [
      {
        "pvp_toggle@settings_common.option_toggle": {
          "$tts_section_header": "createWorldScreen.worldSettings",
          "$option_label": "createWorldScreen.pvp",
          "$option_binding_name": "#pvp",
          "$option_enabled_binding_name": "#pvp_enabled",
          "$toggle_name": "pvp",
          "$focus_override_right": "FOCUS_OVERRIDE_STOP",
          "$toggle_binding_condition": "always_when_visible"
        }
      }]}] },

	"launch_world_button_stack_def": {
		"size": [ "100%", 24 ] },

	"play_or_create_stack_bedrock/create_or_play_button": {
		"size": [ "fill", "100%" ] },

	"play_or_create_stack_bedrock/play_on_realm_button": {
		"size": [ "fill", "100%" ] }
/*
	"game_section": {
		"modifications": [
			{	"control_name": "delete_button",
				"operation": "replace",
				"value": [
					{	"delete_and_export": {
							"type": "stack_panel",
							"size": [ "100%", 24 ],
							"orientation": "horizontal",
							"controls": [
								{	"delete_world@common_buttons.light_text_button": {
										"enabled": "($is_world_edit and not $is_mp_client and $is_pregame)",
										"size": [ "fill", "100%" ],
										"$button_text": "gui.deleteWorldLong",
										"$pressed_button_name": "delete_world_button" }
								}, {	"center_padding": {
										"type": "panel",
										"size": [ 2, "100%" ] }
								}, {	"export_world@common_buttons.light_text_button": {
										"enabled": "($is_world_edit and not $is_mp_client and $is_pregame)",
										"size": [ "fill", "100%" ],
										"$button_text": "gui.exportWorld",
										"$pressed_button_name": "export_world_button" }
								}
							] }
					}, {	"delete_and_export_padding": {
							"type": "panel",
							"size": [ "100%", 2 ] }
					}, {	"copy_and_export": {
							"type": "stack_panel",
							"size": [ "100%", 24 ],
							"orientation": "horizontal",
							"controls": [
								{	"copy_world@common_buttons.light_text_button": {
										"enabled": "($is_world_edit and not $is_mp_client and $is_pregame)",
										"size": [ "fill", "100%" ],
										"$button_text": "gui.copyWorld",
										"$pressed_button_name": "copy_world_button" }
								}, {	"center_padding": {
										"type": "panel",
										"size": [ 2, "100%" ] }
								}, {	"export_template@common_buttons.light_text_button": {
										"enabled": "($is_world_edit and not $is_mp_client and $is_pregame)",
										"size": [ "fill", "100%" ],
										"$button_text": "gui.exportTemplate",
										"$pressed_button_name": "export_template_button" }
								}
							] }
					}
				] },
			{	"control_name": "option_info_label",
				"operation": "insert_after",
				"value": [
					{	"option_info_label_2@settings_common.option_info_label": {
							"ignored": "(not $is_pregame)",
							"$container_text_binding_name": "createWorldScreen.leftImageClickable",
							"$show_option_label": false }
					}
				] },
			{	"control_name": "button_panel",
				"operation": "remove" },
			{	"control_name": "export_template_panel",
				"operation": "remove" },
			{	"control_name": "clear_player_data_panel",
				"operation": "remove" },
			{	"control_name": "copy_world_panel",
				"operation": "remove" }
		] },

	"game_section/option_dropdown_0": {
		// "$control_name": "dropdown_stack_panel",
		"$main_stack": [
			{	"@dropdown_content_item": {
					"$toggle_name": "#world_game_mode_radio_survival",
					"$button_text": "createWorldScreen.gameMode.survival" }
			}, { "@dropdown_content_padding": { }
			}, {	"@dropdown_content_item": {
					"$toggle_name": "#world_game_mode_radio_creative",
					"$button_text": "createWorldScreen.gameMode.creative" }
			}, { "@dropdown_content_padding": { }
			}, {	"@dropdown_content_item": {
					"$toggle_name": "#world_game_mode_radio_adventure",
					"$button_text": "createWorldScreen.gameMode.adventure" }
			}, { "@dropdown_content_padding": { "ignored": "$is_normal" } 
			}, {	"@dropdown_content_item": {
					"ignored": "$is_normal",
					"$toggle_name": "#world_game_mode_radio_spectator",
					"$button_text": "createWorldScreen.gameMode.spectator" }
			}
		] },

	"game_section/option_dropdown_1": {
		// "$control_name": "dropdown_stack_panel",
		"$main_stack": [
			{	"@dropdown_content_item": {
					"$toggle_name": "#player_game_mode_radio_default",
					"$button_text": "createWorldScreen.gameMode.serverDefault" }
			}, { "@dropdown_content_padding": { }
			}, {	"@dropdown_content_item": {
					"$toggle_name": "#player_game_mode_radio_survival",
					"$button_text": "createWorldScreen.gameMode.survival" }
			}, { "@dropdown_content_padding": { }
			}, {	"@dropdown_content_item": {
					"$toggle_name": "#player_game_mode_radio_creative",
					"$button_text": "createWorldScreen.gameMode.creative" }
			}, { "@dropdown_content_padding": { }
			}, {	"@dropdown_content_item": {
					"$toggle_name": "#player_game_mode_radio_adventure",
					"$button_text": "createWorldScreen.gameMode.adventure" }
			}, { "@dropdown_content_padding": { } 
			}, {	"@dropdown_content_item": {
					"$toggle_name": "#player_game_mode_radio_spectator",
					"$button_text": "createWorldScreen.gameMode.spectator" }
			}
		] },

	"game_section/option_dropdown_2": {
		// "$control_name": "dropdown_stack_panel",
		"$main_stack": [
			{	"@dropdown_content_item": {
					"$toggle_name": "#world_difficulty_radio_peaceful",
					"$button_text": "options.difficulty.peaceful" }
			}, { "@dropdown_content_padding": { }
			}, {	"@dropdown_content_item": {
					"$toggle_name": "#world_difficulty_radio_easy",
					"$button_text": "options.difficulty.easy" }
			}, { "@dropdown_content_padding": { }
			}, {	"@dropdown_content_item": {
					"$toggle_name": "#world_difficulty_radio_normal",
					"$button_text": "options.difficulty.normal" }
			}, { "@dropdown_content_padding": { } 
			}, {	"@dropdown_content_item": {
					"$toggle_name": "#world_difficulty_radio_hard",
					"$button_text": "options.difficulty.hard" }
			}
		] },

	"game_section/convert_to_infinite_panel": {
		"enabled": "($is_world_edit and not $is_mp_client and $is_pregame)",
		"size": [ "100%", "100%c" ],
		"ignored": false,
		"bindings": [ ] },

	"game_section/convert_to_infinite_panel/convert_to_infinite_button": {
		"size": [ "100%", 24 ] }*/
}