{	"namespace": "elytra_screen_settings",

	"_info_1": "QQ: Bugjump (3071882091)",
	"_info_2": "Bilibili: Minecraft君9a7z (1345634151)",

	"_info_3": "未经允许，禁止使用任何此资源包的代码（可参考，但禁止复制）",
	"_info_4": "原作者保留任何权益",

	"selector_toggle@elytra_sidebar.sidebar_tge": {
		"toggle_name": "navigation_tab" },

	"selector_type_toggle@elytra_sidebar.sidebar_tge": {
		"toggle_name": "type_toggle",

		"$button_icon|default": "",
		"$button_icon_size": [ 16, 16 ],
		"$button_icon_offset": [ -4, 0 ],
		"$button_icon_anchor": "right_middle",

		"$extra_control_1": "@elytra_common.empty_panel",
		"$extra_control_2": "@elytra_common.empty_panel",
		"$extra_control_3": "@elytra_common.empty_panel",

		"$states_panel_variables": [
			{	"requires": "$is_checked",
				"$button_icon": "Elytra_UI/textures/icons/arrow_down" },
			{	"requires": "(not $is_checked)",
				"$button_icon": "Elytra_UI/textures/icons/arrow_right" }
		] },

	"selector_stack_panel": {
		"type": "stack_panel",

		"orientation": "vertical",

		"size": [ "100%", "100%c" ],
		"offset": [ 0, 0 ],
		"anchor_from": "top_left",
		"anchor_to": "top_left",

		"$is_verbose": true,
		"$sidebar_item_size": [ "100%", 24 ],

		"controls": [
			{	"home_tab_toggle@elytra_screen_settings.selector_toggle": {
					"toggle_group_forced_index": 0,
					"$button_text": "主页",

					"$control_name": "home_tab_toggle" }
			}, {	"component_toggle@elytra_screen_settings.selector_type_toggle": {
					"toggle_group_forced_index": 1,
					"$button_text": "组件",

					"$control_name": "component_toggle" }
			}, {	"component.button_tab_toggle@elytra_screen_settings.selector_toggle": {
					"toggle_group_forced_index": 1,
					"$button_text": "按钮",

					"$control_name": "component.button_tab_toggle",

					"bindings": [
						{	"binding_type": "view",
							"source_control_name": "component_toggle",
							"source_property_name": "#toggle_state",
							"target_property_name": "#visible" }
					] }
			}, {	"component.toggle_tab_toggle@elytra_screen_settings.selector_toggle": {
					"toggle_group_forced_index": 2,
					"$button_text": "开关",

					"$control_name": "component.toggle_tab_toggle",

					"bindings": [
						{	"binding_type": "view",
							"source_control_name": "component_toggle",
							"source_property_name": "#toggle_state",
							"target_property_name": "#visible" }
					] }
			}, {	"component.slider_tab_toggle@elytra_screen_settings.selector_toggle": {
					"toggle_group_forced_index": 3,
					"$button_text": "滑块",

					"$control_name": "component.slider_tab_toggle",

					"bindings": [
						{	"binding_type": "view",
							"source_control_name": "component_toggle",
							"source_property_name": "#toggle_state",
							"target_property_name": "#visible" }
					] }
			}
		] },

	"content_stack_panel_template": {
		"type": "stack_panel",

		"orientation": "vertical",

		"size": [ "100%", "100%c" ],
		"offset": [ 0, 0 ],
		"anchor_from": "top_left",
		"anchor_to": "top_left",

		"bindings": [
			{	"binding_type": "view",
				"source_control_name": "$visibility_binding_toggle_control",
				"source_property_name": "#toggle_state",
				"target_property_name": "#visible" }
		] },

	"content_stack_panel": {
		"type": "panel",

		"size": [ "100%", "100%c" ],
		"offset": [ 0, 0 ],
		"anchor_from": "top_left",
		"anchor_to": "top_left",

		"controls": [
			{	"home_tab@elytra_screen_settings.content_stack_panel_template": {
					"$visibility_binding_toggle_control": "home_tab_toggle",
					"controls": [
						{ "title_padding@elytra_paddings.y_24_padding": { } },
						{	"title_text": {
								"type": "label",

								"text": "Elytra UI",
								"text_alignment": "center",
								"font_type": "$ui_font_type",
								"font_scale_factor": 3.0,

								"size": [ "100%", "default" ],
								"offset": [ 0, 0 ],
								"anchor_from": "top_left",
								"anchor_to": "top_left",

								"layer": 1 }
						},
						{ "subtitle_padding@elytra_paddings.y_8_padding": { } },
						{	"subtitle_text": {
								"type": "label",

								"text": "开发文档",
								"text_alignment": "center",
								"font_type": "$ui_font_type",
								"font_scale_factor": 2.0,

								"size": [ "100%", "default" ],
								"offset": [ 0, 0 ],
								"anchor_from": "top_left",
								"anchor_to": "top_left",

								"layer": 1 }
						},
						{ "main_spacer@elytra_paddings.padding_panel": { "size": [ "100%", 48 ] } },
						{	"bottom_black_panel": {
								"type": "image",

								"texture": "UITextureBase/fill_white",
								"color": [ 0.0, 0.0, 0.0 ],
								"alpha": 0.5,
								"fill": true,

								"size": [ "100%", "100%c + 8px" ],
								"offset": [ 0, 0 ],
								"anchor_from": "top_left",
								"anchor_to": "top_left",

								"layer": 1,

								"controls": [
									{	"tiping_text": {
											"type": "label",

											"text": "Elytra UI 文档及 Elytra UI 由 Bugjump 制作\n保利所有权益\n如有错误请前往QQ群： 808528025 反馈",
											"text_alignment": "center",
											"font_type": "$ui_font_type",
											"font_scale_factor": 1.0,

											"size": [ "100%", "default" ],
											"offset": [ 0, 4 ],
											"anchor_from": "top_left",
											"anchor_to": "top_left",

											"layer": 1 }
									}
								] }
						}
					] }
			}
		] },

	"settings_content@elytra_variables.global": {
		"type": "panel",

		"anims": [
			"@elytra_animations.screen_exit_animation_push_alpha",
			"@elytra_animations.screen_exit_animation_pop_alpha",
			"@elytra_animations.screen_entrance_animation_push_alpha",
			"@elytra_animations.screen_entrance_animation_pop_alpha",

			"@elytra_animations.screen_exit_animation_push_offset",
			"@elytra_animations.screen_exit_animation_pop_offset",
			"@elytra_animations.screen_entrance_animation_push_offset",
			"@elytra_animations.screen_entrance_animation_pop_offset" ],
		"animation_reset_name": "screen_animation_reset",
		"propagate_alpha": true,

		"controls": [
			{	"title_bar_layout@elytra_common.title_bar_layout": {
					"$button_text": "menu.settings" }
			}, {	"selector_blur@elytra_common.blur_container": {
					"$outer_offset": [ "-100% + 150px", 0 ],
					"$inner_offset": [ "100% - 150px", 0 ] }
			}, {	"selector_panel": {
					"type": "panel",

					"size": [ 150, "100% - 18px" ],
					"offset": [ 0, 18 ],
					"anchor_from": "top_left",
					"anchor_to": "top_left",

					"layer": 10,

					"controls": [
						{ "background@elytra_sidebar.sidebar_background": { } },
						{	"scroll_view@elytra_common.scroll_view": {
								"$scroll_content": "@elytra_screen_settings.selector_stack_panel" }
						}
					] }
			}, {	"scroll_view@elytra_common.scroll_view": {
					"$scroll_content": "@elytra_screen_settings.content_stack_panel",

					"size": [ "100% - 158px", "100% - 18px" ],
					"offset": [ 154, 18 ],
					"anchor_from": "top_left",
					"anchor_to": "top_left" }
			}
		] }
}