{"namespace":"SwipeDismissLayout:ContentView","SwipeDismissLayout:ContentView":{"ignored":"(not $LSwipeDismissLayout:showingDefaultContentView)","type":"panel","size":["100%","100%"],"offset":[0,0],"anchor_from":"top_left","anchor_to":"top_left","use_anchored_offset":true,"property_bag":{"#anchored_offset_value_x":0.0,"#anchored_offset_value_y":0.0},"bindings":[{"ignored":"(not ($LSwipeDirection = 'DIRECTION.dLEFT'))","binding_type":"view","source_control_name":"SwipeDismissLayout:SwipeListener","source_property_name":"#slider_value","target_property_name":"#anchored_offset_value_x"},{"ignored":"(not ($LSwipeDirection = 'DIRECTION.dRIGHT'))","binding_type":"view","source_control_name":"SwipeDismissLayout:SwipeListener","source_property_name":"(#slider_value - 1)","target_property_name":"#anchored_offset_value_x"},{"ignored":"(not ($LSwipeDirection = 'DIRECTION.dTOP'))","binding_type":"view","source_control_name":"SwipeDismissLayout:SwipeListener","source_property_name":"#slider_value","target_property_name":"#anchored_offset_value_y"},{"ignored":"(not ($LSwipeDirection = 'DIRECTION.dBOTTOM'))","binding_type":"view","source_control_name":"SwipeDismissLayout:SwipeListener","source_property_name":"(#slider_value - 1)","target_property_name":"#anchored_offset_value_y"}],"controls":[{"SwipeDismissLayout:ContentView:LEdgeDrawable:EdgeLeft@SwipeDismissLayout:ContentView.SwipeDismissLayout:ContentView:LEdgeDrawable:EdgeLeft":{}},{"SwipeDismissLayout:ContentView:LEdgeDrawable:EdgeTop@SwipeDismissLayout:ContentView.SwipeDismissLayout:ContentView:LEdgeDrawable:EdgeTop":{}},{"SwipeDismissLayout:ContentView:LEdgeDrawable:EdgeRight@SwipeDismissLayout:ContentView.SwipeDismissLayout:ContentView:LEdgeDrawable:EdgeRight":{}},{"SwipeDismissLayout:ContentView:LBackgroundDimDrawableLeft@SwipeDismissLayout:ContentView.SwipeDismissLayout:ContentView:LBackgroundDimDrawableLeft":{}},{"SwipeDismissLayout:ContentView:LBackgroundDimDrawableTop@SwipeDismissLayout:ContentView.SwipeDismissLayout:ContentView:LBackgroundDimDrawableTop":{}},{"$LContentLayout":{}}]},"SwipeDismissLayout:ContentView:LEdgeDrawable":{"type":"custom","renderer":"gradient_renderer","gradient_direction":"horizontal","size":[16,"100%"],"anchor_from":"top_left","anchor_to":"top_left"},"SwipeDismissLayout:ContentView:LEdgeDrawable:EdgeLeft@SwipeDismissLayout:ContentView.SwipeDismissLayout:ContentView:LEdgeDrawable":{"ignored":"(not $LSwipeDirection = 'DIRECTION.dLEFT')","anchor_from":"top_left","anchor_to":"top_right","color1":[0.0,0.0,0.0,0.0],"color2":[0.0,0.0,0.0,0.5]},"SwipeDismissLayout:ContentView:LEdgeDrawable:EdgeTop@SwipeDismissLayout:ContentView.SwipeDismissLayout:ContentView:LEdgeDrawable:EdgeLeft":{"ignored":"(not $LSwipeDirection = 'DIRECTION.dTOP')","gradient_direction":"vertical","size":["100%",16],"anchor_from":"top_left","anchor_to":"bottom_left"},"SwipeDismissLayout:ContentView:LEdgeDrawable:EdgeRight@SwipeDismissLayout:ContentView.SwipeDismissLayout:ContentView:LEdgeDrawable":{"ignored":"(not $LSwipeDirection = 'DIRECTION.dRIGHT')","anchor_from":"top_right","anchor_to":"top_left","color1":[0.0,0.0,0.0,0.5],"color2":[0.0,0.0,0.0,0.0]},"SwipeDismissLayout:ContentView:LBackgroundDimDrawable":{"type":"custom","renderer":"gradient_renderer","gradient_direction":"vertical","color1":[0.0,0.0,0.0,0.5],"color2":[0.0,0.0,0.0,0.5],"size":["100%","100%"],"anchor_from":"top_left","anchor_to":"top_left","bindings":[{"binding_type":"view","source_control_name":"SwipeDismissLayout:SwipeListener","source_property_name":"(1 - #slider_value)","target_property_name":"#alpha"}]},"SwipeDismissLayout:ContentView:LBackgroundDimDrawable:EdgeLeft@SwipeDismissLayout:ContentView.SwipeDismissLayout:ContentView:LBackgroundDimDrawable":{"anchor_from":"top_left","anchor_to":"top_right"},"SwipeDismissLayout:ContentView:LBackgroundDimDrawable:EdgeTop@SwipeDismissLayout:ContentView.SwipeDismissLayout:ContentView:LBackgroundDimDrawable":{"anchor_from":"top_left","anchor_to":"bottom_left"}}