{"namespace":"SwipeDismissLayout","SwipeDismissLayout":{"type":"panel","clips_children":true,"$SwipeDismissLayout:onDismiss|default":"button.menu_exit","$LSwipeDirection|default":"DIRECTION.dLEFT","$LSwipeDismissLayout:showingDefaultContentView|default":true,"controls":[{"LSwiper":{"type":"panel","size":["100%","100%"],"offset":"$offset","anchor_from":"top_left","anchor_to":"top_left","clips_children":true,"variables":[{"requires":"($LSwipeDirection = 'DIRECTION.dLEFT')","$offset":["-100% + 32px",0]},{"requires":"($LSwipeDirection = 'DIRECTION.dTOP')","$offset":[0,"-100% + 32px"]},{"requires":"($LSwipeDirection = 'DIRECTION.dRIGHT')","$offset":["100% - 32px",0]},{"requires":"($LSwipeDirection = 'DIRECTION.dBOTTOM')","$offset":[0,"100% - 32px"]}],"controls":[{"SwipeDismissLayout:SwipeListener@SwipeDismissLayout:SwipeListener.SwipeDismissLayout:SwipeListener":{}},{"SwipeDismissLayout:SwipeFixer@SwipeDismissLayout:SwipeFixer.SwipeDismissLayout:SwipeFixer":{}}]}},{"SwipeDismissLayout:ContentView@SwipeDismissLayout:ContentView.SwipeDismissLayout:ContentView":{}},{"SwipeDismissLayout:HandleDismiss@SwipeDismissLayout:HandleDismiss.SwipeDismissLayout:HandleDismiss":{}}]}}