{"namespace":"SwipeDismissLayout:SwipeListener","SwipeDismissLayout:SwipeListener@common.slider":{"size":["100%","100%"],"offset":"$offset","anchor_from":"top_left","anchor_to":"top_left","always_listen_to_input":true,"$slider_steps":1,"layer":-500,"property_bag":{"#slider_steps":1,"#slider_value":"$slider_value"},"button_mappings":[{"from_button_id":"button.menu_select","to_button_id":"$slider_name","mapping_type":"pressed","button_up_right_of_first_refusal":true}],"variables":[{"requires":"($LSwipeDirection = 'DIRECTION.dLEFT')","$slider_value":0.0,"$offset":["100% - 32px",0]},{"requires":"($LSwipeDirection = 'DIRECTION.dTOP')","$slider_direction":"vertical","$slider_value":0.0,"$offset":[0,"100% - 32px"]},{"requires":"($LSwipeDirection = 'DIRECTION.dRIGHT')","$slider_value":1.0,"$offset":["-100% + 32px",0]},{"requires":"($LSwipeDirection = 'DIRECTION.dBOTTOM')","$slider_direction":"vertical","$slider_value":1.0,"$offset":[0,"-100% + 32px"]}],"bindings":[{"ignored":"(not (($LSwipeDirection = 'DIRECTION.dLEFT') or ($LSwipeDirection = 'DIRECTION.dTOP')))","binding_type":"view","source_control_name":"SwipeDismissLayout:SwipeFixer","source_property_name":"#slider_value","target_property_name":"#slider_value"},{"ignored":"(not (($LSwipeDirection = 'DIRECTION.dRIGHT') or ($LSwipeDirection = 'DIRECTION.dBOTTOM')))","binding_type":"view","source_control_name":"SwipeDismissLayout:SwipeFixer","source_property_name":"(#slider_value - 0.99)","target_property_name":"#slider_value"}],"controls":[{"slider_box@common.slider_box":{"$slider_track_button":"$slider_name","controls":[]}}]}}