{"namespace":"SwipeDismissLayout:HandleDismiss","SwipeDismissLayout:HandleDismiss":{"type":"input_panel","size":["100%","100%"],"always_listen_to_input":true,"visible":false,"layer":-500,"button_mappings":[{"to_button_id":"$SwipeDismissLayout:onDismiss","mapping_type":"pressed","button_up_right_of_first_refusal":false,"consume_event":false}],"variables":[{"requires":"($LSwipeDirection = 'DIRECTION.dTOP')","$slider_direction":"vertical"},{"requires":"($LSwipeDirection = 'DIRECTION.dBOTTOM')","$slider_direction":"vertical"}],"bindings":[{"ignored":"(not (($LSwipeDirection = 'DIRECTION.dLEFT') or ($LSwipeDirection = 'DIRECTION.dTOP')))","binding_type":"view","source_control_name":"SwipeDismissLayout:SwipeListener","source_property_name":"((#slider_value * 2) > 1.0)","target_property_name":"#visible"},{"ignored":"(not (($LSwipeDirection = 'DIRECTION.dRIGHT') or ($LSwipeDirection = 'DIRECTION.dBOTTOM')))","binding_type":"view","source_control_name":"SwipeDismissLayout:SwipeListener","source_property_name":"((#slider_value * 2) < 1.0)","target_property_name":"#visible"}]}}