{	"namespace": "webview_base",

	"main_ui": {
		"$web_url|default": "https://www.youtube.com/",
		"$webview_background_color|default": [ 1.0, 1.0, 1.0 ],
		"type": "panel",
		"controls": [
			{	"background": {
					"type": "image",
					"texture": "textures/ui/White",
					"color": "$webview_background_color",
					"layer": 1 }
			}, {	"viewport": {
					"type": "stack_panel",
					"orientation": "vertical",
					"size": [ "100% - 8px", "100%" ],
					"offset": [ 4, 0 ],
					"anchor_from": "top_left",
					"anchor_to": "top_left",
					"layer": 2,
					"controls": [
						{	"android-weberror": {
								"type": "image",
								"texture": "uiLib_generic_Webview/android-weberror",
								"size": [ 25, 13 ],
								"layer": 2 }
						}, {	"padding_1": {
								"type": "panel",
								"size": [ "100%", 3 ] }
						}, {	"error_text": {
								"type": "label",
								"text": "网页无法打开",
								"color": "black",
								"font_scale_factor": 1.8,
								"size": [ "100%", "default" ],
								"line_padding": 0.0,
								"layer": 2 }
						}, {	"padding_2": {
								"type": "panel",
								"size": [ "100%", 12 ] }
						}, {	"error_text_description": {
								"type": "label",
								"text": "$err2_text_format",
								"color": "black",
								"$err2_text_format": "('位于 §l' + $web_url + '§r 的网页无法加载，因为：')",
								"font_scale_factor": 1.2,
								"size": [ "100%", "default" ],
								"line_padding": 0.0,
								"layer": 2 }
						}, {	"padding_3": {
								"type": "panel",
								"size": [ "100%", 12 ] }
						}, {	"error_text_reason": {
								"type": "label",
								"text": "net::ERR_INTERNET_DISCONNECTED",
								"color": "black",
								"font_scale_factor": 1.2,
								"size": [ "100%", "default" ],
								"line_padding": 0.0,
								"layer": 2 }
						}
					] }
			}
		] }
}