{

	"_info_1": "QQ: Bugjump (3071882091)",
	"_info_2": "Bilibili: Minecraft君9a7z (1345634151)",

	"_info_3": "未经允许，禁止使用任何此资源包的代码（可参考，但禁止复制）",
	"_info_4": "原作者保留任何权益",

	"ui_defs": [
		"UIPublicLib/utils/getDeviceType.json",
		"UIPublicLib/utils/getInputType.json",
		"UIPublicLib/utils/numBitCalc.json",
		"UIPublicLib/utils/getKeyDown.json",
		"UIPublicLib/utils/booleanToValue.json",

		"Elytra_UI/variables.json",
		"Elytra_UI/utils.json",
		"Elytra_UI/animations.json",

		"Elytra_UI/common/common.json",
		"Elytra_UI/common/btns.json",
		"Elytra_UI/common/tges.json",
		"Elytra_UI/common/sidebar.json",
		"Elytra_UI/common/progress.json",
		"Elytra_UI/common/paddings.json",
		"Elytra_UI/common/gameplay.json",
		"Elytra_UI/common/dialog.json",
		"Elytra_UI/common/slider.json",

		"Elytra_UI/screens/start.json",
		"Elytra_UI/screens/play/frame.json",

		"Elytra_UI/screens/hud/features.json",
		"Elytra_UI/screens/hud/frame.json",
		"Elytra_UI/screens/hud/minecraft_elements.json",
		"Elytra_UI/screens/hud/menu.json",
		"Elytra_UI/screens/hud/utils.json",
		"Elytra_UI/screens/hud/animations.json",

		"Elytra_UI/screens/gameplay/containers.json",
		"Elytra_UI/screens/gameplay/crafting.json",
		"Elytra_UI/screens/gameplay/anvil.json",
		"Elytra_UI/screens/gameplay/stonecutter.json",

		"Elytra_UI/screens/info_and_music/frame.json",
		"Elytra_UI/screens/info_and_music/music.json",

		"Elytra_UI/screens/docs/frame.json",
		"Elytra_UI/screens/docs/sections.json",

		"NFrameUI/NFrameDebug.json",
		"NFrameUI/NFrameScreenBase.json",

		"ui/ui_debug_screen.json",
		"ui/yao_debug.json",
		"ui/progress_bar.json",
		"ui/hud_top_buttons.json",
		"ui/pack_infos.json",
		"ui/hud_panel_elytra.json",
		"ui/progress_panel_yao.json",
		"elytra_common/addpacks.json",
		"ui/startup_screen.json",
		"ui/yao_code.json",
		"ui/eui_main.json",
		"uiLib_generic_Webview/base.json",
		"ui/rail_map.json",
		"ui/yao_t_refs.json",
		"ui/yao_music.json",
		"ui/yao_screen_bright.json",
		"ui/yao_debug.event.json",
		"ui/eui.n.anim.json",
		"ui/yao_startup.json",
		"yao/modulate/ui/SwipeDismissLayout/SwipeDismissLayout.json",
		"yao/modulate/ui/SwipeDismissLayout/SwipeDismissLayout$ContentView.json",
		"yao/modulate/ui/SwipeDismissLayout/SwipeDismissLayout$HandleDismiss.json",
		"yao/modulate/ui/SwipeDismissLayout/SwipeDismissLayout$SwipeFixer.json",
		"yao/modulate/ui/SwipeDismissLayout/SwipeDismissLayout$SwipeListener.json",
		"ui/right_quick_menu.json",
		"yao/modulate/ui/SidebarView/SidebarView.json",
		".key/ELYTRA_UI_KEY.dat",
		"ui/hud_masks.json",
		"item_id.json",
		"ui/yao_test.json",
		"ui/yao_map.json",

		"ui/test_anims_screen.json" ]
}