{	"namespace": "add_external_server",

	"text_edit_group2": {
		"type": "stack_panel",
		"anchor_from": "top_left",
		"anchor_to": "top_left",
		"size": [ "100%", 32 ],
		"$max_length|default": 30,
		"$text_type|default": "ExtendedASCII",
		"controls": [
			{	"name_label": {
					"type": "label",
					"color": "$sub_header_text_color",
					"anchor_from": "top_left",
					"anchor_to": "top_left",
					"layer": 1,
					"offset": [ 2, 0 ],
					"size": [ "100%", 10 ],
					"text": "$header" }
			}, {	"edit_box@common.text_edit_box": {
					"layer": 2,
					"anchor_from": "top_left",
					"anchor_to": "top_left",
					"size": [ "100%", 22 ],
					"$text_edit_box_content_binding_name": "$content_binding_name",
					"max_length": "$max_length",
					"text_type": "$text_type",
					"$place_holder_text": "$placeholder_label",
					"$text_edit_box_binding_condition": "once" }
			}
		] },


	"add_external_server_main_list": {
		"type": "panel",
		"controls": [
			{	"main_panel": {
					"type": "panel",
					"size": [ "100%", "100%" ],
					"layer": 2,
					"controls": [
						{	"stack_panel": {
								"type": "stack_panel",

								"orientation": "vertical",

								"size": [ "100%", "100%" ],
								"controls": [
									{ "header@common.empty_panel": { "size": [ "100%", 4 ] } },
									{	"name_edit@add_external_server.text_edit_group2": {
											"$header": "addExternalServerScreen.nameTextBoxLabel",
											"$placeholder_label": "addExternalServerScreen.namePlaceholder",
											"$text_box_name": "#name_text_box",
											"$max_length": 16,
											"$content_binding_name": "#name_text_box_content",
											"$text_box_tts_header": "addExternalServerScreen.nameTextBoxLabel",
											"$focus_id": "0_name",
											"$focus_override_right": "1_ip_edit" }
									}, {	"ip_edit@add_external_server.text_edit_group2": {
											"$header": "addExternalServerScreen.ipTextBoxLabel",
											"$placeholder_label": "addExternalServerScreen.ipPlaceholder",
											"$text_box_name": "#ip_text_box",
											"$max_length": 256,
											"$content_binding_name": "#ip_text_box_content",
											"$text_box_tts_header": "addExternalServerScreen.ipTextBoxLabel",
											"$focus_id": "1_ip_edit",
											"$focus_override_right": "2_port" }
									}, {	"port_edit@add_external_server.text_edit_group2": {
											"$header": "addExternalServerScreen.portTextBoxLabel",
											"$placeholder_label": "19132",
											"$max_length": 6,
											"$text_type": "NumberChars",
											"$text_box_name": "#port_text_box",
											"$content_binding_name": "#port_text_box_content",
											"$text_box_tts_header": "addExternalServerScreen.portTextBoxLabel",
											"$focus_id": "2_port",
											"$focus_override_right": "0_name" }
									},
									{ "fill@common.empty_panel": { "size": [ "100%", "fill" ] } },
									{	"buttons_top_padding": {
											"type": "image",
											"texture": "textures/ui/white_background",
											"fill": true,
											"color": [ 0, 0, 0 ],
											"alpha": 0.5,
											"size": [ "100%", 4 ],
											"offset": [ 0, 0 ],
											"anchor_from": "top_left",
											"anchor_to": "top_left" }
									}, {	"buttons_stack": {
											"type": "stack_panel",
											"orientation": "horizontal",
											"size": [ "100%", 20 ],
											"offset": [ 0, 0 ],
											"anchor_from": "top_left",
											"anchor_to": "top_left",
											"controls": [
												{	"buttons_left_padding": {
														"type": "image",
														"texture": "textures/ui/white_background",
														"fill": true,
														"color": [ 0, 0, 0 ],
														"alpha": 0.5,
														"size": [ 4, "100%" ],
														"offset": [ 0, 0 ],
														"anchor_from": "top_left",
														"anchor_to": "top_left" }
												}, {	"play_button@elytra_btns.base_btn": {
														"ignored": "$edit_mode",
														"$onclick": "button.play_button",
														"$button_text": "addExternalServerScreen.playButtonLabel",
														"$button_image_size": [ "100%", "100%" ],
														"size": [ "fill", "100%" ],
														"bindings": [
															{ "binding_name": "#play_button_disabled" },
															{ "binding_name": "#play_button_enabled" },
															{	"binding_type": "view",
																"source_property_name": "((not #play_button_disabled) and #play_button_enabled)",
																"target_property_name": "#enabled" }
														] }
												}, {	"remove_button@elytra_btns.base_btn": {
														"ignored": "(not $edit_mode)",
														"$onclick": "button.remove_button",
														"$button_text": "addExternalServerScreen.removeButtonLabel",
														"$button_image_size": [ "100%", "100%" ],
														"size": [ "fill", "100%" ] }
												}, {	"buttons_middle_padding": {
														"type": "image",
														"texture": "textures/ui/white_background",
														"fill": true,
														"color": [ 0, 0, 0 ],
														"alpha": 0.5,
														"size": [ 4, "100%" ],
														"offset": [ 0, 0 ],
														"anchor_from": "top_left",
														"anchor_to": "top_left" }
												}, {	"save_button@elytra_btns.base_btn": {
														"$onclick": "button.save_button",
														"$button_text": "addExternalServerScreen.saveButtonLabel",
														"$button_image_size": [ "100%", "100%" ],
														"size": [ "fill", "100%" ],
														"bindings": [
															{ "binding_name": "#save_button_disabled" },
															{ "binding_name": "#save_button_enabled" },
															{	"binding_type": "view",
																"source_property_name": "((not #save_button_disabled) and #save_button_enabled)",
																"target_property_name": "#enabled" }
														] }
												}, {	"buttons_right_padding": {
														"type": "image",
														"texture": "textures/ui/white_background",
														"fill": true,
														"color": [ 0, 0, 0 ],
														"alpha": 0.5,
														"size": [ 4, "100%" ],
														"offset": [ 0, 0 ],
														"anchor_from": "top_left",
														"anchor_to": "top_left" }
												}
											] }
									}, {	"buttons_bottom_padding": {
											"type": "image",
											"texture": "textures/ui/white_background",
											"fill": true,
											"color": [ 0, 0, 0 ],
											"alpha": 0.5,
											"size": [ "100%", 4 ],
											"offset": [ 0, 0 ],
											"anchor_from": "top_left",
											"anchor_to": "top_left" }
									}
								] }
						}
					] }
			}
		] },

	"add_external_server_screen_content": {
		"type": "panel",
		"size": [ "100%", "100%" ],
		"controls": [
			{	"add_external_server_main_list@common.navigation_topbar_layout": {
					"$main_control": "@add_external_server.add_external_server_main_list",
					"$button_text": "#title_text",
					"layer": 10 }
			}, {	"blur_container": {
					"type": "panel",
					"size": [ "100%", "100%" ],
					"offset": [ 0, "100% - 28px" ],
					"anchor_from": "top_left",
					"anchor_to": "top_left",
					"layer": 50,
					"clips_children": true,
					"controls": [
						{	"container": {
								"type": "panel",
								"size": [ "100%", "100%" ],
								"offset": [ 0, "-100% + 28px" ],
								"anchor_from": "top_left",
								"anchor_to": "top_left",
								"clips_children": true,
								"controls": [
									{	"background_image_blur@common.background_image_blur_always": {
											"size": [ "100%", "100%" ],
											"offset": [ 0, 0 ],
											"anchor_from": "top_left",
											"anchor_to": "top_left" }
									}
								] }
						}
					] }
			}
		] },

	"add_external_server_screen": {
		"$screen_bg_content": "common.background_image" }
}