{	"namespace": "anvil",

	"title_label": {
		"ignored": true,
		"offset": [ 4, 6.5 ],
		"anchor_from": "top_left",
		"anchor_to": "top_left" },

	"anvil_icon_panel": {
		"offset": [ 4, 20 ],
		"anchor_from": "top_left",
		"anchor_to": "top_left" },

	"icon_and_text_panel": { "offset": [ 0, 0 ] },

	"anvil_title_and_text_panel": { "size": [ "100%", "100%" ], "offset": [ 0, 0 ] },

	"text_edit_panel": {
		"controls": [
			{	"text_edit_control@anvil.text_edit_control": {
					"size": [ "100% - 100%y - 40px", "100%" ],
					"offset": [ 40, 0 ] }
			}, {	"title_bar_toggle@common.title_bar_toggle": {
					"$button_icon": "elytra_common/full_input",
					"$icon_size": [ 16, 16 ],

					"$toggle_name": "full_input_toggles",
					"$radio_toggle_group": true,
					"$toggle_group_forced_index": 1,

					"$toggle_view_binding_name": "full_input_toggle",

					"anchor_from": "top_right",
					"anchor_to": "top_right" }
			}
		] },

	"anvil_panel/root_panel": {
		"$enabled_search": true,
		"bindings": [
			{	"binding_type": "view",
				"source_control_name": "full_input_toggle",
				"source_property_name": "(not #toggle_state)",
				"target_property_name": "#visible" }
		],
		"modifications": [
			{	"array_name": "controls",
				"operation": "insert_back",
				"value": [
					{ "title_label@anvil.title_label": { "ignored": false } },
					{ "item_search_text_edit@common.item_search_text_edit": { } },
					{ "container_player_renderer@crafting.container_player_renderer": { } }
				] }
		] },

	"anvil_panel": {
		"modifications": [
			{	"array_name": "controls",
				"operation": "insert_back",
				"value": [
					{	"input_mode_root_panel@common.root_panel": {
							"$show_close_button": true,
							"layer": 1,
							"bindings": [
								{	"binding_type": "view",
									"source_control_name": "full_input_toggle",
									"source_property_name": "#toggle_state",
									"target_property_name": "#visible" }
							],
							"controls": [
								{ "container_player_renderer@crafting.container_player_renderer": { } },
								{ "common_panel@common.common_panel": { } },
								{	"back_button@common.dialog_title_back_toggle": {
										"$button_text": "yao.inputMode",

										"layer": 10,

										"$toggle_name": "full_input_toggles",
										"$radio_toggle_group": true,
										"$toggle_group_forced_index": 0 }
								}, {	"input_mode_text_edit_box@common.scrollable_multiline_text_edit_box": {
										"size": [ "100% - 8px", "100% - 27px" ],
										"offset": [ 4, 23 ],
										"anchor_from": "top_left",
										"anchor_to": "top_left",

										"layer": 10,

										"max_length": 2147483647,

										"$text_background_default": "chat.chat_textfield_background_default",
										"$text_background_hover": "chat.chat_textfield_background_hover",

										"$text_edit_binding_name": "#text_box_item_name",
										"property_bag": {
											"#property_field": "#item_name" } }
								}
							] }
					}
				] }
		] },

	"anvil_screen": {
		"$screen_content": "elytra_screen_gameplay_anvil.anvil_layout",
		"$screen_bg_content": "elytra_common.container_background",
		"close_on_player_hurt": false,
		"$screen_animations": [
			"@_euiNAnim.inventory_exit_animation_push_alpha_outer",
			"@_euiNAnim.inventory_exit_animation_pop_alpha_outer",
			"@_euiNAnim.inventory_entrance_animation_push_alpha_outer",
			"@_euiNAnim.inventory_entrance_animation_pop_alpha_outer",

			"@_euiNAnim.inventory_exit_animation_push_offset_outer",
			"@_euiNAnim.inventory_exit_animation_pop_offset_outer",
			"@_euiNAnim.inventory_entrance_animation_push_offset_outer",
			"@_euiNAnim.inventory_entrance_animation_pop_offset_outer" ],
		"$background_animations": [
			"@_euiNAnim.inventory_exit_animation_push_alpha_outer",
			"@_euiNAnim.inventory_exit_animation_pop_alpha_outer",
			"@_euiNAnim.inventory_entrance_animation_push_alpha_outer",
			"@_euiNAnim.inventory_entrance_animation_pop_alpha_outer" ],
		"$screen_background_alpha": 0.0,
		"variables": [ ] }
}
