{
  "namespace": "brewing_stand",

	"_info.1": "QQ: Bugjump (3071882091)",
	"_info.2": "Bilibili: Minecraft君9a7z (1345634151)",

	"_info_3": "未经允许，禁止使用任何此资源包的代码（可参考，但禁止复制）",
	"_info_4": "原作者保留任何权益",

  "highlight_slot_panel": {
    "type": "panel",
    "controls": [
      {
        "highlight@common.highlight_slot": {
          "alpha": 0,
          "controls": [
            {
              "hover_text@common.hover_text": {
                "layer": 29,
                "property_bag": {
                  "#hover_text": "$item_name"
                }
              }
            }
          ]
        }
      },
      { "white_border@common.white_border_slot": {} }
    ]
  },

  "custom_item_panel": {
    // Set highlight_slot_panel display
    "type": "button",
    "size": [ 18, 18 ],
    "hover_control": "highlight_slot_panel",
    "layer": 1,
    "button_mappings": [
      {
        "from_button_id": "button.menu_select",
        "to_button_id": "button.menu_select",
        "mapping_type": "pressed"
      },
      {
        "from_button_id": "button.menu_ok",
        "to_button_id": "button.menu_ok",
        "mapping_type": "pressed"
      }
    ],
    "controls": [
      { "cell_image@common.cell_image": { "layer": 1 } },
      { "highlight_slot_panel@brewing_stand.highlight_slot_panel": { "layer": 2 } },
      {
        "item_image": {
          "type": "image",
          "texture": "$item_texture",
          "size": [ 16, 16 ],
          "layer": 3
        }
      }
    ]
  },

  "scrollbar_hover_tip_item": {
    // Set highlight_slot_panel display
    "type": "button",
    "size": [ "100%", "fill" ],
    "hover_control": "hover_text",
    "consume_hover_events": false,
    "layer": 3,
    "button_mappings": [
      {
        "from_button_id": "button.menu_select",
        "to_button_id": "button.menu_select",
        "mapping_type": "pressed"
      },
      {
        "from_button_id": "button.menu_ok",
        "to_button_id": "button.menu_ok",
        "mapping_type": "pressed"
      }
    ],
    "controls": [
      {
        "hover_text@common.hover_text": {
          "layer": 29,
          "property_bag": {
            "#hover_text": "$tip_text"
          }
        }
      }
    ]
  },

  //-----------------------------------------------------------
  // Images
  //-----------------------------------------------------------

  "brewing_pipes": {
    "type": "image",
    "layer": 2,
    "texture": "textures/ui/brewing_pipes",
    "anchor_from": "center",
    "anchor_to": "center",
    "offset": [ 0, 3 ],
    "size": [ 30, 26 ]
  },

  "brewing_fuel_pipes": {
    "type": "image",
    "layer": 2,
    "texture": "textures/ui/brewing_fuel_pipes",
    "anchor_from": "center",
    "anchor_to": "center",
    "offset": [ -47, -5 ],
    "size": [ 30, 22 ]
  },

  "bottle_empty_image": {
    "type": "image",
    "texture": "textures/ui/bottle_empty",
    "layer": 2,
    "offset": [ 1, -1 ],
    "size": [ 16, 16 ],
    "anchor_from": "center",
    "anchor_to": "center",
    "bindings": [
      {
        "binding_name": "#empty_bottle_image_visible",
        "binding_name_override": "#visible",
        "binding_type": "collection",
        "binding_collection_name": "$item_collection_name"
      }
    ]
  },

  "fuel_empty_image": {
    "type": "image",
    "texture": "textures/ui/brewing_fuel_empty",
    "layer": 2,
    "offset": [ 0, -1 ],
    "size": [ 16, 16 ],
    "anchor_from": "center",
    "anchor_to": "center",
    "bindings": [
      {
        "binding_name": "#empty_fuel_image_visible",
        "binding_name_override": "#visible",
        "binding_type": "collection",
        "binding_collection_name": "$item_collection_name"
      }
    ]
  },

  "bubbles_empty_image": {
    "type": "image",
    "texture": "textures/ui/bubbles_empty",
    "layer": 2,
    "offset": [ -23, -14 ],
    "size": [ 12, 30 ],
    "anchor_from": "center",
    "anchor_to": "center"
  },

  "bubbles_full_image": {
    "type": "image",
    "texture": "textures/ui/bubbles_full",
    "layer": 3,
    "offset": [ -23, -14 ],
    "size": [ 12, 30 ],
    "clip_direction": "down",
    "bindings": [
      {
        "binding_name": "#brewing_bubbles_ratio",
        "binding_name_override": "#clip_ratio",
        "binding_condition": "always"
      }
    ]
  },

  "brewing_arrow_empty_image": {
    "type": "image",
    "layer": 1,
    "texture": "textures/ui/brewing_arrow_empty",
    "anchor_from": "center",
    "anchor_to": "center",
    "offset": [ 16, -14 ],
    "size": [ 9, 28 ]
  },

  "brewing_arrow_full_image": {
    "type": "image",
    "layer": 3,
    "texture": "textures/ui/brewing_arrow_full",
    "anchor_from": "center",
    "anchor_to": "center",
    "offset": [ 16, -14 ],
    "size": [ 9, 28 ],
    "clip_direction": "up",
    "bindings": [
      {
        "binding_name": "#brewing_arrow_ratio",
        "binding_name_override": "#clip_ratio",
        "binding_condition": "always"
      }
    ]
  },

  "brewing_fuel_bar_empty_image": {
    "type": "image",
    "layer": 1,
    "texture": "textures/ui/brewing_fuel_bar_empty",
    "anchor_from": "center",
    "anchor_to": "center",
    "offset": [ -23, 3 ],
    "size": [ 24, 6 ]
  },

  "brewing_fuel_bar_full_image": {
    "type": "image",
    "layer": 3,
    "texture": "textures/ui/brewing_fuel_bar_full",
    "anchor_from": "center",
    "anchor_to": "center",
    "offset": [ -23, 3 ],
    "size": [ 22, 4 ],
    "clip_direction": "left",
    "bindings": [
      {
        "binding_name": "#brewing_fuel_ratio",
        "binding_name_override": "#clip_ratio",
        "binding_condition": "always"
      }
    ]
  },

  //-----------------------------------------------------------
  // Screen
  //-----------------------------------------------------------

  "brewing_label": {
    "type": "label",
    "offset": [ 0, -3 ],
    "anchor_from": "top_middle",
    "anchor_to": "top_middle",
    "text": "$container_title",
    "color": "$title_text_color",
    "layer": 2
  },

  "brewingstand_output_item@common.container_item": {
    "size": [ 18, 18 ],
    "$cell_overlay_ref": "brewing_stand.bottle_empty_image",
    "$item_collection_name": "brewing_result_items"
  },

  "brewing_output_slots": {
    "type": "grid",
    "size": [ 54, 18 ],
    "offset": [ 0, 23 ],
    "grid_dimensions": [ 3, 1 ],
    "collection_name": "brewing_result_items",
    "controls": [
      {
        "left_offset": {
          "type": "panel",
          "grid_position": [ 0, 0 ],
          "controls": [
            {
              "output_grid_item1@brewing_stand.brewingstand_output_item": {
                "offset": [ -5, -7 ],

                "$focus_override_left_binding_type": "none",
                "$focus_override_left": "brewing_fuel"
              }
            }
          ]
        }
      },
      {
        "output_grid_item2@brewing_stand.brewingstand_output_item": {
          "grid_position": [ 1, 0 ]
        }
      },
      {
        "right_offset": {
          "type": "panel",
          "grid_position": [ 2, 0 ],
          "controls": [
            {
              "output_grid_item3@brewing_stand.brewingstand_output_item": {
                "offset": [ 5, -7 ]
              }
            }
          ]
        }
      }
    ]
  },

  "brewing_input_slot": {
    "type": "panel",
    "size": [ 18, 18 ],
    "offset": [ 0, -18 ],
    "controls": [
      {
        "input_grid_item@common.container_item": {
          "$item_collection_name": "brewing_input_item",

          "$focus_override_left_binding_type": "none",
          "$focus_override_left": "brewing_fuel"
        }
      }
    ]
  },

  "brewing_fuel_slot": {
    "type": "panel",
    "size": [ 18, 18 ],
    "offset": [ -70, -18 ],
    "controls": [
      {
        "fuel_grid_item@common.container_item": {
          "$cell_overlay_ref": "brewing_stand.fuel_empty_image",
          "$item_collection_name": "brewing_fuel_item",

          "$focus_id_binding_type": "none",
          "$focus_id": "brewing_fuel",

          "$focus_override_right_binding_type": "none",
          "$focus_override_right": "brewing_input_item0"
        }
      }
    ]
  },

  "brewing_panel_top_half": {
    "type": "panel",
    "size": [ "100%", "50% - 12px" ],
    "offset": [ 0, 7 ],
    "anchor_to": "top_middle",
    "anchor_from": "top_middle",
    "controls": [
      { "brewing_label@brewing_label": { } },
      { "brewing_stand_pictogram@brewing_stand_pictogram": { } }
    ]
  },

  "brewing_stand_pictogram": {
    "type": "panel",
    "size": [ "40%", "80%" ],
    "controls": [
      { "brewing_input_slot@brewing_stand.brewing_input_slot": { } },
      { "brewing_output_slots@brewing_stand.brewing_output_slots": { } },
      { "brewing_fuel_slot@brewing_stand.brewing_fuel_slot": { } },
      { "brewing_arrow_empty_image@brewing_stand.brewing_arrow_empty_image": { } },
      { "brewing_arrow_full_image@brewing_stand.brewing_arrow_full_image": { } },
      { "brewing_fuel_bar_empty_image@brewing_stand.brewing_fuel_bar_empty_image": { } },
      { "brewing_fuel_bar_full_image@brewing_stand.brewing_fuel_bar_full_image": { } },
      { "bubbles_empty_image@brewing_stand.bubbles_empty_image": { } },
      { "bubbles_full_image@brewing_stand.bubbles_full_image": { } },
      { "brewing_fuel_pipes@brewing_stand.brewing_fuel_pipes": { } },
      { "brewing_pipes@brewing_stand.brewing_pipes": { } }
    ]
  },

  "craft_img": {
    "type": "image",
    "texture": "R-C",
    "allow_clipping": true,
    "size": [ "100%", "176.16666666666666666666666666667%x" ]
  },

  "recipe_arrow_image": {
    "type": "image",
    "texture": "textures/ui/brewing_stand_recipe_arrow",
    "size": [ 59, 56 ],
    "offset": [ 22, 0 ],
    "anchor_from": "left_middle",
    "anchor_to": "left_middle",
    "layer": 2
  },

  "recipe_panel": {
    "type": "stack_panel",
    "orientation": "vertical",
    "allow_clipping": true,
    "size": [ "100%", "100%c" ],
    "controls": [
      //////////////////////////////
      // 基础 
      //////////////////////////////
      {
        "labelBasic": {
          "type": "label",
          "text": "基础药水"
        }
      },
      {
        "to_awkward": {
          "type": "panel",
          "size": [ "100%", 64 ],
          "controls": [
            {
              "input_potion_item_panel@brewing_stand.custom_item_panel": {
                "$item_name": "水瓶",
                "$item_texture": "textures/items/potion_bottle_drinkable",
                "offset": [ 4, 4 ],
                "anchor_from": "top_left",
                "anchor_to": "top_left"
              }
            },
            {
              "input_material_item_panel@brewing_stand.custom_item_panel": {
                "$item_name": "下界疣",
                "$item_texture": "textures/items/nether_wart",
                "offset": [ 4, -4 ],
                "anchor_from": "bottom_left",
                "anchor_to": "bottom_left"
              }
            },
            { "recipe_arrow_image@brewing_stand.recipe_arrow_image": {} },
            {
              "exput_potion_item_panel@brewing_stand.custom_item_panel": {
                "$item_name": "粗制药水",
                "$item_texture": "textures/items/potion_bottle_drinkable",
                "offset": [ -23, 0 ],
                "anchor_from": "right_middle",
                "anchor_to": "right_middle"
              }
            }
          ]
        }
      },
      {
        "to_splash": {
          "type": "panel",
          "size": [ "100%", 64 ],
          "controls": [
            {
              "input_potion_item_panel@brewing_stand.custom_item_panel": {
                "$item_name": "水瓶",
                "$item_texture": "textures/items/potion_bottle_drinkable",
                "offset": [ 4, 4 ],
                "anchor_from": "top_left",
                "anchor_to": "top_left"
              }
            },
            {
              "input_material_item_panel@brewing_stand.custom_item_panel": {
                "$item_name": "火药",
                "$item_texture": "textures/items/gunpowder",
                "offset": [ 4, -4 ],
                "anchor_from": "bottom_left",
                "anchor_to": "bottom_left"
              }
            },
            { "recipe_arrow_image@brewing_stand.recipe_arrow_image": {} },
            {
              "exput_potion_item_panel@brewing_stand.custom_item_panel": {
                "$item_name": "喷溅药水",
                "$item_texture": "textures/items/potion_bottle_splash",
                "offset": [ -23, 0 ],
                "anchor_from": "right_middle",
                "anchor_to": "right_middle"
              }
            }
          ]
        }
      },
      {
        "to_lingering": {
          "type": "panel",
          "size": [ "100%", 64 ],
          "controls": [
            {
              "input_potion_item_panel@brewing_stand.custom_item_panel": {
                "$item_name": "喷溅药水",
                "$item_texture": "textures/items/potion_bottle_splash",
                "offset": [ 4, 4 ],
                "anchor_from": "top_left",
                "anchor_to": "top_left"
              }
            },
            {
              "input_material_item_panel@brewing_stand.custom_item_panel": {
                "$item_name": "龙息",
                "$item_texture": "textures/items/dragons_breath",
                "offset": [ 4, -4 ],
                "anchor_from": "bottom_left",
                "anchor_to": "bottom_left"
              }
            },
            { "recipe_arrow_image@brewing_stand.recipe_arrow_image": {} },
            {
              "exput_potion_item_panel@brewing_stand.custom_item_panel": {
                "$item_name": "滞留药水",
                "$item_texture": "textures/items/potion_bottle_lingering",
                "offset": [ -23, 0 ],
                "anchor_from": "right_middle",
                "anchor_to": "right_middle"
              }
            }
          ]
        }
      },
      {
        "to_thick": {
          "type": "panel",
          "size": [ "100%", 64 ],
          "controls": [
            {
              "input_potion_item_panel@brewing_stand.custom_item_panel": {
                "$item_name": "水瓶",
                "$item_texture": "textures/items/potion_bottle_drinkable",
                "offset": [ 4, 4 ],
                "anchor_from": "top_left",
                "anchor_to": "top_left"
              }
            },
            {
              "input_material_item_panel@brewing_stand.custom_item_panel": {
                "$item_name": "荧石粉",
                "$item_texture": "textures/items/glowstone_dust",
                "offset": [ 4, -4 ],
                "anchor_from": "bottom_left",
                "anchor_to": "bottom_left"
              }
            },
            { "recipe_arrow_image@brewing_stand.recipe_arrow_image": {} },
            {
              "exput_potion_item_panel@brewing_stand.custom_item_panel": {
                "$item_name": "浓稠药水",
                "$item_texture": "textures/items/potion_bottle_drinkable",
                "offset": [ -23, 0 ],
                "anchor_from": "right_middle",
                "anchor_to": "right_middle"
              }
            }
          ]
        }
      },
      {
        "dividerToAwkward": {
          "type": "panel",
          "size": [ "100%", "100%c + 14px" ],
          "controls": [
            {
              "section_divider": {
                "type": "image",
                "size": [ "100% - 30px", 1 ],
                "anchor_from": "center",
                "anchor_to": "center",
                "layer": 3,
                "texture": "textures/ui/list_item_divider_line_light"
              }
            }
          ]
        }
      },
      //////////////////////////////
      // 迅捷 
      //////////////////////////////
      {
        "labelMoveSpeed": {
          "type": "label",
          "text": "迅捷药水"
        }
      },
      {
        "to_moveSpeed": {
          "type": "panel",
          "size": [ "100%", 64 ],
          "controls": [
            {
              "input_potion_item_panel@brewing_stand.custom_item_panel": {
                "$item_name": "粗制药水",
                "$item_texture": "textures/items/potion_bottle_drinkable",
                "offset": [ 4, 4 ],
                "anchor_from": "top_left",
                "anchor_to": "top_left"
              }
            },
            {
              "input_material_item_panel@brewing_stand.custom_item_panel": {
                "$item_name": "糖",
                "$item_texture": "textures/items/sugar",
                "offset": [ 4, -4 ],
                "anchor_from": "bottom_left",
                "anchor_to": "bottom_left"
              }
            },
            { "recipe_arrow_image@brewing_stand.recipe_arrow_image": {} },
            {
              "exput_potion_item_panel@brewing_stand.custom_item_panel": {
                "$item_name": "迅捷药水\n§7速度 (3:00)\n\n§5当使用后\n§9+20% 速度",
                "$item_texture": "textures/items/potion_bottle_moveSpeed",
                "offset": [ -23, 0 ],
                "anchor_from": "right_middle",
                "anchor_to": "right_middle"
              }
            }
          ]
        }
      },
      {
        "to_moveSpeedAddEffect": {
          "type": "panel",
          "size": [ "100%", 64 ],
          "controls": [
            {
              "input_potion_item_panel@brewing_stand.custom_item_panel": {
                "$item_name": "迅捷药水\n§7速度 (3:00)\n\n§5当使用后\n§9+20% 速度",
                "$item_texture": "textures/items/potion_bottle_moveSpeed",
                "offset": [ 4, 4 ],
                "anchor_from": "top_left",
                "anchor_to": "top_left"
              }
            },
            {
              "input_material_item_panel@brewing_stand.custom_item_panel": {
                "$item_name": "荧石粉",
                "$item_texture": "textures/items/glowstone_dust",
                "offset": [ 4, -4 ],
                "anchor_from": "bottom_left",
                "anchor_to": "bottom_left"
              }
            },
            { "recipe_arrow_image@brewing_stand.recipe_arrow_image": {} },
            {
              "exput_potion_item_panel@brewing_stand.custom_item_panel": {
                "$item_name": "迅捷药水\n§7速度 (1:30)\n\n§5当使用后\n§9+40% 速度",
                "$item_texture": "textures/items/potion_bottle_moveSpeed",
                "offset": [ -23, 0 ],
                "anchor_from": "right_middle",
                "anchor_to": "right_middle"
              }
            }
          ]
        }
      },
      {
        "to_moveSpeedAddTime": {
          "type": "panel",
          "size": [ "100%", 64 ],
          "controls": [
            {
              "input_potion_item_panel@brewing_stand.custom_item_panel": {
                "$item_name": "迅捷药水\n§7速度 (3:00)\n\n§5当使用后\n§9+20% 速度",
                "$item_texture": "textures/items/potion_bottle_moveSpeed",
                "offset": [ 4, 4 ],
                "anchor_from": "top_left",
                "anchor_to": "top_left"
              }
            },
            {
              "input_material_item_panel@brewing_stand.custom_item_panel": {
                "$item_name": "红石粉",
                "$item_texture": "textures/items/redstone_dust",
                "offset": [ 4, -4 ],
                "anchor_from": "bottom_left",
                "anchor_to": "bottom_left"
              }
            },
            { "recipe_arrow_image@brewing_stand.recipe_arrow_image": {} },
            {
              "exput_potion_item_panel@brewing_stand.custom_item_panel": {
                "$item_name": "迅捷药水\n§7速度 (8:00)\n\n§5当使用后\n§9+20% 速度",
                "$item_texture": "textures/items/potion_bottle_moveSpeed",
                "offset": [ -23, 0 ],
                "anchor_from": "right_middle",
                "anchor_to": "right_middle"
              }
            }
          ]
        }
      },
      {
        "dividerToMoveSpeed": {
          "type": "panel",
          "size": [ "100%", "100%c + 14px" ],
          "controls": [
            {
              "section_divider": {
                "type": "image",
                "size": [ "100% - 30px", 1 ],
                "anchor_from": "center",
                "anchor_to": "center",
                "layer": 3,
                "texture": "textures/ui/list_item_divider_line_light"
              }
            }
          ]
        }
      },
      //////////////////////////////
      // 跳跃 
      //////////////////////////////
      {
        "labelJump": {
          "type": "label",
          "text": "跳跃药水"
        }
      },
      {
        "to_jump": {
          "type": "panel",
          "size": [ "100%", 64 ],
          "controls": [
            {
              "input_potion_item_panel@brewing_stand.custom_item_panel": {
                "$item_name": "粗制药水",
                "$item_texture": "textures/items/potion_bottle_drinkable",
                "offset": [ 4, 4 ],
                "anchor_from": "top_left",
                "anchor_to": "top_left"
              }
            },
            {
              "input_material_item_panel@brewing_stand.custom_item_panel": {
                "$item_name": "兔子脚",
                "$item_texture": "textures/items/rabbit_foot",
                "offset": [ 4, -4 ],
                "anchor_from": "bottom_left",
                "anchor_to": "bottom_left"
              }
            },
            { "recipe_arrow_image@brewing_stand.recipe_arrow_image": {} },
            {
              "exput_potion_item_panel@brewing_stand.custom_item_panel": {
                "$item_name": "跳跃药水\n§7跳跃增强 (3:00)",
                "$item_texture": "textures/items/potion_bottle_jump",
                "offset": [ -23, 0 ],
                "anchor_from": "right_middle",
                "anchor_to": "right_middle"
              }
            }
          ]
        }
      },
      {
        "to_jumpAddEffect": {
          "type": "panel",
          "size": [ "100%", 64 ],
          "controls": [
            {
              "input_potion_item_panel@brewing_stand.custom_item_panel": {
                "$item_name": "跳跃药水\n§7跳跃增强 (3:00)",
                "$item_texture": "textures/items/potion_bottle_jump",
                "offset": [ 4, 4 ],
                "anchor_from": "top_left",
                "anchor_to": "top_left"
              }
            },
            {
              "input_material_item_panel@brewing_stand.custom_item_panel": {
                "$item_name": "荧石粉",
                "$item_texture": "textures/items/glowstone_dust",
                "offset": [ 4, -4 ],
                "anchor_from": "bottom_left",
                "anchor_to": "bottom_left"
              }
            },
            { "recipe_arrow_image@brewing_stand.recipe_arrow_image": {} },
            {
              "exput_potion_item_panel@brewing_stand.custom_item_panel": {
                "$item_name": "跳跃药水\n§7跳跃增强 II (1:30)",
                "$item_texture": "textures/items/potion_bottle_jump",
                "offset": [ -23, 0 ],
                "anchor_from": "right_middle",
                "anchor_to": "right_middle"
              }
            }
          ]
        }
      },
      {
        "to_jumpAddTime": {
          "type": "panel",
          "size": [ "100%", 64 ],
          "controls": [
            {
              "input_potion_item_panel@brewing_stand.custom_item_panel": {
                "$item_name": "跳跃药水\n§7跳跃增强 (3:00)",
                "$item_texture": "textures/items/potion_bottle_jump",
                "offset": [ 4, 4 ],
                "anchor_from": "top_left",
                "anchor_to": "top_left"
              }
            },
            {
              "input_material_item_panel@brewing_stand.custom_item_panel": {
                "$item_name": "红石粉",
                "$item_texture": "textures/items/redstone_dust",
                "offset": [ 4, -4 ],
                "anchor_from": "bottom_left",
                "anchor_to": "bottom_left"
              }
            },
            { "recipe_arrow_image@brewing_stand.recipe_arrow_image": {} },
            {
              "exput_potion_item_panel@brewing_stand.custom_item_panel": {
                "$item_name": "跳跃药水\n§7跳跃增强 (8:00)",
                "$item_texture": "textures/items/potion_bottle_jump",
                "offset": [ -23, 0 ],
                "anchor_from": "right_middle",
                "anchor_to": "right_middle"
              }
            }
          ]
        }
      },
      {
        "dividerJumpSpeed": {
          "type": "panel",
          "size": [ "100%", "100%c + 14px" ],
          "controls": [
            {
              "section_divider": {
                "type": "image",
                "size": [ "100% - 30px", 1 ],
                "anchor_from": "center",
                "anchor_to": "center",
                "layer": 3,
                "texture": "textures/ui/list_item_divider_line_light"
              }
            }
          ]
        }
      },
      //////////////////////////////
      // 力量 
      //////////////////////////////
      {
        "labelDamageBoost": {
          "type": "label",
          "text": "力量药水"
        }
      },
      {
        "to_damageBoost": {
          "type": "panel",
          "size": [ "100%", 64 ],
          "controls": [
            {
              "input_potion_item_panel@brewing_stand.custom_item_panel": {
                "$item_name": "粗制药水",
                "$item_texture": "textures/items/potion_bottle_drinkable",
                "offset": [ 4, 4 ],
                "anchor_from": "top_left",
                "anchor_to": "top_left"
              }
            },
            {
              "input_material_item_panel@brewing_stand.custom_item_panel": {
                "$item_name": "烈焰粉",
                "$item_texture": "textures/items/blaze_powder",
                "offset": [ 4, -4 ],
                "anchor_from": "bottom_left",
                "anchor_to": "bottom_left"
              }
            },
            { "recipe_arrow_image@brewing_stand.recipe_arrow_image": {} },
            {
              "exput_potion_item_panel@brewing_stand.custom_item_panel": {
                "$item_name": "力量药水\n§7力量 (3:00)\n\n§5当使用后\n§9+1.3 攻击伤害",
                "$item_texture": "textures/items/potion_bottle_damageBoost",
                "offset": [ -23, 0 ],
                "anchor_from": "right_middle",
                "anchor_to": "right_middle"
              }
            },
            {
              "heart_panel": {
                "type": "stack_panel",
                "orientation": "horizontal",
                "size": [ "100%c", 9 ],
                "offset": [ -4, -4 ],
                "anchor_from": "bottom_right",
                "anchor_to": "bottom_right",
                "controls": [
                  {
                    "health_1": {
                      "type": "image",
                      "texture": "textures/ui/heart_background",
                      "size": [ 9, 9 ],
                      "controls": [
                        {
                          "health_full_image": {
                            "type": "image",
                            "texture": "textures/ui/heart"
                          }
                        }
                      ]
                    }
                  },
                  {
                    "line_up_1": {
                      "type": "panel",
                      "size": [ -1, 9 ]
                    }
                  },
                  {
                    "health_2": {
                      "type": "image",
                      "texture": "textures/ui/heart_background",
                      "size": [ 9, 9 ],
                      "controls": [
                        {
                          "health_full_image": {
                            "type": "image",
                            "texture": "textures/ui/heart_half"
                          }
                        }
                      ]
                    }
                  },
                  {
                    "line_up_2": {
                      "type": "panel",
                      "size": [ -1, 9 ]
                    }
                  },
                  {
                    "health_3": {
                      "type": "image",
                      "texture": "textures/ui/heart_background",
                      "size": [ 9, 9 ],
                      "controls": [
                        {
                          "health_full_image": {
                            "type": "image",
                            "texture": ""
                          }
                        }
                      ]
                    }
                  }
                ]
              }
            }
          ]
        }
      },
      {
        "to_damageBoostAddEffect": {
          "type": "panel",
          "size": [ "100%", 64 ],
          "controls": [
            {
              "input_potion_item_panel@brewing_stand.custom_item_panel": {
                "$item_name": "力量药水\n§7力量 (3:00)\n\n§5当使用后\n§9+1.3 攻击伤害",
                "$item_texture": "textures/items/potion_bottle_damageBoost",
                "offset": [ 4, 4 ],
                "anchor_from": "top_left",
                "anchor_to": "top_left"
              }
            },
            {
              "input_material_item_panel@brewing_stand.custom_item_panel": {
                "$item_name": "荧石粉",
                "$item_texture": "textures/items/glowstone_dust",
                "offset": [ 4, -4 ],
                "anchor_from": "bottom_left",
                "anchor_to": "bottom_left"
              }
            },
            { "recipe_arrow_image@brewing_stand.recipe_arrow_image": {} },
            {
              "exput_potion_item_panel@brewing_stand.custom_item_panel": {
                "$item_name": "力量药水\n§7力量 (1:30)\n\n§5当使用后\n§9+2.99 攻击伤害",
                "$item_texture": "textures/items/potion_bottle_damageBoost",
                "offset": [ -23, 0 ],
                "anchor_from": "right_middle",
                "anchor_to": "right_middle"
              }
            },
            {
              "heart_panel": {
                "type": "stack_panel",
                "orientation": "horizontal",
                "size": [ "100%c", 9 ],
                "offset": [ -4, -4 ],
                "anchor_from": "bottom_right",
                "anchor_to": "bottom_right",
                "controls": [
                  {
                    "health_1": {
                      "type": "image",
                      "texture": "textures/ui/heart_background",
                      "size": [ 9, 9 ],
                      "controls": [
                        {
                          "health_full_image": {
                            "type": "image",
                            "texture": "textures/ui/heart"
                          }
                        }
                      ]
                    }
                  },
                  {
                    "line_up_1": {
                      "type": "panel",
                      "size": [ -1, 9 ]
                    }
                  },
                  {
                    "health_2": {
                      "type": "image",
                      "texture": "textures/ui/heart_background",
                      "size": [ 9, 9 ],
                      "controls": [
                        {
                          "health_full_image": {
                            "type": "image",
                            "texture": "textures/ui/heart"
                          }
                        }
                      ]
                    }
                  },
                  {
                    "line_up_2": {
                      "type": "panel",
                      "size": [ -1, 9 ]
                    }
                  },
                  {
                    "health_3": {
                      "type": "image",
                      "texture": "textures/ui/heart_background",
                      "size": [ 9, 9 ],
                      "controls": [
                        {
                          "health_full_image": {
                            "type": "image",
                            "texture": "textures/ui/heart"
                          }
                        }
                      ]
                    }
                  }
                ]
              }
            }
          ]
        }
      },
      {
        "to_damageBoostAddTime": {
          "type": "panel",
          "size": [ "100%", 64 ],
          "controls": [
            {
              "input_potion_item_panel@brewing_stand.custom_item_panel": {
                "$item_name": "力量药水\n§7力量 (3:00)\n\n§5当使用后\n§9+1.3 攻击伤害",
                "$item_texture": "textures/items/potion_bottle_damageBoost",
                "offset": [ 4, 4 ],
                "anchor_from": "top_left",
                "anchor_to": "top_left"
              }
            },
            {
              "input_material_item_panel@brewing_stand.custom_item_panel": {
                "$item_name": "红石粉",
                "$item_texture": "textures/items/redstone_dust",
                "offset": [ 4, -4 ],
                "anchor_from": "bottom_left",
                "anchor_to": "bottom_left"
              }
            },
            { "recipe_arrow_image@brewing_stand.recipe_arrow_image": {} },
            {
              "exput_potion_item_panel@brewing_stand.custom_item_panel": {
                "$item_name": "力量药水\n§7力量 (8:00)\n\n§5当使用后\n§9+1.3 攻击伤害",
                "$item_texture": "textures/items/potion_bottle_damageBoost",
                "offset": [ -23, 0 ],
                "anchor_from": "right_middle",
                "anchor_to": "right_middle"
              }
            },
            {
              "heart_panel": {
                "type": "stack_panel",
                "orientation": "horizontal",
                "size": [ "100%c", 9 ],
                "offset": [ -4, -4 ],
                "anchor_from": "bottom_right",
                "anchor_to": "bottom_right",
                "controls": [
                  {
                    "health_1": {
                      "type": "image",
                      "texture": "textures/ui/heart_background",
                      "size": [ 9, 9 ],
                      "controls": [
                        {
                          "health_full_image": {
                            "type": "image",
                            "texture": "textures/ui/heart"
                          }
                        }
                      ]
                    }
                  },
                  {
                    "line_up_1": {
                      "type": "panel",
                      "size": [ -1, 9 ]
                    }
                  },
                  {
                    "health_2": {
                      "type": "image",
                      "texture": "textures/ui/heart_background",
                      "size": [ 9, 9 ],
                      "controls": [
                        {
                          "health_full_image": {
                            "type": "image",
                            "texture": "textures/ui/heart_half"
                          }
                        }
                      ]
                    }
                  },
                  {
                    "line_up_2": {
                      "type": "panel",
                      "size": [ -1, 9 ]
                    }
                  },
                  {
                    "health_3": {
                      "type": "image",
                      "texture": "textures/ui/heart_background",
                      "size": [ 9, 9 ],
                      "controls": [
                        {
                          "health_full_image": {
                            "type": "image",
                            "texture": ""
                          }
                        }
                      ]
                    }
                  }
                ]
              }
            }
          ]
        }
      },
      {
        "dividerDamageBoost": {
          "type": "panel",
          "size": [ "100%", "100%c + 14px" ],
          "controls": [
            {
              "section_divider": {
                "type": "image",
                "size": [ "100% - 30px", 1 ],
                "anchor_from": "center",
                "anchor_to": "center",
                "layer": 3,
                "texture": "textures/ui/list_item_divider_line_light"
              }
            }
          ]
        }
      },
      //////////////////////////////
      // 治疗 
      //////////////////////////////
      {
        "labelHeal": {
          "type": "label",
          "text": "治疗药水"
        }
      },
      {
        "to_heal": {
          "type": "panel",
          "size": [ "100%", 64 ],
          "controls": [
            {
              "input_potion_item_panel@brewing_stand.custom_item_panel": {
                "$item_name": "粗制药水",
                "$item_texture": "textures/items/potion_bottle_drinkable",
                "offset": [ 4, 4 ],
                "anchor_from": "top_left",
                "anchor_to": "top_left"
              }
            },
            {
              "input_material_item_panel@brewing_stand.custom_item_panel": {
                "$item_name": "闪烁的西瓜片",
                "$item_texture": "textures/items/melon_speckled",
                "offset": [ 4, -4 ],
                "anchor_from": "bottom_left",
                "anchor_to": "bottom_left"
              }
            },
            { "recipe_arrow_image@brewing_stand.recipe_arrow_image": {} },
            {
              "exput_potion_item_panel@brewing_stand.custom_item_panel": {
                "$item_name": "治疗药水\n§7瞬间治疗",
                "$item_texture": "textures/items/potion_bottle_heal",
                "offset": [ -23, 0 ],
                "anchor_from": "right_middle",
                "anchor_to": "right_middle"
              }
            },
            {
              "heart_panel": {
                "type": "stack_panel",
                "orientation": "horizontal",
                "size": [ "100%c", 9 ],
                "offset": [ -4, -4 ],
                "anchor_from": "bottom_right",
                "anchor_to": "bottom_right",
                "controls": [
                  {
                    "health_1": {
                      "type": "image",
                      "texture": "textures/ui/heart_background",
                      "size": [ 9, 9 ],
                      "controls": [
                        {
                          "health_full_image": {
                            "type": "image",
                            "texture": "textures/ui/heart"
                          }
                        }
                      ]
                    }
                  },
                  {
                    "line_up_1": {
                      "type": "panel",
                      "size": [ -1, 9 ]
                    }
                  },
                  {
                    "health_2": {
                      "type": "image",
                      "texture": "textures/ui/heart_background",
                      "size": [ 9, 9 ],
                      "controls": [
                        {
                          "health_full_image": {
                            "type": "image",
                            "texture": "textures/ui/heart"
                          }
                        }
                      ]
                    }
                  },
                  {
                    "line_up_2": {
                      "type": "panel",
                      "size": [ -1, 9 ]
                    }
                  },
                  {
                    "health_3": {
                      "type": "image",
                      "texture": "textures/ui/heart_background",
                      "size": [ 9, 9 ],
                      "controls": [
                        {
                          "health_full_image": {
                            "type": "image",
                            "texture": ""
                          }
                        }
                      ]
                    }
                  },
                  {
                    "line_up_3": {
                      "type": "panel",
                      "size": [ -1, 9 ]
                    }
                  },
                  {
                    "health_4": {
                      "type": "image",
                      "texture": "textures/ui/heart_background",
                      "size": [ 9, 9 ],
                      "controls": [
                        {
                          "health_full_image": {
                            "type": "image",
                            "texture": ""
                          }
                        }
                      ]
                    }
                  }
                ]
              }
            }
          ]
        }
      },
      {
        "to_healAddEffect": {
          "type": "panel",
          "size": [ "100%", 64 ],
          "controls": [
            {
              "input_potion_item_panel@brewing_stand.custom_item_panel": {
                "$item_name": "治疗药水\n§7瞬间治疗",
                "$item_texture": "textures/items/potion_bottle_heal",
                "offset": [ 4, 4 ],
                "anchor_from": "top_left",
                "anchor_to": "top_left"
              }
            },
            {
              "input_material_item_panel@brewing_stand.custom_item_panel": {
                "$item_name": "荧石粉",
                "$item_texture": "textures/items/glowstone_dust",
                "offset": [ 4, -4 ],
                "anchor_from": "bottom_left",
                "anchor_to": "bottom_left"
              }
            },
            { "recipe_arrow_image@brewing_stand.recipe_arrow_image": {} },
            {
              "exput_potion_item_panel@brewing_stand.custom_item_panel": {
                "$item_name": "治疗药水\n§7瞬间治疗 II",
                "$item_texture": "textures/items/potion_bottle_heal",
                "offset": [ -23, 0 ],
                "anchor_from": "right_middle",
                "anchor_to": "right_middle"
              }
            },
            {
              "heart_panel": {
                "type": "stack_panel",
                "orientation": "horizontal",
                "size": [ "100%c", 9 ],
                "offset": [ -4, -4 ],
                "anchor_from": "bottom_right",
                "anchor_to": "bottom_right",
                "controls": [
                  {
                    "health_1": {
                      "type": "image",
                      "texture": "textures/ui/heart_background",
                      "size": [ 9, 9 ],
                      "controls": [
                        {
                          "health_full_image": {
                            "type": "image",
                            "texture": "textures/ui/heart"
                          }
                        }
                      ]
                    }
                  },
                  {
                    "line_up_1": {
                      "type": "panel",
                      "size": [ -1, 9 ]
                    }
                  },
                  {
                    "health_2": {
                      "type": "image",
                      "texture": "textures/ui/heart_background",
                      "size": [ 9, 9 ],
                      "controls": [
                        {
                          "health_full_image": {
                            "type": "image",
                            "texture": "textures/ui/heart"
                          }
                        }
                      ]
                    }
                  },
                  {
                    "line_up_2": {
                      "type": "panel",
                      "size": [ -1, 9 ]
                    }
                  },
                  {
                    "health_3": {
                      "type": "image",
                      "texture": "textures/ui/heart_background",
                      "size": [ 9, 9 ],
                      "controls": [
                        {
                          "health_full_image": {
                            "type": "image",
                            "texture": "textures/ui/heart"
                          }
                        }
                      ]
                    }
                  },
                  {
                    "line_up_3": {
                      "type": "panel",
                      "size": [ -1, 9 ]
                    }
                  },
                  {
                    "health_4": {
                      "type": "image",
                      "texture": "textures/ui/heart_background",
                      "size": [ 9, 9 ],
                      "controls": [
                        {
                          "health_full_image": {
                            "type": "image",
                            "texture": "textures/ui/heart"
                          }
                        }
                      ]
                    }
                  }
                ]
              }
            }
          ]
        }
      },
      {
        "dividerHeal": {
          "type": "panel",
          "size": [ "100%", "100%c + 14px" ],
          "controls": [
            {
              "section_divider": {
                "type": "image",
                "size": [ "100% - 30px", 1 ],
                "anchor_from": "center",
                "anchor_to": "center",
                "layer": 3,
                "texture": "textures/ui/list_item_divider_line_light"
              }
            }
          ]
        }
      },
      //////////////////////////////
      // 剧毒 
      //////////////////////////////
      {
        "labelPoison": {
          "type": "label",
          "text": "剧毒药水"
        }
      },
      {
        "to_poison": {
          "type": "panel",
          "size": [ "100%", 64 ],
          "controls": [
            {
              "input_potion_item_panel@brewing_stand.custom_item_panel": {
                "$item_name": "粗制药水",
                "$item_texture": "textures/items/potion_bottle_drinkable",
                "offset": [ 4, 4 ],
                "anchor_from": "top_left",
                "anchor_to": "top_left"
              }
            },
            {
              "input_material_item_panel@brewing_stand.custom_item_panel": {
                "$item_name": "蜘蛛眼",
                "$item_texture": "textures/items/spider_eye",
                "offset": [ 4, -4 ],
                "anchor_from": "bottom_left",
                "anchor_to": "bottom_left"
              }
            },
            { "recipe_arrow_image@brewing_stand.recipe_arrow_image": {} },
            {
              "exput_potion_item_panel@brewing_stand.custom_item_panel": {
                "$item_name": "剧毒药水\n§c中毒 (00:45)",
                "$item_texture": "textures/items/potion_bottle_poison",
                "offset": [ -23, 0 ],
                "anchor_from": "right_middle",
                "anchor_to": "right_middle"
              }
            },
            {
              "heart_s_label": {
                "type": "label",
                "text": "/2.5s",
                "size": [ "default", 9 ],
                "offset": [ -4, -4 ],
                "anchor_from": "bottom_right",
                "anchor_to": "bottom_right"
              }
            },
            {
              "heart_panel": {
                "type": "stack_panel",
                "orientation": "horizontal",
                "size": [ "100%c", 9 ],
                "offset": [ -31, -4 ],
                "anchor_from": "bottom_right",
                "anchor_to": "bottom_right",
                "controls": [
                  {
                    "health_1": {
                      "type": "image",
                      "texture": "textures/ui/heart_background",
                      "size": [ 9, 9 ],
                      "controls": [
                        {
                          "health_full_image": {
                            "type": "image",
                            "texture": "textures/ui/heart_half"
                          }
                        }
                      ]
                    }
                  }
                ]
              }
            }
          ]
        }
      },
      {
        "to_poisonAddEffect": {
          "type": "panel",
          "size": [ "100%", 64 ],
          "controls": [
            {
              "input_potion_item_panel@brewing_stand.custom_item_panel": {
                "$item_name": "剧毒药水\n§c中毒 (00:45)",
                "$item_texture": "textures/items/potion_bottle_poison",
                "offset": [ 4, 4 ],
                "anchor_from": "top_left",
                "anchor_to": "top_left"
              }
            },
            {
              "input_material_item_panel@brewing_stand.custom_item_panel": {
                "$item_name": "荧石粉",
                "$item_texture": "textures/items/glowstone_dust",
                "offset": [ 4, -4 ],
                "anchor_from": "bottom_left",
                "anchor_to": "bottom_left"
              }
            },
            { "recipe_arrow_image@brewing_stand.recipe_arrow_image": {} },
            {
              "exput_potion_item_panel@brewing_stand.custom_item_panel": {
                "$item_name": "剧毒药水 II\n§c中毒 (00:22)",
                "$item_texture": "textures/items/potion_bottle_poison",
                "offset": [ -23, 0 ],
                "anchor_from": "right_middle",
                "anchor_to": "right_middle"
              }
            },
            {
              "heart_s_label": {
                "type": "label",
                "text": "/1.2s",
                "size": [ "default", 9 ],
                "offset": [ -4, -4 ],
                "anchor_from": "bottom_right",
                "anchor_to": "bottom_right"
              }
            },
            {
              "heart_panel": {
                "type": "stack_panel",
                "orientation": "horizontal",
                "size": [ "100%c", 9 ],
                "offset": [ -31, -4 ],
                "anchor_from": "bottom_right",
                "anchor_to": "bottom_right",
                "controls": [
                  {
                    "health_1": {
                      "type": "image",
                      "texture": "textures/ui/heart_background",
                      "size": [ 9, 9 ],
                      "controls": [
                        {
                          "health_full_image": {
                            "type": "image",
                            "texture": "textures/ui/heart_half"
                          }
                        }
                      ]
                    }
                  }
                ]
              }
            }
          ]
        }
      },
      {
        "to_poisonAddTime": {
          "type": "panel",
          "size": [ "100%", 64 ],
          "controls": [
            {
              "input_potion_item_panel@brewing_stand.custom_item_panel": {
                "$item_name": "剧毒药水\n§c中毒 (00:45)",
                "$item_texture": "textures/items/potion_bottle_poison",
                "offset": [ 4, 4 ],
                "anchor_from": "top_left",
                "anchor_to": "top_left"
              }
            },
            {
              "input_material_item_panel@brewing_stand.custom_item_panel": {
                "$item_name": "红石粉",
                "$item_texture": "textures/items/redstone_dust",
                "offset": [ 4, -4 ],
                "anchor_from": "bottom_left",
                "anchor_to": "bottom_left"
              }
            },
            { "recipe_arrow_image@brewing_stand.recipe_arrow_image": {} },
            {
              "exput_potion_item_panel@brewing_stand.custom_item_panel": {
                "$item_name": "剧毒药水\n§c中毒 (01:30)",
                "$item_texture": "textures/items/potion_bottle_poison",
                "offset": [ -23, 0 ],
                "anchor_from": "right_middle",
                "anchor_to": "right_middle"
              }
            },
            {
              "heart_s_label": {
                "type": "label",
                "text": "/2.5s",
                "size": [ "default", 9 ],
                "offset": [ -4, -4 ],
                "anchor_from": "bottom_right",
                "anchor_to": "bottom_right"
              }
            },
            {
              "heart_panel": {
                "type": "stack_panel",
                "orientation": "horizontal",
                "size": [ "100%c", 9 ],
                "offset": [ -31, -4 ],
                "anchor_from": "bottom_right",
                "anchor_to": "bottom_right",
                "controls": [
                  {
                    "health_1": {
                      "type": "image",
                      "texture": "textures/ui/heart_background",
                      "size": [ 9, 9 ],
                      "controls": [
                        {
                          "health_full_image": {
                            "type": "image",
                            "texture": "textures/ui/heart_half"
                          }
                        }
                      ]
                    }
                  }
                ]
              }
            }
          ]
        }
      },
      {
        "dividerPoison": {
          "type": "panel",
          "size": [ "100%", "100%c + 14px" ],
          "controls": [
            {
              "section_divider": {
                "type": "image",
                "size": [ "100% - 30px", 1 ],
                "anchor_from": "center",
                "anchor_to": "center",
                "layer": 3,
                "texture": "textures/ui/list_item_divider_line_light"
              }
            }
          ]
        }
      },


























      //////////////////////////////
      // 抗火 
      //////////////////////////////
      {
        "labelFireResistance": {
          "type": "label",
          "text": "抗火药水"
        }
      },
      {
        "to_fireResistance": {
          "type": "panel",
          "size": [ "100%", 64 ],
          "controls": [
            {
              "input_potion_item_panel@brewing_stand.custom_item_panel": {
                "$item_name": "粗制药水",
                "$item_texture": "textures/items/potion_bottle_drinkable",
                "offset": [ 4, 4 ],
                "anchor_from": "top_left",
                "anchor_to": "top_left"
              }
            },
            {
              "input_material_item_panel@brewing_stand.custom_item_panel": {
                "$item_name": "岩浆膏",
                "$item_texture": "textures/items/magma_cream",
                "offset": [ 4, -4 ],
                "anchor_from": "bottom_left",
                "anchor_to": "bottom_left"
              }
            },
            { "recipe_arrow_image@brewing_stand.recipe_arrow_image": {} },
            {
              "exput_potion_item_panel@brewing_stand.custom_item_panel": {
                "$item_name": "抗火药水\n§7抗火 (3:00)",
                "$item_texture": "textures/items/potion_bottle_fireResistance",
                "offset": [ -23, 0 ],
                "anchor_from": "right_middle",
                "anchor_to": "right_middle"
              }
            }
          ]
        }
      },
      {
        "to_fireResistanceAddTime": {
          "type": "panel",
          "size": [ "100%", 64 ],
          "controls": [
            {
              "input_potion_item_panel@brewing_stand.custom_item_panel": {
                "$item_name": "抗火药水\n§7抗火 (3:00)",
                "$item_texture": "textures/items/potion_bottle_fireResistance",
                "offset": [ 4, 4 ],
                "anchor_from": "top_left",
                "anchor_to": "top_left"
              }
            },
            {
              "input_material_item_panel@brewing_stand.custom_item_panel": {
                "$item_name": "红石粉",
                "$item_texture": "textures/items/redstone_dust",
                "offset": [ 4, -4 ],
                "anchor_from": "bottom_left",
                "anchor_to": "bottom_left"
              }
            },
            { "recipe_arrow_image@brewing_stand.recipe_arrow_image": {} },
            {
              "exput_potion_item_panel@brewing_stand.custom_item_panel": {
                "$item_name": "抗火药水\n§7抗火 (8:00)",
                "$item_texture": "textures/items/potion_bottle_fireResistance",
                "offset": [ -23, 0 ],
                "anchor_from": "right_middle",
                "anchor_to": "right_middle"
              }
            }
          ]
        }
      },
      {
        "dividerFireResistance": {
          "type": "panel",
          "size": [ "100%", "100%c + 14px" ],
          "controls": [
            {
              "section_divider": {
                "type": "image",
                "size": [ "100% - 30px", 1 ],
                "anchor_from": "center",
                "anchor_to": "center",
                "layer": 3,
                "texture": "textures/ui/list_item_divider_line_light"
              }
            }
          ]
        }
      },
      //////////////////////////////
      // 水肺 
      //////////////////////////////
      {
        "labelWaterBreathing": {
          "type": "label",
          "text": "水肺药水"
        }
      },
      {
        "to_waterBreathing": {
          "type": "panel",
          "size": [ "100%", 64 ],
          "controls": [
            {
              "input_potion_item_panel@brewing_stand.custom_item_panel": {
                "$item_name": "粗制药水",
                "$item_texture": "textures/items/potion_bottle_drinkable",
                "offset": [ 4, 4 ],
                "anchor_from": "top_left",
                "anchor_to": "top_left"
              }
            },
            {
              "input_material_item_panel@brewing_stand.custom_item_panel": {
                "$item_name": "河豚",
                "$item_texture": "textures/items/fish_pufferfish_raw",
                "offset": [ 4, -4 ],
                "anchor_from": "bottom_left",
                "anchor_to": "bottom_left"
              }
            },
            { "recipe_arrow_image@brewing_stand.recipe_arrow_image": {} },
            {
              "exput_potion_item_panel@brewing_stand.custom_item_panel": {
                "$item_name": "水肺药水\n§7水下呼吸 (3:00)",
                "$item_texture": "textures/items/potion_bottle_waterBreathing",
                "offset": [ -23, 0 ],
                "anchor_from": "right_middle",
                "anchor_to": "right_middle"
              }
            }
          ]
        }
      },
      {
        "to_waterBreathingAddTime": {
          "type": "panel",
          "size": [ "100%", 64 ],
          "controls": [
            {
              "input_potion_item_panel@brewing_stand.custom_item_panel": {
                "$item_name": "水肺药水\n§7水下呼吸 (3:00)",
                "$item_texture": "textures/items/potion_bottle_waterBreathing",
                "offset": [ 4, 4 ],
                "anchor_from": "top_left",
                "anchor_to": "top_left"
              }
            },
            {
              "input_material_item_panel@brewing_stand.custom_item_panel": {
                "$item_name": "红石粉",
                "$item_texture": "textures/items/redstone_dust",
                "offset": [ 4, -4 ],
                "anchor_from": "bottom_left",
                "anchor_to": "bottom_left"
              }
            },
            { "recipe_arrow_image@brewing_stand.recipe_arrow_image": {} },
            {
              "exput_potion_item_panel@brewing_stand.custom_item_panel": {
                "$item_name": "水肺药水\n§7水下呼吸 (8:00)",
                "$item_texture": "textures/items/potion_bottle_waterBreathing",
                "offset": [ -23, 0 ],
                "anchor_from": "right_middle",
                "anchor_to": "right_middle"
              }
            }
          ]
        }
      },
      {
        "dividerWaterBreathing": {
          "type": "panel",
          "size": [ "100%", "100%c + 14px" ],
          "controls": [
            {
              "section_divider": {
                "type": "image",
                "size": [ "100% - 30px", 1 ],
                "anchor_from": "center",
                "anchor_to": "center",
                "layer": 3,
                "texture": "textures/ui/list_item_divider_line_light"
              }
            }
          ]
        }
      },
      //////////////////////////////
      // 夜视 
      //////////////////////////////
      {
        "labelNightVision": {
          "type": "label",
          "text": "夜视药水"
        }
      },
      {
        "to_nightVision": {
          "type": "panel",
          "size": [ "100%", 64 ],
          "controls": [
            {
              "input_potion_item_panel@brewing_stand.custom_item_panel": {
                "$item_name": "粗制药水",
                "$item_texture": "textures/items/potion_bottle_drinkable",
                "offset": [ 4, 4 ],
                "anchor_from": "top_left",
                "anchor_to": "top_left"
              }
            },
            {
              "input_material_item_panel@brewing_stand.custom_item_panel": {
                "$item_name": "金胡萝卜",
                "$item_texture": "textures/items/carrot_golden",
                "offset": [ 4, -4 ],
                "anchor_from": "bottom_left",
                "anchor_to": "bottom_left"
              }
            },
            { "recipe_arrow_image@brewing_stand.recipe_arrow_image": {} },
            {
              "exput_potion_item_panel@brewing_stand.custom_item_panel": {
                "$item_name": "夜视药水\n§7夜视 (3:00)",
                "$item_texture": "textures/items/potion_bottle_nightVision",
                "offset": [ -23, 0 ],
                "anchor_from": "right_middle",
                "anchor_to": "right_middle"
              }
            }
          ]
        }
      },
      {
        "to_nightVisionAddTime": {
          "type": "panel",
          "size": [ "100%", 64 ],
          "controls": [
            {
              "input_potion_item_panel@brewing_stand.custom_item_panel": {
                "$item_name": "夜视药水\n§7夜视 (3:00)",
                "$item_texture": "textures/items/potion_bottle_nightVision",
                "offset": [ 4, 4 ],
                "anchor_from": "top_left",
                "anchor_to": "top_left"
              }
            },
            {
              "input_material_item_panel@brewing_stand.custom_item_panel": {
                "$item_name": "红石粉",
                "$item_texture": "textures/items/redstone_dust",
                "offset": [ 4, -4 ],
                "anchor_from": "bottom_left",
                "anchor_to": "bottom_left"
              }
            },
            { "recipe_arrow_image@brewing_stand.recipe_arrow_image": {} },
            {
              "exput_potion_item_panel@brewing_stand.custom_item_panel": {
                "$item_name": "夜视药水\n§7夜视 (8:00)",
                "$item_texture": "textures/items/potion_bottle_nightVision",
                "offset": [ -23, 0 ],
                "anchor_from": "right_middle",
                "anchor_to": "right_middle"
              }
            }
          ]
        }
      },
      {
        "dividerNightVision": {
          "type": "panel",
          "size": [ "100%", "100%c + 14px" ],
          "controls": [
            {
              "section_divider": {
                "type": "image",
                "size": [ "100% - 30px", 1 ],
                "anchor_from": "center",
                "anchor_to": "center",
                "layer": 3,
                "texture": "textures/ui/list_item_divider_line_light"
              }
            }
          ]
        }
      },
      //////////////////////////////
      // 神龟 
      //////////////////////////////
      {
        "labelTurtleMaster": {
          "type": "label",
          "text": "神龟药水"
        }
      },
      {
        "to_turtleMaster": {
          "type": "panel",
          "size": [ "100%", 64 ],
          "controls": [
            {
              "input_potion_item_panel@brewing_stand.custom_item_panel": {
                "$item_name": "粗制药水",
                "$item_texture": "textures/items/potion_bottle_drinkable",
                "offset": [ 4, 4 ],
                "anchor_from": "top_left",
                "anchor_to": "top_left"
              }
            },
            {
              "input_material_item_panel@brewing_stand.custom_item_panel": {
                "$item_name": "龟壳",
                "$item_texture": "textures/items/turtle_helmet",
                "offset": [ 4, -4 ],
                "anchor_from": "bottom_left",
                "anchor_to": "bottom_left"
              }
            },
            { "recipe_arrow_image@brewing_stand.recipe_arrow_image": {} },
            {
              "exput_potion_item_panel@brewing_stand.custom_item_panel": {
                "$item_name": "神龟药水\n§c缓慢 IV (0:20)\n§7抗性 III (0:20)\n\n§5当使用后\n§c-60% 移动速度",
                "$item_texture": "textures/items/potion_bottle_turtleMaster",
                "offset": [ -23, 0 ],
                "anchor_from": "right_middle",
                "anchor_to": "right_middle"
              }
            }
          ]
        }
      },
      {
        "to_turtleMasterAddEffect": {
          "type": "panel",
          "size": [ "100%", 64 ],
          "controls": [
            {
              "input_potion_item_panel@brewing_stand.custom_item_panel": {
                "$item_name": "神龟药水\n§c缓慢 IV (0:20)\n§7抗性 III (0:20)\n\n§5当使用后\n§c-60% 移动速度",
                "$item_texture": "textures/items/potion_bottle_turtleMaster",
                "offset": [ 4, 4 ],
                "anchor_from": "top_left",
                "anchor_to": "top_left"
              }
            },
            {
              "input_material_item_panel@brewing_stand.custom_item_panel": {
                "$item_name": "荧石粉",
                "$item_texture": "textures/items/glowstone_dust",
                "offset": [ 4, -4 ],
                "anchor_from": "bottom_left",
                "anchor_to": "bottom_left"
              }
            },
            { "recipe_arrow_image@brewing_stand.recipe_arrow_image": {} },
            {
              "exput_potion_item_panel@brewing_stand.custom_item_panel": {
                "$item_name": "神龟药水\n§c缓慢 VI (0:20)\n§7抗性 IV (0:20)\n\n§5当使用后\n§c-90% 移动速度",
                "$item_texture": "textures/items/potion_bottle_turtleMaster",
                "offset": [ -23, 0 ],
                "anchor_from": "right_middle",
                "anchor_to": "right_middle"
              }
            }
          ]
        }
      },
      {
        "to_turtleMasterAddTime": {
          "type": "panel",
          "size": [ "100%", 64 ],
          "controls": [
            {
              "input_potion_item_panel@brewing_stand.custom_item_panel": {
                "$item_name": "神龟药水\n§c缓慢 IV (0:20)\n§7抗性 III (0:20)\n\n§5当使用后\n§c-60% 移动速度",
                "$item_texture": "textures/items/potion_bottle_turtleMaster",
                "offset": [ 4, 4 ],
                "anchor_from": "top_left",
                "anchor_to": "top_left"
              }
            },
            {
              "input_material_item_panel@brewing_stand.custom_item_panel": {
                "$item_name": "红石粉",
                "$item_texture": "textures/items/redstone_dust",
                "offset": [ 4, -4 ],
                "anchor_from": "bottom_left",
                "anchor_to": "bottom_left"
              }
            },
            { "recipe_arrow_image@brewing_stand.recipe_arrow_image": {} },
            {
              "exput_potion_item_panel@brewing_stand.custom_item_panel": {
                "$item_name": "神龟药水\n§c缓慢 IV (0:40)\n§7抗性 III (0:4 0)\n\n§5当使用后\n§c-60% 移动速度",
                "$item_texture": "textures/items/potion_bottle_turtleMaster",
                "offset": [ -23, 0 ],
                "anchor_from": "right_middle",
                "anchor_to": "right_middle"
              }
            }
          ]
        }
      },
      {
        "dividerTurtleMaster": {
          "type": "panel",
          "size": [ "100%", "100%c + 14px" ],
          "controls": [
            {
              "section_divider": {
                "type": "image",
                "size": [ "100% - 30px", 1 ],
                "anchor_from": "center",
                "anchor_to": "center",
                "layer": 3,
                "texture": "textures/ui/list_item_divider_line_light"
              }
            }
          ]
        }
      },
      //////////////////////////////
      // 缓降 
      //////////////////////////////
      {
        "labelSlowFall": {
          "type": "label",
          "text": "缓降药水"
        }
      },
      {
        "to_slowFall": {
          "type": "panel",
          "size": [ "100%", 64 ],
          "controls": [
            {
              "input_potion_item_panel@brewing_stand.custom_item_panel": {
                "$item_name": "粗制药水",
                "$item_texture": "textures/items/potion_bottle_drinkable",
                "offset": [ 4, 4 ],
                "anchor_from": "top_left",
                "anchor_to": "top_left"
              }
            },
            {
              "input_material_item_panel@brewing_stand.custom_item_panel": {
                "$item_name": "幻翼膜",
                "$item_texture": "textures/items/phantom_membrane",
                "offset": [ 4, -4 ],
                "anchor_from": "bottom_left",
                "anchor_to": "bottom_left"
              }
            },
            { "recipe_arrow_image@brewing_stand.recipe_arrow_image": {} },
            {
              "exput_potion_item_panel@brewing_stand.custom_item_panel": {
                "$item_name": "缓降药水\n§7缓降 (1:30)",
                "$item_texture": "textures/items/potion_bottle_slowFall",
                "offset": [ -23, 0 ],
                "anchor_from": "right_middle",
                "anchor_to": "right_middle"
              }
            }
          ]
        }
      },
      {
        "to_slowFallAddTime": {
          "type": "panel",
          "size": [ "100%", 64 ],
          "controls": [
            {
              "input_potion_item_panel@brewing_stand.custom_item_panel": {
                "$item_name": "缓降药水\n§7缓降 (1:30)",
                "$item_texture": "textures/items/potion_bottle_slowFall",
                "offset": [ 4, 4 ],
                "anchor_from": "top_left",
                "anchor_to": "top_left"
              }
            },
            {
              "input_material_item_panel@brewing_stand.custom_item_panel": {
                "$item_name": "红石粉",
                "$item_texture": "textures/items/redstone_dust",
                "offset": [ 4, -4 ],
                "anchor_from": "bottom_left",
                "anchor_to": "bottom_left"
              }
            },
            { "recipe_arrow_image@brewing_stand.recipe_arrow_image": {} },
            {
              "exput_potion_item_panel@brewing_stand.custom_item_panel": {
                "$item_name": "缓降药水\n§7缓降 (4:00)",
                "$item_texture": "textures/items/potion_bottle_slowFall",
                "offset": [ -23, 0 ],
                "anchor_from": "right_middle",
                "anchor_to": "right_middle"
              }
            }
          ]
        }
      },
      {
        "dividerSlowFall": {
          "type": "panel",
          "size": [ "100%", "100%c + 14px" ],
          "controls": [
            {
              "section_divider": {
                "type": "image",
                "size": [ "100% - 30px", 1 ],
                "anchor_from": "center",
                "anchor_to": "center",
                "layer": 3,
                "texture": "textures/ui/list_item_divider_line_light"
              }
            }
          ]
        }
      },
      //////////////////////////////
      // 虚弱 
      //////////////////////////////
      {
        "labelWeakness": {
          "type": "label",
          "text": "虚弱药水"
        }
      },
      {
        "to_eakness": {
          "type": "panel",
          "size": [ "100%", 64 ],
          "controls": [
            {
              "input_potion_item_panel@brewing_stand.custom_item_panel": {
                "$item_name": "水瓶",
                "$item_texture": "textures/items/potion_bottle_drinkable",
                "offset": [ 4, 4 ],
                "anchor_from": "top_left",
                "anchor_to": "top_left"
              }
            },
            {
              "input_material_item_panel@brewing_stand.custom_item_panel": {
                "$item_name": "发酵蛛眼",
                "$item_texture": "textures/items/spider_eye_fermented",
                "offset": [ 4, -4 ],
                "anchor_from": "bottom_left",
                "anchor_to": "bottom_left"
              }
            },
            { "recipe_arrow_image@brewing_stand.recipe_arrow_image": {} },
            {
              "exput_potion_item_panel@brewing_stand.custom_item_panel": {
                "$item_name": "虚弱药水\n§7虚弱 (1:30)\n\n§5当使用后\n§c-0.7 攻击伤害",
                "$item_texture": "textures/items/potion_bottle_weakness",
                "offset": [ -23, 0 ],
                "anchor_from": "right_middle",
                "anchor_to": "right_middle"
              }
            },
            {
              "heart_panel": {
                "type": "stack_panel",
                "orientation": "horizontal",
                "size": [ "100%c", 9 ],
                "offset": [ -4, -4 ],
                "anchor_from": "bottom_right",
                "anchor_to": "bottom_right",
                "controls": [
                  {
                    "health_1": {
                      "type": "image",
                      "texture": "textures/ui/heart_background",
                      "size": [ 9, 9 ],
                      "controls": [
                        {
                          "health_full_image": {
                            "type": "image",
                            "texture": "textures/ui/heart"
                          }
                        }
                      ]
                    }
                  },
                  {
                    "line_up_1": {
                      "type": "panel",
                      "size": [ -1, 9 ]
                    }
                  },
                  {
                    "health_2": {
                      "type": "image",
                      "texture": "textures/ui/heart_background",
                      "size": [ 9, 9 ],
                      "controls": [
                        {
                          "health_full_image": {
                            "type": "image",
                            "texture": "textures/ui/heart"
                          }
                        }
                      ]
                    }
                  }
                ]
              }
            }
          ]
        }
      },
      {
        "to_weaknessAddEffect": {
          "type": "panel",
          "size": [ "100%", 64 ],
          "controls": [
            {
              "input_potion_item_panel@brewing_stand.custom_item_panel": {
                "$item_name": "虚弱药水\n§7虚弱 (1:30)\n\n§5当使用后\n§c-0.7 攻击伤害",
                "$item_texture": "textures/items/potion_bottle_weakness",
                "offset": [ 4, 4 ],
                "anchor_from": "top_left",
                "anchor_to": "top_left"
              }
            },
            {
              "input_material_item_panel@brewing_stand.custom_item_panel": {
                "$item_name": "红石粉",
                "$item_texture": "textures/items/redstone_dust",
                "offset": [ 4, -4 ],
                "anchor_from": "bottom_left",
                "anchor_to": "bottom_left"
              }
            },
            { "recipe_arrow_image@brewing_stand.recipe_arrow_image": {} },
            {
              "exput_potion_item_panel@brewing_stand.custom_item_panel": {
                "$item_name": "虚弱药水\n§7虚弱 (4:00)\n\n§5当使用后\n§c-0.7 攻击伤害",
                "$item_texture": "textures/items/potion_bottle_weakness",
                "offset": [ -23, 0 ],
                "anchor_from": "right_middle",
                "anchor_to": "right_middle"
              }
            },
            {
              "heart_panel": {
                "type": "stack_panel",
                "orientation": "horizontal",
                "size": [ "100%c", 9 ],
                "offset": [ -4, -4 ],
                "anchor_from": "bottom_right",
                "anchor_to": "bottom_right",
                "controls": [
                  {
                    "health_1": {
                      "type": "image",
                      "texture": "textures/ui/heart_background",
                      "size": [ 9, 9 ],
                      "controls": [
                        {
                          "health_full_image": {
                            "type": "image",
                            "texture": "textures/ui/heart"
                          }
                        }
                      ]
                    }
                  },
                  {
                    "line_up_1": {
                      "type": "panel",
                      "size": [ -1, 9 ]
                    }
                  },
                  {
                    "health_2": {
                      "type": "image",
                      "texture": "textures/ui/heart_background",
                      "size": [ 9, 9 ],
                      "controls": [
                        {
                          "health_full_image": {
                            "type": "image",
                            "texture": "textures/ui/heart"
                          }
                        }
                      ]
                    }
                  }
                ]
              }
            }
          ]
        }
      },
      {
        "dividerWeakness": {
          "type": "panel",
          "size": [ "100%", "100%c + 14px" ],
          "controls": [
            {
              "section_divider": {
                "type": "image",
                "size": [ "100% - 30px", 1 ],
                "anchor_from": "center",
                "anchor_to": "center",
                "layer": 3,
                "texture": "textures/ui/list_item_divider_line_light"
              }
            }
          ]
        }
      },
      //////////////////////////////
      // 生可乐 
      //////////////////////////////
      {
        "labelCole": {
          "type": "label",
          "text": "日本生可乐"
        }
      },
      {
        "to_cole": {
          "type": "panel",
          "size": [ "100%", 64 ],
          "controls": [
            {
              "input_potion_item_panel@brewing_stand.custom_item_panel": {
                "$item_name": "大桶核废水",
                "$item_texture": "textures/items/bucket_lava",
                "offset": [ 4, 4 ],
                "anchor_from": "top_left",
                "anchor_to": "top_left"
              }
            },
            {
              "input_material_item_panel@brewing_stand.custom_item_panel": {
                "$item_name": "高级核弹之星",
                "$item_texture": "textures/items/nether_star",
                "offset": [ 4, -4 ],
                "anchor_from": "bottom_left",
                "anchor_to": "bottom_left"
              }
            },
            { "recipe_arrow_image@brewing_stand.recipe_arrow_image": {} },
            {
              "exput_potion_item_panel@brewing_stand.custom_item_panel": {
                "$item_name": "日本生可乐\n§7宾周生长 114514",
                "$item_texture": "textures/items/potion_bottle_heal",
                "offset": [ -23, 0 ],
                "anchor_from": "right_middle",
                "anchor_to": "right_middle"
              }
            },
            {
              "heart_panel": {
                "type": "stack_panel",
                "orientation": "horizontal",
                "size": [ "100%c", 9 ],
                "offset": [ -4, -4 ],
                "anchor_from": "bottom_right",
                "anchor_to": "bottom_right",
                "controls": [
                  {
                    "health_1": {
                      "type": "image",
                      "texture": "textures/ui/heart_background",
                      "size": [ 9, 9 ],
                      "controls": [
                        {
                          "health_full_image": {
                            "type": "image",
                            "texture": "textures/ui/heart"
                          }
                        }
                      ]
                    }
                  },
                  {
                    "line_up_1": {
                      "type": "panel",
                      "size": [ -1, 9 ]
                    }
                  },
                  {
                    "health_2": {
                      "type": "image",
                      "texture": "textures/ui/heart_background",
                      "size": [ 9, 9 ],
                      "controls": [
                        {
                          "health_full_image": {
                            "type": "image",
                            "texture": "textures/ui/heart"
                          }
                        }
                      ]
                    }
                  },
                  {
                    "line_up_2": {
                      "type": "panel",
                      "size": [ -1, 9 ]
                    }
                  },
                  {
                    "health_3": {
                      "type": "image",
                      "texture": "textures/ui/heart_background",
                      "size": [ 9, 9 ],
                      "controls": [
                        {
                          "health_full_image": {
                            "type": "image",
                            "texture": "textures/ui/heart"
                          }
                        }
                      ]
                    }
                  },
                  {
                    "line_up_3": {
                      "type": "panel",
                      "size": [ -1, 9 ]
                    }
                  },
                  {
                    "health_4": {
                      "type": "image",
                      "texture": "textures/ui/heart_background",
                      "size": [ 9, 9 ],
                      "controls": [
                        {
                          "health_full_image": {
                            "type": "image",
                            "texture": "textures/ui/heart"
                          }
                        }
                      ]
                    }
                  },
                  {
                    "line_up_4": {
                      "type": "panel",
                      "size": [ -1, 9 ]
                    }
                  },
                  {
                    "health_5": {
                      "type": "image",
                      "texture": "textures/ui/heart_background",
                      "size": [ 9, 9 ],
                      "controls": [
                        {
                          "health_full_image": {
                            "type": "image",
                            "texture": "textures/ui/heart"
                          }
                        }
                      ]
                    }
                  }
                ]
              }
            }
          ]
        }
      }
    ]
  },

  "scrolling_panel@common.scrolling_panel": {
    "$scrolling_content": "brewing_stand.recipe_panel",
    "$show_background": false,
    "offset": [ -4, 0 ],
    "anchor_from": "left_middle",
    "anchor_to": "right_middle"
  },

  "brewing_stand_panel": {
    "type": "panel",
    "controls": [
      {
        "notfinish_scrolling_panel@common.scrolling_panel": {
          "ignored": true,
          "$scrolling_content": "brewing_stand.craft_img",
          "$show_background": false,
          "size": [ 200, "100%" ],
          "offset": [ 0, 0 ],
          "anchor_from": "left_middle",
          "anchor_to": "left_middle"
        }
      },
      { "container_gamepad_helpers@common.container_gamepad_helpers": {} },
      {
        "flying_item_renderer@common.flying_item_renderer": {
          "layer": 11
        }
      },
      { "selected_item_details_factory@common.selected_item_details_factory": {} },
      { "item_lock_notification_factory@common.item_lock_notification_factory": {} },
      {
        "content_stack_panel": {
          "type": "stack_panel",
          "size": [ 326, 166 ],
          "orientation": "horizontal",
          "controls": [
            {
              "recipe_panel": {
                "type": "panel",
                "size": [ "fill", "100%" ],
                "controls": [
                  {
                    "common_panel@common.common_panel": {
                      "$dialog_background": "dialog_background_hollow_3",
                      "$show_close_button": false,
                      "layer": 1
                    }
                  },
                  {
                    "indent_panel@brewing_stand.scrolling_panel": {
                      "size": [ "100% - 16px", "100% - 31px" ],
                      "offset": [ 8, 23 ],
                      "anchor_from": "top_left",
                      "anchor_to": "top_left",
                      "layer": 2
                    }
                  },
                  {
                    "scrollbar_hover_tips": {
                      // This an test 这是一个测试
                      "ignored": true,
                      "type": "stack_panel",
                      "orientation": "vertical",
                      "size": [ 10, "100% - 31px" ],
                      "offset": [ -8, 23 ],
                      "anchor_from": "top_right",
                      "anchor_to": "top_right",
                      "controls": [
                        { "tip_basic@brewing_stand.scrollbar_hover_tip_item": { "$tip_text": "基础药水" } }
                      ]
                    }
                  }
                ]
              }
            },
            {
              "center_fold@crafting.center_fold": {
                "size": [ 4, 166 ]
              }
            },
            {
              "root_panel@common.root_panel": {
                "layer": 1,
                "controls": [
                  { "common_panel@common.common_panel": {} },
                  {
                    "furnace_screen_inventory": {
                      "type": "panel",
                      "layer": 5,
                      "controls": [
                        { "brewing_panel_top_half@brewing_stand.brewing_panel_top_half": {} },
                        { "inventory_panel_bottom_half_with_label@common.inventory_panel_bottom_half_with_label": {} },
                        { "hotbar_grid@common.hotbar_grid_template": {} },
                        { "inventory_take_progress_icon_button@common.inventory_take_progress_icon_button": {} }
                      ]
                    }
                  },
                  { "inventory_selected_icon_button@common.inventory_selected_icon_button": {} },
                  { "gamepad_cursor@common.gamepad_cursor_button": {} }
                ]
              }
            }
          ]
        }
      }
    ]
  },
  "brewing_stand_screen@common.inventory_screen_common": {
    "$close_on_player_hurt|default": true,
    "close_on_player_hurt": "$close_on_player_hurt",
    "variables": [
      {
        "requires": "$desktop_screen",
        "$screen_content": "brewing_stand.brewing_stand_panel",
        "$screen_bg_content": "common.screen_background",
        "$screen_background_alpha": 0.4
      },
      {
        "requires": "$pocket_screen",
        "$screen_content": "brewing_stand_pocket.brewing_stand_panel"
      }
    ]
  }
}
