{	"namespace": "chat",

	"_info_1": "QQ: Bugjump (3071882091)",
	"_info_2": "Bilibili: Minecraft君9a7z (1345634151)",

	"_info_3": "未经允许，禁止使用任何此资源包的代码（可参考，但禁止复制）",
	"_info_4": "原作者保留任何权益",

	"_info_5": "此聊天栏 UI 将会重构， 请提前适应",

	"chat_textfield_background_default": {
		"type": "image",
		"texture": "textures/ui/focus_border_white",
		"alpha": 0.5,
		"controls": [
			{	"background": {
					"type": "image",

					"texture": "textures/ui/white_background",
					"fill": true,
					"color": "$surface_color",
					"alpha": 0.5,

					"size": [ "100% - 2px", "100% - 2px" ],
					"anchor_from": "center",
					"anchor_to": "center" }
			}
		] },

	"chat_textfield_background_hover": {
		"type": "image",
		"texture": "textures/ui/focus_border_white",
		"color": "$accent_color",
		"controls": [
			{	"background": {
					"type": "image",

					"texture": "textures/ui/white_background",
					"fill": true,
					"color": [ 0.5, 0.5, 0.5 ],
					"alpha": 0.5,

					"size": [ "100% - 2px", "100% - 2px" ],
					"anchor_from": "center",
					"anchor_to": "center" }
			}
		] },

	// 新款聊天栏标题

	"chat_title_bar": {
		"type": "image",

		"texture": "textures/ui/white_background",
		"fill": true,
		"color": [ 0, 0, 0 ],
		"alpha": 0.5,

		"size": [ "100%", 23 ],
		"offset": [ 0, 0 ],
		"anchor_from": "top_left",
		"anchor_to": "top_left",

		"clips_children": true,
		"layer": 20,

		"controls": [
			{	"header_stack_panel": {
					"type": "stack_panel",

					"orientation": "horizontal",

					"size": [ "100%", "100%" ],
					"offset": [ 0, 0 ],
					"anchor_from": "top_left",
					"anchor_to": "top_left",

					"controls": [
						{ "dialog_title_back_button@common.dialog_title_back_button": { "$button_text": "#chat_title_text" } },
						{ "middle_padding@common.fill_x_padding": { } },
						{ "sec_code@common.text_edit_box": {
								"$text_edit_text_control": "sec_text_edit_text",
								"size": [ 100, 20 ] }
						}
					] }
			}
		] },

	// 新款聊天栏输入/发送面板

	"chat_send_bar": {
		"type": "stack_panel",

		"orientation": "vertical",

		"size": [ "100%", 28 ],
		"offset": [ 0, 0 ],
		"anchor_from": "top_left",
		"anchor_to": "top_left",

		"clips_children": true,
		"layer": 20,

		"bindings": [
			{	"binding_type": "view",
				"source_control_name": "sec_text_edit_text",
				"source_property_name": "#item_name",
				"target_property_name": "#sec_code" },
			{	"binding_type": "view",
				"source_property_name": "(#sec_code = '')",
				"target_property_name": "#visible" }
		],

		"controls": [
			{	"buttons_top_padding": {
					"type": "image",
					"texture": "textures/ui/white_background",
					"fill": true,
					"color": [ 0, 0, 0 ],
					"alpha": 0.5,
					"size": [ "100%", "fill" ],
					"offset": [ 0, 0 ],
					"anchor_from": "top_left",
					"anchor_to": "top_left" }
			}, {	"main_stack_panel": {
					"type": "stack_panel",

					"orientation": "horizontal",

					"size": [ "100%", 20 ],
					"offset": [ 0, 0 ],
					"anchor_from": "top_left",
					"anchor_to": "top_left",

					"controls": [
						{	"left_padding": {
								"type": "image",
								"texture": "textures/ui/white_background",
								"fill": true,
								"color": [ 0, 0, 0 ],
								"alpha": 0.5,
								"size": [ 4, "100%" ],
								"offset": [ 0, 0 ],
								"anchor_from": "top_left",
								"anchor_to": "top_left" }
						}, {	"text_edit_box@common.text_edit_box": {
								"size": [ "100% - 64px", "100%" ],
								"offset": [ 0, 0 ],
								"anchor_from": "top_left",
								"anchor_to": "top_left",

								"max_length": 2147483647,

								"$text_box_name": "#message_text_box",
								"$text_edit_box_binding_condition": "always",
								"$text_edit_box_content_binding_name": "#message_text_box_content",
								"$text_edit_text_control": "chat_text_edit_text_control",
								"default_focus_precedence": 1,

								"$focus_id": "text_edit_box_focus_id",
								"$focus_override_right": "keyboard_button_focus_id",
								"$focus_override_left": "host_main_button_focus_id",

								"$text_background_default": "chat.chat_textfield_background_default",
								"$text_background_hover": "chat.chat_textfield_background_hover",

								"bindings": [
									{	"binding_type": "$text_edit_box_enabled_binding_type",
										"binding_collection_name": "$text_edit_box_grid_collection_name",
										"binding_name": "$text_box_enabled_binding_name",
										"binding_name_override": "#enabled" },
									{	"binding_type": "$text_edit_box_content_binding_type",
										"binding_condition": "$text_edit_box_binding_condition",
										"binding_collection_name": "$text_edit_box_grid_collection_name",
										"binding_name": "(($text_edit_box_content_binding_name - '§e§u§i§r') + '§e§u§i§r')" },
									{	"binding_type": "view",
										"source_control_name": "command_mode_toggle",
										"source_property_name": "(not #toggle_state)",
										"target_property_name": "#visible" },
									{	"binding_name": "#text_edit_box_focus_override_up",
										"binding_name_override": "#focus_change_up" },
									{	"binding_name": "#text_edit_box_focus_override_down",
										"binding_name_override": "#focus_change_down"
									}
								],

								"$text_edit_text_control_ref": "common.text_edit_box_label_custom_bindings",

								"property_bag": {
									"#property_field": "#item_name" },

								"$custom_bindings": [
									{	"binding_type": "$text_edit_box_content_binding_type",
										"binding_condition": "$text_edit_box_binding_condition",
										"binding_collection_name": "$text_edit_box_grid_collection_name",
										"binding_name": "$text_edit_box_content_binding_name" },
									{	"binding_type": "view",
										"source_property_name": "(($text_edit_box_content_binding_name - '§e§u§i§r') + '§e§u§i§r')",
										"target_property_name": "#item_name" },
									{	"binding_type": "$text_color_binding_type",
										"binding_name": "$text_color_binding_name",
										"binding_name_override": "#color" },
									{ "binding_name": "#newline_refresh" }
								],

								"button_mappings": [
									{	"from_button_id": "button.menu_select",
										"to_button_id": "$text_edit_box_selected_to_button_id",
										"handle_select": true,
										"handle_deselect": true,
										"mapping_type": "pressed" },
									{	"from_button_id": "button.menu_select",
										"to_button_id": "$text_edit_box_selected_to_button_id",
										"handle_select": false,
										"handle_deselect": true,
										"mapping_type": "global",
										"consume_event": false },
									{	"from_button_id": "button.menu_ok",
										"to_button_id": "$text_edit_box_selected_to_button_id",
										"handle_select": true,
										"handle_deselect": false,
										"mapping_type": "pressed" },
									{	"from_button_id": "button.menu_ok",
										"to_button_id": "$text_edit_box_selected_to_button_id",
										"handle_select": false,
										"handle_deselect": true,
										"mapping_type": "global" },
									{	"from_button_id": "button.menu_cancel",
										"to_button_id": "$text_edit_box_deselected_to_button_id",
										"handle_select": false,
										"handle_deselect": true,
										"mapping_type": "global" },
									{	"to_button_id": "$text_edit_box_hovered_button_id",
										"mapping_type": "pressed" },
									{	"from_button_id": "$text_edit_box_clear_from_button_id",
										"to_button_id": "$text_edit_box_clear_to_button_id",
										"handle_select": false,
										"handle_deselect": false,
										"mapping_type": "focused" },
									{	"from_button_id": "button.menu_autocomplete",
										"to_button_id": "button.chat_autocomplete",
										"handle_select": true,
										"handle_deselect": false,
										"mapping_type": "global" },
									{	"from_button_id": "button.menu_autocomplete_back",
										"to_button_id": "button.chat_autocomplete_back",
										"handle_select": true,
										"handle_deselect": false,
										"mapping_type": "global" },
									{	"from_button_id": "button.menu_textedit_up",
										"to_button_id": "button.chat_previous_message",
										"handle_select": true,
										"handle_deselect": false,
										"mapping_type": "focused" },
									{	"from_button_id": "button.menu_textedit_down",
										"to_button_id": "button.chat_next_message",
										"handle_select": true,
										"handle_deselect": false,
										"mapping_type": "focused" },
									{	"from_button_id": "button.controller_secondary_select",
										"to_button_id": "button.open_chat_settings",
										"handle_select": false,
										"handle_deselect": false,
										"mapping_type": "global",
										"ignored": "$is_publish" },
									{	"from_button_id": "button.controller_secondary_select",
										"to_button_id": "button.mute_chat",
										"handle_select": false,
										"handle_deselect": false,
										"mapping_type": "global",
										"ignored": "(not $is_publish)" },
									{	"from_button_id": "button.controller_select",
										"to_button_id": "button.send",
										"mapping_type": "global",
										"handle_select": false,
										"handle_deselect": false },
									{	"from_button_id": "button.controller_start",
										"to_button_id": "button.send",
										"mapping_type": "global",
										"handle_select": false,
										"handle_deselect": false },
									{	"from_button_id": "button.controller_autocomplete",
										"to_button_id": "button.chat_autocomplete",
										"handle_select": false,
										"handle_deselect": false,
										"mapping_type": "global" },
									{	"from_button_id": "button.controller_autocomplete_back",
										"to_button_id": "button.chat_autocomplete_back",
										"handle_select": false,
										"handle_deselect": false,
										"mapping_type": "global" },
									{	"from_button_id": "button.controller_textedit_up",
										"to_button_id": "button.chat_previous_message",
										"handle_select": false,
										"handle_deselect": false,
										"mapping_type": "focused" },
									{	"from_button_id": "button.controller_textedit_down",
										"to_button_id": "button.chat_next_message",
										"handle_select": false,
										"handle_deselect": false,
										"mapping_type": "focused"
									}
								] }
						}, {	"command_text_edit_box@common.text_edit_box": {
								"size": [ "100% - 44px", "100%" ],
								"offset": [ 0, 0 ],
								"anchor_from": "top_left",
								"anchor_to": "top_left",

								"max_length": 2147483647,

								"$text_box_name": "#message_text_box",
								"$text_edit_box_content_binding_name": "#message_text_box_content",

								"default_focus_precedence": 1,

								"$focus_id": "text_edit_box_focus_id",
								"$focus_override_right": "keyboard_button_focus_id",
								"$focus_override_left": "host_main_button_focus_id",

								"$text_background_default": "chat.chat_textfield_background_default",
								"$text_background_hover": "chat.chat_textfield_background_hover",

								"bindings": [
									{	"binding_type": "$text_edit_box_enabled_binding_type",
										"binding_collection_name": "$text_edit_box_grid_collection_name",
										"binding_name": "$text_box_enabled_binding_name",
										"binding_name_override": "#enabled" },
									{	"binding_type": "$text_edit_box_content_binding_type",
										"binding_condition": "$text_edit_box_binding_condition",
										"binding_collection_name": "$text_edit_box_grid_collection_name",
										"binding_name": "($text_edit_box_content_binding_name - '§e§u§i§r')" },
									{	"binding_type": "view",
										"source_control_name": "command_mode_toggle",
										"source_property_name": "#toggle_state",
										"target_property_name": "#visible" },
									{	"binding_name": "#text_edit_box_focus_override_up",
										"binding_name_override": "#focus_change_up" },
									{	"binding_name": "#text_edit_box_focus_override_down",
										"binding_name_override": "#focus_change_down"
									}
								],

								"$Ltext_edit_text_control_ref": "common.text_edit_box_label_custom_bindings",

								"property_bag": {
									"#property_field": "#item_name" },

								"$custom_bindings": [
									{	"binding_type": "$text_edit_box_content_binding_type",
										"binding_condition": "$text_edit_box_binding_condition",
										"binding_collection_name": "$text_edit_box_grid_collection_name",
										"binding_name": "$text_edit_box_content_binding_name" },
									{	"binding_type": "view",
										"source_property_name": "($text_edit_box_content_binding_name - '§e§u§i§r')",
										"target_property_name": "#item_name" },
									{	"binding_type": "$text_color_binding_type",
										"binding_name": "$text_color_binding_name",
										"binding_name_override": "#color" },
									{ "binding_name": "#newline_refresh" }
								],

								"button_mappings": [
									{	"from_button_id": "button.menu_select",
										"to_button_id": "$text_edit_box_selected_to_button_id",
										"handle_select": true,
										"handle_deselect": true,
										"mapping_type": "pressed" },
									{	"from_button_id": "button.menu_select",
										"to_button_id": "$text_edit_box_selected_to_button_id",
										"handle_select": false,
										"handle_deselect": true,
										"mapping_type": "global",
										"consume_event": false },
									{	"from_button_id": "button.menu_ok",
										"to_button_id": "$text_edit_box_selected_to_button_id",
										"handle_select": true,
										"handle_deselect": false,
										"mapping_type": "pressed" },
									{	"from_button_id": "button.menu_ok",
										"to_button_id": "$text_edit_box_selected_to_button_id",
										"handle_select": false,
										"handle_deselect": true,
										"mapping_type": "global" },
									{	"from_button_id": "button.menu_cancel",
										"to_button_id": "$text_edit_box_deselected_to_button_id",
										"handle_select": false,
										"handle_deselect": true,
										"mapping_type": "global" },
									{	"to_button_id": "$text_edit_box_hovered_button_id",
										"mapping_type": "pressed" },
									{	"from_button_id": "$text_edit_box_clear_from_button_id",
										"to_button_id": "$text_edit_box_clear_to_button_id",
										"handle_select": false,
										"handle_deselect": false,
										"mapping_type": "focused" },
									{	"from_button_id": "button.menu_autocomplete",
										"to_button_id": "button.chat_autocomplete",
										"handle_select": true,
										"handle_deselect": false,
										"mapping_type": "global" },
									{	"from_button_id": "button.menu_autocomplete_back",
										"to_button_id": "button.chat_autocomplete_back",
										"handle_select": true,
										"handle_deselect": false,
										"mapping_type": "global" },
									{	"from_button_id": "button.menu_textedit_up",
										"to_button_id": "button.chat_previous_message",
										"handle_select": true,
										"handle_deselect": false,
										"mapping_type": "focused" },
									{	"from_button_id": "button.menu_textedit_down",
										"to_button_id": "button.chat_next_message",
										"handle_select": true,
										"handle_deselect": false,
										"mapping_type": "focused" },
									{	"from_button_id": "button.controller_secondary_select",
										"to_button_id": "button.open_chat_settings",
										"handle_select": false,
										"handle_deselect": false,
										"mapping_type": "global",
										"ignored": "$is_publish" },
									{	"from_button_id": "button.controller_secondary_select",
										"to_button_id": "button.mute_chat",
										"handle_select": false,
										"handle_deselect": false,
										"mapping_type": "global",
										"ignored": "(not $is_publish)" },
									{	"from_button_id": "button.controller_select",
										"to_button_id": "button.send",
										"mapping_type": "global",
										"handle_select": false,
										"handle_deselect": false },
									{	"from_button_id": "button.controller_start",
										"to_button_id": "button.send",
										"mapping_type": "global",
										"handle_select": false,
										"handle_deselect": false },
									{	"from_button_id": "button.controller_autocomplete",
										"to_button_id": "button.chat_autocomplete",
										"handle_select": false,
										"handle_deselect": false,
										"mapping_type": "global" },
									{	"from_button_id": "button.controller_autocomplete_back",
										"to_button_id": "button.chat_autocomplete_back",
										"handle_select": false,
										"handle_deselect": false,
										"mapping_type": "global" },
									{	"from_button_id": "button.controller_textedit_up",
										"to_button_id": "button.chat_previous_message",
										"handle_select": false,
										"handle_deselect": false,
										"mapping_type": "focused" },
									{	"from_button_id": "button.controller_textedit_down",
										"to_button_id": "button.chat_next_message",
										"handle_select": false,
										"handle_deselect": false,
										"mapping_type": "focused"
									}
								] }
						}, {	"middle_padding": {
								"ignored": true,
								"type": "image",
								"texture": "textures/ui/white_background",
								"fill": true,
								"color": [ 0, 0, 0 ],
								"alpha": 0.5,
								"size": [ 4, "100%" ],
								"offset": [ 0, 0 ],
								"anchor_from": "top_left",
								"anchor_to": "top_left" }
						}, {	"use_command_toggle@common_toggles.light_text_toggle": {
								"$toggle_default_state": true,
								"visible": false,

								"size": [ "100%y", "100%" ],
								"$button_image_size": [ "100%", "100%" ],
								"$toggle_view_binding_name": "command_mode_toggle",
								"$button_text": "/" }
						}, {	"send_padding": {
								"type": "image",
								"texture": "textures/ui/white_background",
								"fill": true,
								"color": [ 0, 0, 0 ],
								"alpha": 0.5,
								"size": [ 4, "100%" ],
								"offset": [ 0, 0 ],
								"anchor_from": "top_left",
								"anchor_to": "top_left" }
						}, {	"send_button@common_buttons.light_text_button": {
								"size": [ 32, "100%" ],
								"$button_image_size": [ "100%", "100%" ],
								"$pressed_button_name": "button.send",
								"$button_text": "accessibility.chat.tts.sendChatMessage" }
						}, {	"right_padding": {
								"type": "image",
								"texture": "textures/ui/white_background",
								"fill": true,
								"color": [ 0, 0, 0 ],
								"alpha": 0.5,
								"size": [ 4, "100%" ],
								"offset": [ 0, 0 ],
								"anchor_from": "top_left",
								"anchor_to": "top_left" }
						}
					] }
			}, {	"buttons_bottom_padding": {
					"type": "image",
					"texture": "textures/ui/white_background",
					"fill": true,
					"color": [ 0, 0, 0 ],
					"alpha": 0.5,
					"size": [ "100%", "fill" ],
					"offset": [ 0, 0 ],
					"anchor_from": "top_left",
					"anchor_to": "top_left" }
			}
		] },

	// 新款聊天栏消息

	"chat_message": {
		"type": "panel",
		"size": [ "100%", "100%cm" ],
		"controls": [
			{	"text": {
					"type": "label",
					"color": "$chat_text_color",
					"localize": false,
					"size": [ "100% - 4px", "default" ],
					"offset": [ 4, 0 ],
					"anchor_from": "top_left",
					"anchor_to": "top_left",
					"text": "#text",
					"text_tts": "#text_tts",
					"font_type": "$chat_font_type",
					"font_scale_factor": "$chat_font_scale_factor",
					"line_padding": "$chat_line_spacing",
					"bindings": [
						{	"binding_type": "view",
							"source_control_name": "sec_text_edit_text",
							"source_property_name": "#item_name",
							"target_property_name": "#sec_code" },
						{	"binding_type": "view",
							"source_property_name": "(#sec_code = '')",
							"target_property_name": "#visible" }
					] }
			}, {	"text_sec": {
					"type": "label",
					"color": "$chat_text_color",
					"localize": false,
					"size": [ "100% - 4px", "default" ],
					"offset": [ 4, 0 ],
					"anchor_from": "top_left",
					"anchor_to": "top_left",
					"text": "#ctext",
					"text_tts": "#text_tts",
					"font_type": "$chat_font_type",
					"font_scale_factor": "$chat_font_scale_factor",
					"line_padding": "$chat_line_spacing",
					"bindings": [
						{	"binding_type": "view",
							"source_control_name": "sec_text_edit_text",
							"source_property_name": "#item_name",
							"target_property_name": "#sec_code" },
						{	"binding_type": "view",
							"source_property_name": "(not (#sec_code = ''))",
							"target_property_name": "#visible" },
						{	"binding_type": "view",
							"source_property_name": "('§_' + #text)",
							"target_property_name": "#rtext" },
						{	"binding_type": "view",
							"source_property_name": "(#rtext - ('Elytra UI 频道消息，请使用 Elytra UI 并输入正确频道码查看§k' + #sec_code + ''))",
							"target_property_name": "#ctext" }
					] }
			}, {	"chat_message_reply_text_edit@common.text_edit_box": {
					"$text_edit_text_control_ref": "common.text_edit_box_label_custom_bindings",

					"size": [ "100% - 4px", "100%sm" ],
					"offset": [ 4, 0 ],
					"anchor_from": "top_left",
					"anchor_to": "top_left",

					"$text_box_name": "#message_text_box",
					"consume_hover_events": false,

					"bindings": [/*
						{	"binding_type": "view",
							"source_control_name": "chat_reply_toggle",
							"source_property_name": "#toggle_state",
							"target_property_name": "#visible",
							"resolve_sibling_scope": true }*/
					],

					"$_button_mappings": [
						{	"from_button_id": "button.menu_select",
							"to_button_id": "$text_edit_box_edselected_to_button_id",
							"handle_select": true,
							"handle_deselect": true,
							"mapping_type": "pressed",
							"consume_event": false }
					],

					"alpha": 0.0,
					"propagate_alpha": true,

					"$custom_bindings": [
						{	"binding_type": "view",
							"source_property_name": "('§f[引用消息]：§7' + ((('§_' + #item_name) - #text - '§f[引用消息]：§7§_') + #text))",
							"target_property_name": "#item_name" }
					] }
			}, {	"left_divider": {
					"type": "image",

					"texture": "textures/ui/white_background",
					"color": "$accent_color",
					"fill": true,

					"size": [ 2, "100%sm" ],
					"offset": [ 0, 0 ],
					"anchor_from": "top_left",
					"anchor_to": "top_left",

					"visible": true,

					"layer": 1,
					"bindings": [/*
						{	"binding_name": "#message_text_box_content",
							"binding_condition": "always",
							"binding_type": "global" },*/
						{	"binding_type": "view",
							"source_control_name": "chat_text_edit_text_control",
							"source_property_name": "#item_name",
							"target_property_name": "#message_text_box_content" },
						{	"binding_type": "view",
							"source_control_name": "text",
							"source_property_name": "#text",
							"target_property_name": "#btext",
							"resolve_sibling_scope": true },
						{	"binding_type": "view",
							"source_property_name": "('§_' + #btext)",
							"target_property_name": "#rtext" },
						{	"binding_type": "view",
							"source_property_name": "(not ((#message_text_box_content - #rtext) = #message_text_box_content))",
							"target_property_name": "#visible" }
					] }
			}
		] },

	"message_panel": {
		"type": "stack_panel",

		"orientation": "vertical",

		"factory": {
			"name": "messages_factory",
			"max_children_size": 100,
			"control_ids": {
				"chat_screen_messages": "chat_screen_messages@chat.chat_message" }
		} },

	// 新款聊天栏命令提示

	"auto_complete_item": {
		"type": "panel",
		"anchor_from": "top_left",
		"anchor_to": "top_left",
		"size": [ "100%", 10 ],
		"controls": [
			{	"auto_complete_item_renderer@common.item_renderer": {
					"size": [ 9, 9 ],
					"offset": [ 2, 0 ],
					"anchor_from": "left_middle",
					"anchor_to": "left_middle",
					"bindings": [
						{	"binding_name": "#auto_complete_item",
							"binding_type": "collection",
							"binding_name_override": "#item_id_aux",
							"binding_collection_name": "auto_complete" }
					] }
			}, {	"text": {
					"type": "label",
					"color": "$chat_text_color",
					"offset": [ 2, 0 ],
					"anchor_from": "left_middle",
					"anchor_to": "left_middle",
					"text": "#text",
					"localize": false,
					"bindings": [
						{	"binding_type": "collection",
							"binding_name": "#auto_complete_text",
							"binding_name_override": "#text",
							"binding_collection_name": "auto_complete" }
					] }
			}, {	"translate_text": {
					"ignored": true,
					"type": "label",
					"color": "$chat_text_color",
					"offset": [ -2, 0 ],
					"anchor_from": "right_middle",
					"anchor_to": "right_middle",
					"text": "#text",
					"localize": true,
					"bindings": [
						{	"binding_name": "#auto_complete_text",
							"binding_type": "collection",
							"binding_collection_name": "auto_complete" },
						{	"binding_type": "view",
							"source_property_name": "('yao.translate.' + ((' ' + #auto_complete_text) - '§7' - '§r' - '§f' - ' ' - 'minecraft:') + '.name')",
							"target_property_name": "#text" },
						{	"binding_type": "view",
							"source_property_name": "(not (#auto_complete_text = ''))",
							"target_property_name": "#visible" }
					] }
			}, {	"autocomplete_button@common.button": {
					"$pressed_button_name": "button.click_autocomplete",
					"tts_inherit_siblings": true,
					"controls": [
						{ "default@chat.autocomplete_default_state": { } },
						{ "hover@chat.autocomplete_hover_state": { } },
						{ "pressed@chat.autocomplete_pressed_state": { } }
					],
					"bindings": [
						{	"binding_type": "collection_details",
							"binding_collection_name": "auto_complete" }
					] }
			}
		] },

	"autocomplete_default_state": { "type": "panel" },

	"autocomplete_hover_state": {
		"type": "panel",
		"controls": [
			{	"left_divider": {
					"type": "image",

					"texture": "textures/ui/white_background",
					"color": "$accent_color",
					"fill": true,

					"size": [ 2, "100%" ],
					"offset": [ 0, 0 ],
					"anchor_from": "top_left",
					"anchor_to": "top_left",

					"layer": 1 }
			}
		] },

	"autocomplete_pressed_state": {
		"type": "panel",
		"controls": [
			{	"left_divider": {
					"type": "image",

					"texture": "textures/ui/white_background",
					"color": [ 1.0, 1.0, 1.0 ],
					"fill": true,

					"size": [ 2, "100%" ],
					"offset": [ 0, 0 ],
					"anchor_from": "top_left",
					"anchor_to": "top_left",

					"layer": 1 }
			}
		] },

	"auto_complete_stack": {
		"type": "grid",

		"grid_item_template": "chat.auto_complete_item",
		"grid_fill_direction": "vertical",
		"collection_name": "auto_complete",
		"anchor_from": "bottom_left",
		"anchor_to": "bottom_left",

		"size": [ "100%", 20000 ],

		"bindings": [
			{ 	"binding_name": "#get_grid_size",
				"binding_type": "collection",
				"binding_collection_name": "auto_complete" }
		] },

	"chat_send_bar_sec": {
		"type": "stack_panel",

		"orientation": "vertical",

		"size": [ "100%", 28 ],
		"offset": [ 0, 0 ],
		"anchor_from": "top_left",
		"anchor_to": "top_left",

		"clips_children": true,
		"layer": 20,

		"bindings": [
			{	"binding_type": "view",
				"source_control_name": "sec_text_edit_text",
				"source_property_name": "#item_name",
				"target_property_name": "#sec_code" },
			{	"binding_type": "view",
				"source_property_name": "(not (#sec_code = ''))",
				"target_property_name": "#visible" }
		],

		"controls": [
			{	"buttons_top_padding": {
					"type": "image",
					"texture": "textures/ui/white_background",
					"fill": true,
					"color": [ 0, 0, 0 ],
					"alpha": 0.5,
					"size": [ "100%", "fill" ],
					"offset": [ 0, 0 ],
					"anchor_from": "top_left",
					"anchor_to": "top_left" }
			}, {	"main_stack_panel": {
					"type": "stack_panel",

					"orientation": "horizontal",

					"size": [ "100%", 20 ],
					"offset": [ 0, 0 ],
					"anchor_from": "top_left",
					"anchor_to": "top_left",

					"controls": [
						{	"left_padding": {
								"type": "image",
								"texture": "textures/ui/white_background",
								"fill": true,
								"color": [ 0, 0, 0 ],
								"alpha": 0.5,
								"size": [ 4, "100%" ],
								"offset": [ 0, 0 ],
								"anchor_from": "top_left",
								"anchor_to": "top_left" }
						}, {	"text_edit_box@common.text_edit_box": {
								"size": [ "100% - 44px", "100%" ],
								"offset": [ 0, 0 ],
								"anchor_from": "top_left",
								"anchor_to": "top_left",

								"max_length": 2147483647,

								"$text_box_name": "#message_text_box",
								"$text_edit_box_content_binding_name": "#message_text_box_content",
								"$text_edit_text_control": "sec_send_text_edit_text",

								"default_focus_precedence": 1,

								"$focus_id": "text_edit_box_focus_id",
								"$focus_override_right": "keyboard_button_focus_id",
								"$focus_override_left": "host_main_button_focus_id",

								"$text_background_default": "chat.chat_textfield_background_default",
								"$text_background_hover": "chat.chat_textfield_background_hover",

								"bindings": [
									{	"binding_type": "$text_edit_box_enabled_binding_type",
										"binding_collection_name": "$text_edit_box_grid_collection_name",
										"binding_name": "$text_box_enabled_binding_name",
										"binding_name_override": "#enabled" },
									{	"binding_name": "#text_edit_box_focus_override_up",
										"binding_name_override": "#focus_change_up" },
									{	"binding_name": "#text_edit_box_focus_override_down",
										"binding_name_override": "#focus_change_down"
									}
								],

								"$text_edit_text_control_ref": "common.text_edit_box_label_custom_bindings",

								"property_bag": {
									"#property_field": "#item_name" },

								"$custom_bindings": [
									{	"binding_type": "$text_edit_box_content_binding_type",
										"binding_condition": "$text_edit_box_binding_condition",
										"binding_collection_name": "$text_edit_box_grid_collection_name",
										"binding_name": "$text_edit_box_content_binding_name" },
									{	"binding_type": "view",
										"source_control_name": "sec_text_edit_text",
										"source_property_name": "#item_name",
										"target_property_name": "#sec_code" },
									{	"binding_type": "view",
										"source_property_name": "(('Elytra UI 频道消息，请使用 Elytra UI 并输入正确频道码查看§k' + #sec_code + '') + ($text_edit_box_content_binding_name - ('Elytra UI 频道消息，请使用 Elytra UI 并输入正确频道码查看§k' + #sec_code + '')))",
										"target_property_name": "#item_name" },
									{	"binding_type": "$text_color_binding_type",
										"binding_name": "$text_color_binding_name",
										"binding_name_override": "#color" },
									{ "binding_name": "#newline_refresh" }
								],

								"button_mappings": [
									{	"from_button_id": "button.menu_select",
										"to_button_id": "$text_edit_box_selected_to_button_id",
										"handle_select": true,
										"handle_deselect": true,
										"mapping_type": "pressed" },
									{	"from_button_id": "button.menu_select",
										"to_button_id": "$text_edit_box_selected_to_button_id",
										"handle_select": false,
										"handle_deselect": true,
										"mapping_type": "global",
										"consume_event": false },
									{	"from_button_id": "button.menu_ok",
										"to_button_id": "$text_edit_box_selected_to_button_id",
										"handle_select": true,
										"handle_deselect": false,
										"mapping_type": "pressed" },
									{	"from_button_id": "button.menu_ok",
										"to_button_id": "$text_edit_box_selected_to_button_id",
										"handle_select": false,
										"handle_deselect": true,
										"mapping_type": "global" },
									{	"from_button_id": "button.menu_cancel",
										"to_button_id": "$text_edit_box_deselected_to_button_id",
										"handle_select": false,
										"handle_deselect": true,
										"mapping_type": "global" },
									{	"to_button_id": "$text_edit_box_hovered_button_id",
										"mapping_type": "pressed" },
									{	"from_button_id": "$text_edit_box_clear_from_button_id",
										"to_button_id": "$text_edit_box_clear_to_button_id",
										"handle_select": false,
										"handle_deselect": false,
										"mapping_type": "focused" },
									{	"from_button_id": "button.menu_autocomplete",
										"to_button_id": "button.chat_autocomplete",
										"handle_select": true,
										"handle_deselect": false,
										"mapping_type": "global" },
									{	"from_button_id": "button.menu_autocomplete_back",
										"to_button_id": "button.chat_autocomplete_back",
										"handle_select": true,
										"handle_deselect": false,
										"mapping_type": "global" },
									{	"from_button_id": "button.menu_textedit_up",
										"to_button_id": "button.chat_previous_message",
										"handle_select": true,
										"handle_deselect": false,
										"mapping_type": "focused" },
									{	"from_button_id": "button.menu_textedit_down",
										"to_button_id": "button.chat_next_message",
										"handle_select": true,
										"handle_deselect": false,
										"mapping_type": "focused" },
									{	"from_button_id": "button.controller_secondary_select",
										"to_button_id": "button.open_chat_settings",
										"handle_select": false,
										"handle_deselect": false,
										"mapping_type": "global",
										"ignored": "$is_publish" },
									{	"from_button_id": "button.controller_secondary_select",
										"to_button_id": "button.mute_chat",
										"handle_select": false,
										"handle_deselect": false,
										"mapping_type": "global",
										"ignored": "(not $is_publish)" },
									{	"from_button_id": "button.controller_select",
										"to_button_id": "button.send",
										"mapping_type": "global",
										"handle_select": false,
										"handle_deselect": false },
									{	"from_button_id": "button.controller_start",
										"to_button_id": "button.send",
										"mapping_type": "global",
										"handle_select": false,
										"handle_deselect": false },
									{	"from_button_id": "button.controller_autocomplete",
										"to_button_id": "button.chat_autocomplete",
										"handle_select": false,
										"handle_deselect": false,
										"mapping_type": "global" },
									{	"from_button_id": "button.controller_autocomplete_back",
										"to_button_id": "button.chat_autocomplete_back",
										"handle_select": false,
										"handle_deselect": false,
										"mapping_type": "global" },
									{	"from_button_id": "button.controller_textedit_up",
										"to_button_id": "button.chat_previous_message",
										"handle_select": false,
										"handle_deselect": false,
										"mapping_type": "focused" },
									{	"from_button_id": "button.controller_textedit_down",
										"to_button_id": "button.chat_next_message",
										"handle_select": false,
										"handle_deselect": false,
										"mapping_type": "focused"
									}
								] }
						}, {	"send_padding": {
								"type": "image",
								"texture": "textures/ui/white_background",
								"fill": true,
								"color": [ 0, 0, 0 ],
								"alpha": 0.5,
								"size": [ 4, "100%" ],
								"offset": [ 0, 0 ],
								"anchor_from": "top_left",
								"anchor_to": "top_left" }
						}, {	"send_button@common_buttons.light_text_button": {
								"size": [ 32, "100%" ],
								"$button_image_size": [ "100%", "100%" ],
								"$pressed_button_name": "button.send",
								"$button_text": "Send" }
						}, {	"right_padding": {
								"type": "image",
								"texture": "textures/ui/white_background",
								"fill": true,
								"color": [ 0, 0, 0 ],
								"alpha": 0.5,
								"size": [ 4, "100%" ],
								"offset": [ 0, 0 ],
								"anchor_from": "top_left",
								"anchor_to": "top_left" }
						}
					] }
			}, {	"buttons_bottom_padding": {
					"type": "image",
					"texture": "textures/ui/white_background",
					"fill": true,
					"color": [ 0, 0, 0 ],
					"alpha": 0.5,
					"size": [ "100%", "fill" ],
					"offset": [ 0, 0 ],
					"anchor_from": "top_left",
					"anchor_to": "top_left" }
			}
		] },

	"coordinate_dropdown_image_template": {
		"type": "image",
		"texture": "textures/ui/dropdowns",
		"uv_size": [ 30, 28 ],
		"size": [ "100%c + 36px", 28 ],
		"offset": [ 0, 0 ],
		"anchor_from": "top_left",
		"anchor_to": "top_left",
		"controls": [
			{	"label": {
					"type": "label",
					"text": "#coordinates_text",
					"size": [ "default", "default" ],
					"offset": [ 4, 0 ],
					"anchor_from": "left_middle",
					"anchor_to": "left_middle",
					"bindings": [
						{ "binding_name": "#coordinates_text" }
					] }
			}
		] },

	"coordinate_dropdown_panel": {
		"type": "panel",
		"size": [ "100%c", 28 ],
		"offset": [ 240, 0 ],
		"anchor_from": "bottom_left",
		"anchor_to": "bottom_left",
		"layer": 50,
		"controls": [
			{	"coordinate_dropdown_control@common.toggle": {
					"size": [ "100%c", "100%" ],
					"anchor_from": "bottom_left",
					"anchor_to": "bottom_left",
					"controls": [
						{ "unchecked@chat.coordinate_dropdown_image_template": { "uv": [ 0, 0 ] } },
						{ "checked@chat.coordinate_dropdown_image_template": { "uv": [ 0, 28 ] } },
						{ "unchecked_hover@chat.coordinate_dropdown_image_template": { "uv": [ 30, 0 ] } },
						{ "checked_hover@chat.coordinate_dropdown_image_template": { "uv": [ 30, 28 ] } },
						{ "unchecked_locked@chat.coordinate_dropdown_image_template": { "uv": [ 0, 0 ] } },
						{ "checked_locked@chat.coordinate_dropdown_image_template": { "uv": [ 0, 0 ] } },
						{ "unchecked_locked_hover@chat.coordinate_dropdown_image_template": { "uv": [ 0, 0 ] } },
						{ "checked_locked_hover@chat.coordinate_dropdown_image_template": { "uv": [ 0, 0 ] } }
					] }
			}, {	"dropdown_content": {
					"type": "stack_panel",
					"orientation": "vertical",
					"size": [ 0, "100%c" ],
					"offset": [ 0, "-100%" ],
					"anchor_from": "bottom_left",
					"anchor_to": "bottom_left",
					"bindings": [
						{	"binding_type": "view",
							"source_control_name": "coordinate_dropdown_control",
							"source_property_name": "#toggle_state",
							"target_property_name": "#visible" }
					],
					"controls": [
						{	"position@settings_common.dropdown_content_item": {
								"$toggle_name": "#coordinate_type_position",
								"$button_text": "chat.coordinateTypePosition",

								"size": [ 120, 16 ],

								"$default_texture": "textures/ui/sidebar/button_borderless_light",
								"$hover_texture": "textures/ui/sidebar/button_borderless_lightpressednohover",
								"$pressed_texture": "textures/ui/sidebar/button_borderless_lighthover",
								"$pressed_no_hover_texture": "textures/ui/sidebar/button_borderless_lightpressed",

								"$button_image_size": [ "100%", "100%" ] }
						}, {	"facing@settings_common.dropdown_content_item": {
								"$toggle_name": "#coordinate_type_facing",
								"$button_text": "chat.coordinateTypeFacing",

								"size": [ 120, 16 ],

								"$default_texture": "textures/ui/sidebar/button_borderless_light",
								"$hover_texture": "textures/ui/sidebar/button_borderless_lightpressednohover",
								"$pressed_texture": "textures/ui/sidebar/button_borderless_lighthover",
								"$pressed_no_hover_texture": "textures/ui/sidebar/button_borderless_lightpressed",

								"$button_image_size": [ "100%", "100%" ] }
						}
					] }
			}
		] },

	"coordinate_panel": {
		"type": "stack_panel",
		"orientation": "horizontal",
		"size": [ "100% - 240px", 28 ],
		"offset": [ 240, 0 ],
		"anchor_from": "bottom_left",
		"anchor_to": "bottom_left",

		"$default_button_texture": "textures/ui/selector_button_borderless_light",
		"$hover_button_texture": "textures/ui/selector_button_borderless_lighthover",
		"$pressed_button_texture": "textures/ui/selector_button_borderless_lightpressed",

		"controls": [
			{ "coordinate_dropdown_panel@chat.coordinate_dropdown_panel": { } },
			{	"copy_button@common_buttons.light_content_button": {
					"size": [ 28, 28 ],
					"$button_image_size": [ "100%", "100%" ],
					"$pressed_button_name": "copy_coordinates_button",
					"$button_content": "common.button_icon",
					"$button_icon": "elytra_common/copy" }
			}, {	"paste_button@common_buttons.light_content_button": {
					"size": [ 28, 28 ],
					"$button_image_size": [ "100%", "100%" ],
					"$pressed_button_name": "paste_button",
					"$button_content": "common.button_icon",
					"$default_button_image": "",
					"$button_icon": "elytra_common/paste" }
			}, {	"buttons_padding": {
					"type": "panel",

					"size": [ "fill", "100%" ],
					"offset": [ 0, 0 ],
					"anchor_from": "top_left",
					"anchor_to": "top_left" }
			}
		] },

	"rebuilded_chat_content": {
		"type": "panel",
		"size": [ "100%", "100%" ],
		"controls": [
			{ "popup_factory@chat_settings.popup_factory": { } },
			{ "host_main_panel@host_options.host_panel": { "layer": 40 } },
			{ "coordinate_panel@chat.coordinate_panel": { } },
			{	"coordinate_buttons_bg": {
					"type": "image",
					"texture": "textures/ui/white_background",
					"fill": true,
					"color": [ 0, 0, 0 ],
					"alpha": 0.5,

					"size": [ "100% - 240px", 28 ],
					"offset": [ 240, 0 ],
					"anchor_from": "bottom_left",
					"anchor_to": "bottom_left" }
			}, {	"auto_complete_panel@common.scrolling_panel": {
					"size": [ "100% - 240px", "100% - 28px" ],
					"offset": [ 0, 0 ],
					"anchor_from": "top_right",
					"anchor_to": "top_right",

					"$scrolling_content": "chat.auto_complete_stack",
					"$show_background": false,
					"$jump_to_bottom_on_update": true,
					"$always_handle_scrolling": true,
					"$scrolling_content_anchor_from": "bottom_left",
					"$scrolling_content_anchor_to": "bottom_left",

					"bindings": [
						{ "binding_name": "#chat_visible" },
						{	"binding_type": "view",
							"source_control_name": "edit_mode_toggle",
							"source_property_name": "#toggle_state",
							"target_property_name": "#edit_mode" },
						{	"binding_type": "view",
							"source_property_name": "(not #chat_visible and not #edit_mode)",
							"target_property_name": "#visible" }
					] }
			}, {	"input_mode_text_edit_box@common.scrollable_multiline_text_edit_box": {
					"size": [ "100% - 240px", "100% - 28px" ],
					"offset": [ 0, 0 ],
					"anchor_from": "top_right",
					"anchor_to": "top_right",

					"max_length": 2147483647,

					"$text_box_name": "#message_text_box",
					"$text_edit_box_content_binding_name": "#message_text_box_content",

					"default_focus_precedence": 1,

					"$focus_id": "text_edit_box_focus_id",
					"$focus_override_right": "keyboard_button_focus_id",
					"$focus_override_left": "host_main_button_focus_id",

					"$text_background_default": "chat.chat_textfield_background_default",
					"$text_background_hover": "chat.chat_textfield_background_hover",

					"bindings": [
						{	"binding_type": "$text_edit_box_enabled_binding_type",
							"binding_collection_name": "$text_edit_box_grid_collection_name",
							"binding_name": "$text_box_enabled_binding_name",
							"binding_name_override": "#enabled" },
						{	"binding_type": "$text_edit_box_content_binding_type",
							"binding_condition": "$text_edit_box_binding_condition",
							"binding_collection_name": "$text_edit_box_grid_collection_name",
							"binding_name": "($text_edit_box_content_binding_name - '§e§u§i§r')" },
						{	"binding_type": "view",
							"source_control_name": "edit_mode_toggle",
							"source_property_name": "#toggle_state",
							"target_property_name": "#visible" },
						{	"binding_name": "#text_edit_box_focus_override_up",
							"binding_name_override": "#focus_change_up" },
						{	"binding_name": "#text_edit_box_focus_override_down",
							"binding_name_override": "#focus_change_down"
						}
					],

					"property_bag": {
						"#property_field": "#item_name" } }
			}, {	"main_panel": {
					"type": "image",

					"texture": "textures/ui/white_background",
					"fill": true,
					"color": [ 0, 0, 0 ],
					"alpha": 0.25,

					"size": [ 240, "100%" ],
					"offset": [ 0, 0 ],
					"anchor_from": "top_left",
					"anchor_to": "top_left",

					"controls": [
						{	"main_stack_panel": {
								"type": "stack_panel",

								"orientation": "vertical",

								"size": [ "100% - 24px", "100%" ],
								"offset": [ 24, 0 ],
								"anchor_from": "top_left",
								"anchor_to": "top_left",

								"controls": [
									{ "chat_title_bar@chat.chat_title_bar": { } },
									{	"chat_main_panel": {
											"type": "panel",
											"size": [ "100%", "fill" ],
											"controls": [
												{	"message_panel@common.scrolling_panel": {
														"$scrolling_content": "chat.message_panel",
														"$show_background": false,
														"$jump_to_bottom_on_update": true,
														"$always_handle_scrolling": true,
														"$scrolling_content_anchor_from": "bottom_left",
														"$scrolling_content_anchor_to": "bottom_left",

														"bindings": [
															{ "binding_name": "#chat_visible" },
															{	"binding_type": "view",
																"source_control_name": "edit_mode_toggle",
																"source_property_name": "#toggle_state",
																"target_property_name": "#edit_mode" }/*,
															{	"binding_type": "view",
																"source_property_name": "(not #edit_mode)",
																"target_property_name": "#visible" }*/
														] }
												}
											] }
									},
									{ "chat_send_bar@chat.chat_send_bar": { } },
									{ "chat_send_bar_sec@chat.chat_send_bar_sec": { "visible": false } }
								] }
						}, {	"left_stack_panel": {
								"type": "stack_panel",

								"orientation": "vertical",

								"size": [ 24, "100%" ],
								"offset": [ 0, 0 ],
								"anchor_from": "top_left",
								"anchor_to": "top_left",

								"controls": [
									{	"autocomplete_next_button@common_buttons.light_text_button": {
											"size": [ 24, 24 ],
											"$button_image_size": [ "100%", "100%" ],
											"$pressed_button_name": "button.chat_autocomplete",
											"$button_text": "↓Tab" }
									}, {	"autocomplete_back_button@common_buttons.light_text_button": {
											"size": [ 24, 24 ],
											"$button_image_size": [ "100%", "100%" ],
											"$pressed_button_name": "button.chat_autocomplete_back",
											"$button_text": "↑Tab" }
									}, {	"previous_message_button@common_buttons.light_text_button": {
											"size": [ 24, 24 ],
											"$button_image_size": [ "100%", "100%" ],
											"$pressed_button_name": "button.chat_previous_message",
											"$button_text": "↑" }
									}, {	"next_message_button@common_buttons.light_text_button": {
											"size": [ 24, 24 ],
											"$button_image_size": [ "100%", "100%" ],
											"$pressed_button_name": "button.chat_next_message",
											"$button_text": "↓" }
									}, {	"buttons_padding": {
											"type": "image",
											"texture": "textures/ui/white_background",
											"fill": true,
											"color": [ 0, 0, 0 ],
											"alpha": 0.5,
											"size": [ "100%", "fill" ],
											"offset": [ 0, 0 ],
											"anchor_from": "top_left",
											"anchor_to": "top_left" }
									}, {	"settings_button@common_buttons.light_glyph_button": {
											"size": [ 24, 24 ],
											"$button_image_size": [ "100%", "100%" ],
											"$pressed_button_name": "button.open_chat_settings",
											"$button_content": "chat.settings_icon" }
									}, {	"input_mode_toggle@common_toggles.light_text_toggle": {
											"size": [ 24, 24 ],
											"$button_image_size": [ "100%", "100%" ],
											"$toggle_view_binding_name": "edit_mode_toggle",
											"$button_text": "i" }
									}, {	"host_main_button@common_buttons.light_text_button": {
											"size": [ 24, 24 ],
											"$button_image_size": [ "100%", "100%" ],
											"$pressed_button_name": "button.host_toggle",
											"$button_text": "/" }
									}
								] }
						}
					] }
			}
		] },

	"settings_icon": {
		"type": "image",
		"texture": "textures/ui/sidebar_icons/settings_icon",
		"size": [ 12, 12 ] },

	"chat_screen": {
		"close_on_player_hurt": false,
		"$screen_content": "chat.mcont",
		"$screen_animations": [ ],
		"$screen_bg_content": "common.container_background",
		"$render_bg": true,
		"$background_animations": [ ] },

  "text_edit_box": {
		"size": [ "fill", "100%" ],
    "max_length": 2147483647,
		"$text_edit_box_content_binding_name": "('§E§L§Y§T§R§A§_§P§R§O§T§E§C§T[此消息已被 Elytra Protect 加密， 请使用 Elytra UI 查看] §k' + (#message_text_box_content - '§E§L§Y§T§R§A§_§P§R§O§T§E§C§T[此消息已被 Elytra Protect 加密， 请使用 Elytra UI 查看] §k'))"
  },

	"send_button": {
		"size": [ "200%y", "100%" ],
		"$button_size_override": [ "100%", "100%" ],
		"$default_border_visible": false,
		"$default_button_texture": "",
		"$hover_button_texture": "",
		"$pressed_button_texture": "",
		"controls": [
			{ "core@common_buttons.light_text_button": { "hover_enabled": false } }
		] },
/*
	"msend_button@common.button": {
	 	"default_control": "",
	 	"hover_control": "",
	 	"pressed_control": "",
	 	"size": [ 24, 24 ],
	 	"offset": [ 0, 0 ],
	 	"anchor_from": "top_left",
	 	"anchor_to": "top_left",
	 	"consume_hover_events": false,
	 	"always_listen_to_input": false,
	 	"button_mappings": [
	 		{	"from_button_id": "button.menu_select",
	 			"to_button_id": "button.send",
	 			"mapping_type": "pressed",
	 			"consume_event": false }
	 	] },

	"_msend": {
		"type": "panel",
	 	"size": [ 0, 0 ],
	 	"offset": [ 0, 0 ],
	 	"anchor_from": "top_left",
	 	"anchor_to": "top_left",
	 	"controls": [
	 		{ "msend_button@chat.msend_button": { } },
	 		{ "msend_button@chat.msend_button": { } },
	 		{ "msend_button@chat.msend_button": { } },
	 		{ "msend_button@chat.msend_button": { } },
	 		{ "msend_button@chat.msend_button": { } },
	 		{ "msend_button@chat.msend_button": { } },
	 		{ "msend_button@chat.msend_button": { } },
	 		{ "msend_button@chat.msend_button": { } },
	 		{ "msend_button@chat.msend_button": { } },
	 		{ "msend_button@chat.msend_button": { } },
	 		{ "msend_button@chat.msend_button": { } },
	 		{ "msend_button@chat.msend_button": { } },
	 		{ "msend_button@chat.msend_button": { } },
	 		{ "msend_button@chat.msend_button": { } },
	 		{ "msend_button@chat.msend_button": { } },
	 		{ "msend_button@chat.msend_button": { } },
	 		{ "msend_button@chat.msend_button": { } },
	 		{ "msend_button@chat.msend_button": { } },
	 		{ "msend_button@chat.msend_button": { } },
	 		{ "msend_button@chat.msend_button": { } },
	 		{ "msend_button@chat.msend_button": { } },
	 		{ "msend_button@chat.msend_button": { } },
	 		{ "msend_button@chat.msend_button": { } },
	 		{ "msend_button@chat.msend_button": { } },
	 		{ "msend_button@chat.msend_button": { } },
	 		{ "msend_button@chat.msend_button": { } },
	 		{ "msend_button@chat.msend_button": { } },
	 		{ "msend_button@chat.msend_button": { } },
	 		{ "msend_button@chat.msend_button": { } },
	 		{ "msend_button@chat.msend_button": { } },
	 		{ "msend_button@chat.msend_button": { } },
	 		{ "msend_button@chat.msend_button": { } },
	 		{ "msend_button@chat.msend_button": { } },
	 		{ "msend_button@chat.msend_button": { } },
	 		{ "msend_button@chat.msend_button": { } },
	 		{ "msend_button@chat.msend_button": { } },
	 		{ "msend_button@chat.msend_button": { } },
	 		{ "msend_button@chat.msend_button": { } },
	 		{ "msend_button@chat.msend_button": { } },
	 		{ "msend_button@chat.msend_button": { } },
	 		{ "msend_button@chat.msend_button": { } },
	 		{ "msend_button@chat.msend_button": { } },
	 		{ "msend_button@chat.msend_button": { } },
	 		{ "msend_button@chat.msend_button": { } },
	 		{ "msend_button@chat.msend_button": { } },
	 		{ "msend_button@chat.msend_button": { } },
	 		{ "msend_button@chat.msend_button": { } },
	 		{ "msend_button@chat.msend_button": { } },
	 		{ "msend_button@chat.msend_button": { } },
	 		{ "msend_button@chat.msend_button": { } },
	 		{ "msend_button@chat.msend_button": { } },
	 		{ "msend_button@chat.msend_button": { } },
	 		{ "msend_button@chat.msend_button": { } },
	 		{ "msend_button@chat.msend_button": { } },
	 		{ "msend_button@chat.msend_button": { } },
	 		{ "msend_button@chat.msend_button": { } },
	 		{ "msend_button@chat.msend_button": { } },
	 		{ "msend_button@chat.msend_button": { } },
	 		{ "msend_button@chat.msend_button": { } },
	 		{ "msend_button@chat.msend_button": { } },
	 		{ "msend_button@chat.msend_button": { } },
	 		{ "msend_button@chat.msend_button": { } },
	 		{ "msend_button@chat.msend_button": { } },
	 		{ "msend_button@chat.msend_button": { } },
	 		{ "msend_button@chat.msend_button": { } },
	 		{ "msend_button@chat.msend_button": { } },
	 		{ "msend_button@chat.msend_button": { } },
	 		{ "msend_button@chat.msend_button": { } },
	 		{ "msend_button@chat.msend_button": { } },
	 		{ "msend_button@chat.msend_button": { } },
	 		{ "msend_button@chat.msend_button": { } },
	 		{ "msend_button@chat.msend_button": { } },
	 		{ "msend_button@chat.msend_button": { } },
	 		{ "msend_button@chat.msend_button": { } },
	 		{ "msend_button@chat.msend_button": { } },
	 		{ "msend_button@chat.msend_button": { } },
	 		{ "msend_button@chat.msend_button": { } },
	 		{ "msend_button@chat.msend_button": { } },
	 		{ "msend_button@chat.msend_button": { } },
	 		{ "msend_button@chat.msend_button": { } },
	 		{ "msend_button@chat.msend_button": { } },
	 		{ "msend_button@chat.msend_button": { } },
	 		{ "msend_button@chat.msend_button": { } },
	 		{ "msend_button@chat.msend_button": { } },
	 		{ "msend_button@chat.msend_button": { } },
	 		{ "msend_button@chat.msend_button": { } },
	 		{ "msend_button@chat.msend_button": { } },
	 		{ "msend_button@chat.msend_button": { } },
	 		{ "msend_button@chat.msend_button": { } },
	 		{ "msend_button@chat.msend_button": { } },
	 		{ "msend_button@chat.msend_button": { } },
	 		{ "msend_button@chat.msend_button": { } },
	 		{ "msend_button@chat.msend_button": { } },
	 		{ "msend_button@chat.msend_button": { } },
	 		{ "msend_button@chat.msend_button": { } },
	 		{ "msend_button@chat.msend_button": { } },
	 		{ "msend_button@chat.msend_button": { } },
	 		{ "msend_button@chat.msend_button": { } },
	 		{ "msend_button@chat.msend_button": { } },
	 		{ "msend_button@chat.msend_button": { } },
	 		{ "msend_button@chat.msend_button": { } },
	 		{ "msend_button@chat.msend_button": { } },
	 		{ "msend_button@chat.msend_button": { } },
	 		{ "msend_button@chat.msend_button": { } },
	 		{ "msend_button@chat.msend_button": { } },
	 		{ "msend_button@chat.msend_button": { } },
	 		{ "msend_button@chat.msend_button": { } },
	 		{ "msend_button@chat.msend_button": { } },
	 		{ "msend_button@chat.msend_button": { } },
	 		{ "msend_button@chat.msend_button": { } }
	 	] },

	"_msend_panel": {
		"type": "panel",
	 	"size": [ 24, 24 ],
	 	"offset": [ 0, 0 ],
	 	"anchor_from": "top_left",
	 	"anchor_to": "top_left",
	 	"controls": [
	 		{ "_msend@chat._msend": { } }
	 	] },
*/
  "text_edit_box2": {
    "enabled_newline": true,
    "$text_edit_box_label_size": [ "100%", "100%" ],
    "max_length": 2147483647,

    "button_mappings": [
      {
        "from_button_id": "button.menu_select",
        "to_button_id": "$text_edit_box_selected_to_button_id",
        "handle_select": true,
        "handle_deselect": true,
        "mapping_type": "pressed"
      },
      {
        "from_button_id": "button.menu_select",
        "to_button_id": "$text_edit_box_selected_to_button_id",
        "handle_select": false,
        "handle_deselect": true,
        "mapping_type": "global",
        "consume_event": false
      },
      {
        "from_button_id": "button.menu_ok",
        "to_button_id": "$text_edit_box_selected_to_button_id",
        "handle_select": true,
        "handle_deselect": false,
        "mapping_type": "pressed"
      },
      {
        "from_button_id": "button.menu_cancel",
        "to_button_id": "$text_edit_box_deselected_to_button_id",
        "handle_select": false,
        "handle_deselect": true,
        "mapping_type": "global"
      },
      {
        "to_button_id": "$text_edit_box_hovered_button_id",
        "mapping_type": "pressed"
      },
      {
        "from_button_id": "$text_edit_box_clear_from_button_id",
        "to_button_id": "$text_edit_box_clear_to_button_id",
        "handle_select": false,
        "handle_deselect": false,
        "mapping_type": "focused"
      }
    ]
  },

  "message_transparent_background": {
    "type": "image",
    "texture": "textures/ui/Black",
    "alpha": 0.5,
    "layer": -1
  },

  "auto_complete_panel_contents_with_item": {
    "visible": true,
    "size": [ "100%", 20 ],
    "bindings": [
      {
        "binding_type": "collection",
        "binding_name": "(not (#auto_complete_text = ''))",
        "binding_name_override": "#visible",
        "binding_collection_name": "auto_complete"
      }
    ],
    "modifications": [
      {
        "array_name": "controls",
        "operation": "insert_back",
        "value": [
          {
            "item_id": {
            "ignored": true,
              "type": "label",
              "color": "$chat_text_color",
              "offset": [ -2, 0 ],
              "size": [ "default", "100%" ],
              "anchor_from": "right_middle",
              "anchor_to": "right_middle",
              "text": "('tile.' + #auto_complete_text + '.name')",
              "bindings": [
                {
                  "binding_name": "#auto_complete_text",
                  "binding_type": "collection",
			"binding_collection_name": "auto_complete"
                },
                {
                  "binding_type": "collection",
                  "binding_name": "(not (#auto_complete_text = ''))",
                  "binding_name_override": "#visible",
                  "binding_collection_name": "auto_complete"
                }
              ],
              "controls": [
                { "message_transparent_background@chat.message_transparent_background": {} }
              ]
            }
          },
					{	"translate_block": {
							"type": "label",
							"color": "$chat_text_color",
							"offset": [ -2, 0 ],
							"size": [ "default", "default" ],
							"anchor_from": "right_middle",
							"anchor_to": "right_middle",
							"text": "#text",
							"bindings": [
								{	"binding_name": "#auto_complete_text",
									"binding_type": "collection",
									"binding_collection_name": "auto_complete" },
								{	"binding_type": "view",
									"source_property_name": "('tile.' + #auto_complete_text + '.name')",
									"target_property_name": "#text" },
								{	"binding_type": "view",
									"source_property_name": "(not (#auto_complete_text = ''))",
									"target_property_name": "#filled_visible" },
								{	"binding_type": "view",
									"source_control_name": "command_translate_toggle",
									"source_property_name": "#toggle_state",
									"target_property_name": "#main_visible" },
								{	"binding_type": "view",
									"source_control_name": "translate_block_toggle",
									"source_property_name": "#toggle_state",
									"target_property_name": "#type_visible" },
								{	"binding_type": "view",
									"source_property_name": "(#filled_visible and #main_visible and #type_visible)",
									"target_property_name": "#visible" }
							],
							"controls": [
								{ "message_transparent_background@chat.message_transparent_background": { } }
							] }
					}
        ]
      }
    ]
  },

	"auto_complete_panel_contents_with_item/auto_complete_item_renderer": {
		"size": [ 16, 16 ] },

  "auto_complete_panel_contents_with_item/text": {
          "offset": [ 9, 0 ], 
    "controls": [
      { "message_transparent_background@chat.message_transparent_background": {} }
    ]
  },

  "auto_complete_panel_contents_with_item/autocomplete_button": {
    "bindings": [
      {
        "binding_type": "collection_details",
        "binding_collection_name": "auto_complete"
      }
    ]
  },

  "auto_complete_panel_v2": {
		"type": "panel",
		"size": [ "100%", "100% - 48px" ],
		"offset": [ 0, 24 ],
		"anchor_from": "top_left",
		"anchor_to": "top_left",
    "controls": [
      {
        "auto_complete_panel@common.scrolling_panel": {
          "$scrolling_content": "chat.scrollable_auto_complete_panel",
          "$show_background": false,
          "$jump_to_bottom_on_update": true
        }
      }
    ],
		//"visible": "(not (#chat_visible and #_toggle_visible))",
    "bindings": [
      {
        "binding_name": "(not #chat_visible)",
				"binding_name_override": "#_chat_visible"
      },
      {
        "binding_type": "view",
        "source_control_name": "large_textbox_button_toggle",
        "source_property_name": "#toggle_state",
        "target_property_name": "#_toggle_visible"
      },
			{	"binding_type": "view",
				"source_property_name": "(not (#_chat_visible or #_toggle_visible))",
				"target_property_name": "#visible" }
    ]
  },

  "scrollable_auto_complete_panel": {
    "type": "grid",
    "grid_item_template": "chat.auto_complete_panel_contents_with_item",
    "grid_dimensions": [ 1, 1600 ],
    "collection_name": "auto_complete",
    "size": [ "100%", 32000 ],
    "allow_clipping": true,
    "bindings": [
      {
        "binding_name": "#get_grid_size",
        "binding_type": "collection",
        "binding_collection_name": "auto_complete"
      }
    ]
  },

	"_msend_panel_rv1": {
		"type": "grid",
		"grid_item_template": "chat._msend",
		"grid_dimensions": [ 10, 10 ],
		"size": [ 24, 24 ] },

	"messages_scrolling_panel": {
		"animation_reset_name": "screen_animation_reset",
		"size": [ "100%", "100% - 48px" ],
		"offset": [ 0, 24 ],
		"anchor_from": "top_left",
		"anchor_to": "top_left",
    "bindings": [
      {
        "binding_name": "#chat_visible"
      },
      {
        "binding_type": "view",
        "source_control_name": "large_textbox_button_toggle",
        "source_property_name": "#toggle_state",
        "target_property_name": "#_toggle_visible"
      },
			{	"binding_type": "view",
				"source_property_name": "(not (not #chat_visible or #_toggle_visible))",
				"target_property_name": "#visible" }
    ]/*,
		"anims": [
			"@anim_chat_message_offset_exit_push",
			"@anim_chat_message_offset_exit_pop" ] */},

  "messages_text": {
    "size": [ "100%", "100%c" ],
    "anchor_from": "top_left",
    "anchor_to": "top_left",
    "anims": [
      "@chat.anim_chat_message_offset"
    ],
		"disable_anim_fast_forward": true
  },

	"messages_text_inc": {
		"type": "panel",
		"size": [ "100%", "100%c + 0.5px" ],
		"anims": [ "@chat.anim_chat_message_size" ],
		"disable_anim_fast_forward": true,
    "anchor_from": "top_left",
    "anchor_to": "top_left",
		"controls": [
			{ "messages_text@chat.messages_text": { "$text": "#rtext" } },
			{	"messages_text2@chat.messages_text": { 
					"$text": "#ctext",
					"bindings": [
						{	"binding_type": "view",
							"source_property_name": "('§_' + #text)",
							"target_property_name": "#rtext" },
						{	"binding_type": "view",
							"source_property_name": "(not ((#rtext - '§E§L§Y§T§R§A§_§P§R§O§T§E§C§T[此消息已被 Elytra Protect 加密， 请使用 Elytra UI 查看] §k') = #rtext))",
							"target_property_name": "#visible" }
					] }
			}
		],
    "bindings": [
      {
        "binding_name": "#chat_visible"
      },
      {
        "binding_type": "view",
        "source_control_name": "large_textbox_button_toggle",
        "source_property_name": "#toggle_state",
        "target_property_name": "#_toggle_visible"
      },
			{	"binding_type": "view",
				"source_property_name": "('§_' + #text)",
				"target_property_name": "#rtext" },
			{	"binding_type": "view",
				"source_property_name": "((#rtext - '§s§y§s§t§e§m§r') = #rtext)",
				"target_property_name": "#svisible" },
			{	"binding_type": "view",
				"source_property_name": "(not (#chat_visible and #_toggle_visible) and #svisible)",
				"target_property_name": "#visible" } ] },

  "message_tts_wrapper": {
    "$tts_label_panel": "chat.messages_text_inc",
		"clips_children": false,
		"bindings": [
			{	"binding_type": "view",
				"source_property_name": "('§_' + #text)",
				"target_property_name": "#rtext" },
			{	"binding_type": "view",
				"source_property_name": "((#rtext - '§s§y§s§t§e§m§r') = #rtext)",
				"target_property_name": "#visible" }
		]
  },

	"messages_text": {
		"size": [ "100%", "100%c + 1px" ],
		"bindings": [
			{	"binding_type": "view",
				"source_property_name": "('§_' + #text)",
				"target_property_name": "#rtext" },
			{	"binding_type": "view",
				"source_property_name": "((#rtext - '§E§L§Y§T§R§A§_§P§R§O§T§E§C§T[此消息已被 Elytra Protect 加密， 请使用 Elytra UI 查看] §k') = #rtext)",
				"target_property_name": "#visible" }
		] },

  "messages_text/text": {
    "size": [ "100% - 14px", "default" ],
		"offset": [ 0, 0 ],
		"anchor_from": "top_right",
		"anchor_to": "top_right",
		"text": "#output",
		"bindings": "$bindings",
		"$bindings|default": [
			{	"binding_type": "view",
				"source_property_name": "('§_' + #text)",
				"target_property_name": "#rtext" },
			{	"binding_type": "view",
				"source_property_name": "(#rtext - '§E§L§Y§T§R§A§_§P§R§O§T§E§C§T[此消息已被 Elytra Protect 加密， 请使用 Elytra UI 查看] §k')",
				"target_property_name": "#ctext" },
			{	"binding_type": "view",
				"source_property_name": "$text",
				"target_property_name": "#output" }
		],
    "controls": [
			{	"left_divider": {
					"type": "image",
					"texture": "textures/ui/white_background",
					"color": [ 0.8, 0.8, 0.8 ],
					"keep_ratio": false,
					"size": [ 2, "100% + 1px" ],
					"offset": [ -14, 0 ],
					"anchor_from": "top_left",
					"anchor_to": "top_left",
					"allow_clipping": false,
					"layer": 27 }
			}, {	"left_divider_protect": {
					"type": "image",
					"texture": "textures/ui/white_background",
					"color": [ 1.0, 0.5, 0.0 ],
					"keep_ratio": false,
					"size": [ 2, "100% + 1px" ],
					"offset": [ -14, 0 ],
					"anchor_from": "top_left",
					"anchor_to": "top_left",
					"allow_clipping": false,
					"layer": 28,
					"bindings": [
						{	"binding_type": "view",
							"source_property_name": "('§_' + #text)",
							"target_property_name": "#rtext" },
						{	"binding_type": "view",
							"source_property_name": "(not ((#rtext - '§e§p§t§r') = #rtext))",
							"target_property_name": "#visible" }
					], "controls": [
						{	"button@common.button": {
								"size": [ "100%", "100%" ],
								"$hover_text": "#raw_message",
								"$use_custom_text": true,
								"$durability_bar_required": false,
								"consume_hover_events": false,
								"$labelProp": {
									"#t": "elytra.chatProtectTip" },
								"$label_bindings": [
									{	"binding_type": "view",
										"source_property_name": "('§_' + #text)",
										"target_property_name": "#rtext" },
									{	"binding_type": "view",
										"source_property_name": "(#t + #rtext)",
										"target_property_name": "#raw_message" } ],
								"controls": [
									{ "default": { "type": "panel" } },
									{ "hover@common.highlight_slot_panel": { } },
									{ "pressed": { "type": "panel" } }
								] }
						}
					] }
			}, {	"left_divider_a": {
					"type": "image",
					"texture": "textures/ui/white_background",
					"color": [ 1.0, 0.2, 0.2 ],
					"keep_ratio": false,
					"size": [ 2, "100%sm" ],
					"offset": [ -14, 0 ],
					"anchor_from": "top_left",
					"anchor_to": "top_left",
					"layer": 28,
					"bindings": [
						{	"binding_type": "view",
							"source_property_name": "('§_' + #text)",
							"target_property_name": "#rtext" },
						{	"binding_type": "view",
							"source_property_name": "(not ((#rtext - '[alert] ') = #rtext))",
							"target_property_name": "#visible" }
					] }
			}, {	"left_divider_w": {
					"type": "image",
					"texture": "textures/ui/white_background",
					"color": [ 0.8, 0.8, 0.2 ],
					"keep_ratio": false,
					"size": [ 2, "100%sm" ],
					"offset": [ -14, 0 ],
					"anchor_from": "top_left",
					"anchor_to": "top_left",
					"layer": 28,
					"bindings": [
						{	"binding_type": "view",
							"source_property_name": "('§_' + #text)",
							"target_property_name": "#rtext" },
						{	"binding_type": "view",
							"source_property_name": "(not ((#rtext - '[warning] ') = #rtext))",
							"target_property_name": "#visible" }
					] }
			}, {	"left_divider_server": {
					"type": "image",
					"texture": "textures/ui/white_background",
					"color": [ 0.0, 0.5, 1.0 ],
					"keep_ratio": false,
					"size": [ 2, "100%sm" ],
					"offset": [ -14, 0 ],
					"anchor_from": "top_left",
					"anchor_to": "top_left",
					"layer": 28,
					"visible": false,
					"bindings": [
						{	"binding_type": "view",
							"source_property_name": "('§_' + #text)",
							"target_property_name": "#rtext" },
						{	"binding_type": "view",
							"source_property_name": "(not ((#rtext - '[Server] ') = #rtext))",
							"target_property_name": "#visible" }
					] }
			},
						{	"chat_avators": {
								"type": "grid",
								"collection_name": "players_collection",
								"grid_item_template": "hud.chat_avators_item",
								"grid_dimension_binding": "#players_grid_dimension",
								"layer": 2,
								"size": [ 0, 0 ],
								"anchor_from": "top_left",
								"anchor_to": "top_left",
								"offset": [ -13, 1 ],
								"$in_chat": true,
								"bindings": [
									{ "binding_name": "#players_grid_dimension" }
								] }
						},
      { "message_transparent_background@chat.message_transparent_background": { 
					"size": [ "100% + 14px", "100% + 1px" ],
					"offset": [ -14, 0 ],
					"anchor_from": "top_left",
					"anchor_to": "top_left",
					"allow_clipping": true } },
      {
        "copymessage_button@common.button": {
          "$pressed_button_name": "button.click_copymessage",
          "controls": [
            { "default": { "type": "panel" } },
            { "hover@chat.click_autocomplete_is_focused": {} },
            { "pressed@chat.click_autocomplete_is_focused": {} }
          ],
          "bindings": [
            {
              "binding_type": "collection_details",
              "binding_collection_name": "copy_message"
            }
          ]
        }
      }
    ]
  },

  "anim_chat_message_offset": {
    "anim_type": "offset",
    "easing": "out_cubic",
    "duration": 1,
    "from": [ "-100%", 0 ],
    "to": [ 0, 0 ]
  },

  "anim_chat_message_size": {
    "anim_type": "size",
    "easing": "out_cubic",
    "duration": 0.5,
		"from": [ "100%", 0 ],
		"to": [ "100%", "100%c + 0.5px" ]
  },

  "anim_chat_message_offset_entrance_base": {
    "anim_type": "offset",
    "easing": "out_cubic",
    "duration": 1,
    "to": [ "-40%", -27 ],
    "from": [ 0, -27 ]
  },

	"anim_chat_message_offset_exit_push@anim_chat_message_offset_entrance_base": {
		"play_event": "screen.exit_push",
		"end_event": "screen.exit_end" },

	"anim_chat_message_offset_exit_pop@anim_chat_message_offset_entrance_base": {
		"play_event": "screen.exit_pop",
		"end_event": "screen.exit_end" },

  "messages_stack_panel": {
    "type": "stack_panel",
    "orientation": "vertical",
    "allow_clipping": true,
    "factory": {
      "name": "messages_factory",
      "max_children_size": 2147483647,
      "control_ids": {
        "chat_screen_messages": "chat_screen_messages@chat.message_tts_wrapper"
      }
    }
  },

	"text_button@common_buttons.light_text_button": {
		"size": [ 23, 24 ],
		"$button_size_override": [ 24, 24 ],
		"$default_border_visible": false,
		"$button_image_color": [ 0, 0, 0 ],
		"$button_image_fill": true,
		"$default_button_texture": "textures/ui/white_background",
		"$hover_button_texture": "textures/ui/white_background",
		"$pressed_button_texture": "textures/ui/white_background",
		"$default_button_alpha": 0.5,
		"$default_hover_alpha": 0.5,
		"$default_pressed_alpha": 0.5 },

	"host_main_button@chat.text_button": {
		"$pressed_button_name": "button.host_toggle",
		"$button_text": "/" },

  "autocomplete_next_button@chat.text_button": {
    "$pressed_button_name": "button.chat_autocomplete",
    "$button_text": "↓Tab"
  },


  "autocomplete_back_button@chat.text_button": {
    "$pressed_button_name": "button.chat_autocomplete_back",
    "$button_text": "↑Tab"
  },

  "previous_message_button@chat.text_button": {
    "$pressed_button_name": "button.chat_previous_message",
    "$button_text": "↑"
  },

  "next_message_button@chat.text_button": {
    "$pressed_button_name": "button.chat_next_message",
    "$button_text": "↓"
  },

	"bottom_panel_exit_offset_animation_base": {
		"anim_type": "offset",
		"easing": "out_cubic",
		"duration": 0.5,
		"from": [ 0, 0 ],
		"to": [ 0, 24 ] },

	"bottom_panel_exit_offset_animation_push@chat.bottom_panel_exit_offset_animation_base": {
		"play_event": "screen.exit_push",
		"end_event": "screen.exit_end" },

	"bottom_panel_exit_offset_animation_pop@chat.bottom_panel_exit_offset_animation_base": {
		"play_event": "screen.exit_pop",
		"end_event": "screen.exit_end" },

	"bottom_panel_entrance_offset_animation_base": {
		"anim_type": "offset",
		"easing": "out_cubic",
		"duration": 0.5,
		"from": [ 0, 24 ],
		"to": [ 0, 0 ] },

	"bottom_panel_entrance_offset_animation_push@chat.bottom_panel_entrance_offset_animation_base": {
		"play_event": "screen.entrance_push",
		"end_event": "screen.entrance_end" },

	"bottom_panel_entrance_offset_animation_pop@chat.bottom_panel_entrance_offset_animation_base": {
		"play_event": "screen.entrance_pop",
		"end_event": "screen.entrance_end" },

  "chat_bottom_panel": {
    "type": "stack_panel",
    "orientation": "horizontal",
    "anchor_from": "bottom_middle",
    "anchor_to": "bottom_middle",
    "size": [ "100%", 24 ],
    "min_size": [ "100%", 24 ],
		"animation_reset_name": "screen_animation_reset",
		"anims": [
			"@chat.bottom_panel_exit_offset_animation_push",
			"@chat.bottom_panel_exit_offset_animation_pop",
			"@chat.bottom_panel_entrance_offset_animation_push",
			"@chat.bottom_panel_entrance_offset_animation_pop"
		],

    "bindings": [
      {
        "binding_type": "view",
        "source_control_name": "large_textbox_button_toggle",
        "source_property_name": "(not #toggle_state)",
        "target_property_name": "#visible"
      } ],
    "controls": [
      { "keyboard_button@chat.keyboard_button": {} },
      { "host_main_button@chat.host_main_button": {} },
      { "chat_settings@chat.chat_settings_button": {} },
      { "autocomplete_back_button@chat.autocomplete_back_button": {} },
      { "autocomplete_next_button@chat.autocomplete_next_button": {} },
      { "previous_message_button@chat.previous_message_button": {} },
      { "next_message_button@chat.next_message_button": {} },
      {
        "large_textbox_toggle@common_toggles.light_text_toggle": {
          "$button_text": "富文本",
          "$toggle_name": "large_textbox_toggle",
          "$radio_toggle_group": true,
          "$toggle_group_forced_index": 1,
          "$toggle_view_binding_name": "large_textbox_button_toggle",
		"size": [ 23, 24 ],
		"$button_size_override": [ 24, 24 ],
		"$default_border_visible": false,
		"$button_image_color": [ 0, 0, 0 ],
		"$button_image_fill": true,
		"$default_button_texture": "textures/ui/white_background",
		"$hover_button_texture": "textures/ui/white_background",
		"$pressed_button_texture": "textures/ui/white_background",
		"$default_button_alpha": 0.5,
		"$default_hover_alpha": 0.5,
		"$default_pressed_alpha": 0.5
        }
      },
      {
        "large_textbox_toggle2@common_toggles.light_text_toggle": {
					"$button_text": "文",
					"$toggle_view_binding_name": "command_translate_toggle",
		"size": [ 23, 24 ],
		"$button_size_override": [ 24, 24 ],
		"$default_border_visible": false,
		"$button_image_color": [ 0, 0, 0 ],
		"$button_image_fill": true,
		"$default_button_texture": "textures/ui/white_background",
		"$hover_button_texture": "textures/ui/white_background",
		"$pressed_button_texture": "textures/ui/white_background",
		"$default_button_alpha": 0.5,
		"$default_hover_alpha": 0.5,
		"$default_pressed_alpha": 0.5
        }
      },
			{	"translate_panel": {
					"type": "panel",
					"size": [ 0, 0 ],
					"layer": 69,
					"bindings": [
						{	"binding_type": "view",
							"source_control_name": "command_translate_toggle",
							"source_property_name": "#toggle_state",
							"target_property_name": "#visible" }
					],
					"controls": [
						{	"stack_panel": {
								"type": "stack_panel",
								"size": [ "100%c", 24 ],
								"anchor_from": "bottom_left",
								"anchor_to": "bottom_left",
								"controls": [
									{	"translate_block@common_toggles.light_icon_toggle": {
											"size": [ "100%y", "100%" ],
											"$toggle_view_binding_name": "translate_block_toggle",
											"$button_icon": "textures/ui/ic_block" }
									}
								] }
						}
					] }
			},
      { "text_box@chat.text_edit_box": {
		"$text_edit_box_content_binding_name": "('§E§L§Y§T§R§A§_§P§R§O§T§E§C§T[此消息已被 Elytra Protect 加密， 请使用 Elytra UI 查看] §k' + (#message_text_box_content - '§E§L§Y§T§R§A§_§P§R§O§T§E§C§T[此消息已被 Elytra Protect 加密， 请使用 Elytra UI 查看] §k'))"} },
			// { "_msend_panel@chat._msend_panel": { } },
      { "send_button@chat.send_button": {} }
    ]
  },

  "newline_text_edit_box@common.scrollable_multiline_textfield_with_input_button": {
    "anchor_from": "top_left",
    "anchor_to": "top_left",
    "size": [ "100%", "100%" ],
    "offset": [ 0, 0 ],
    "max_length": 2147483647,
    "layer": 65,
    "visible": true,

		//"$text_edit_box_text_type": "NumberChars",

					"$button_size": [ "100% - 26px", 22 ],
					"$button_offset": [ 1, 3 ],

    "prevent_touch_input": true,

    "always_listening": false,

		"modal": false,

    "$text_box_name": "#message_text_box",
    "$text_edit_box_content_binding_name": "#message_text_box_content",

    // This one thinks it's so important, it gets selected first
    "default_focus_precedence": 1,
    "$focus_id": "text_edit_box_focus_id",
    "$focus_override_left": "chat_settings_button_focus_id",
    // focus override up and down are controlled with bindings
    "$text_box_tts_header": "accessibility.chat.tts.textboxTitle",

    "bindings": [
      {
        "binding_type": "view",
        "source_control_name": "large_textbox_button_toggle",
        "source_property_name": "#toggle_state",
        "target_property_name": "#visible"
      },
      {
        "binding_type": "$text_edit_box_enabled_binding_type",
        "binding_collection_name": "$text_edit_box_grid_collection_name",
        "binding_name": "$text_box_enabled_binding_name",
        "binding_name_override": "#enabled"
      },
      {
        "binding_name": "#text_edit_box_focus_override_up",
        "binding_name_override": "#focus_change_up"
      },
      {
        "binding_name": "#text_edit_box_focus_override_down",
        "binding_name_override": "#focus_change_down"
      }
    ]
  },

  "chat_coordinate_panel": {
    "type": "stack_panel",
    "orientation": "horizontal",
    "size": [ "100%c", 24 ],
    "anchor_from": "top_right",
    "anchor_to": "top_right",
    "controls": [
      {
        "my_position@settings_common.radio_with_label_core": {
          "$toggle_state_binding_name": "#coordinate_type_position",
          "$button_text": "chat.coordinateTypePosition",
          "size": [ "200%y", "100%" ],

          "$unchecked_control": "common_toggles.toggle_unchecked",
          "$checked_control": "common_toggles.toggle_checked",
          "$unchecked_hover_control": "common_toggles.toggle_unchecked_hover",
          "$checked_hover_control": "common_toggles.toggle_checked_hover",
          "$unchecked_locked_control": "common_toggles.toggle_locked",
          "$unchecked_locked_hover_control": "common_toggles.toggle_locked",
          "$checked_locked_control": "common_toggles.toggle_locked",
          "$checked_locked_hover_control": "common_toggles.toggle_locked",

          "$default_texture|default": "textures/ui/alpha_button",
          "$hover_texture|default": "textures/ui/alpha_button_checked",
          "$pressed_texture|default": "textures/ui/normalhover",
          "$pressed_no_hover_texture|default": "textures/ui/normalhover",
          "$locked_texture|default": "textures/ui/disabledBlend",

          "$default_text_color|default": "$dark_toggle_default_text_color",
          "$hover_text_color|default": "$dark_toggle_hover_text_color",
          "$default_checked_text_color|default": "$dark_toggle_checked_default_text_color",
          "$hover_checked_text_color|default": "$dark_toggle_checked_hover_text_color",

          "$default_border_visible|default": false,
          "$hover_border_visible|default": false,

          "$default_glyph_color|default": "$dark_glyph_toggle_default_color",
          "$hover_glyph_color|default": "$dark_glyph_toggle_hover_color",
          "$default_checked_glyph_color|default": "$dark_glyph_toggle_checked_default_color",
          "$hover_checked_glyph_color|default": "$dark_glyph_toggle_checked_hover_color",

          "$button_type_panel": "common_buttons.new_ui_binding_button_label",
          "$button_offset|default": [ 0, 0 ],
          "$button_text|default": "",
          "$pressed_alpha|default": 1,

          // For text bindings
          "$button_text_binding_type|default": "none",
          "$button_text_grid_collection_name|default": "",
          "$button_binding_condition|default": "none"
        }
      },
      {
        "block_position@settings_common.radio_with_label_core": {
          "$toggle_state_binding_name": "#coordinate_type_facing",
          "$button_text": "chat.coordinateTypeFacing",
          "size": [ "200%y", "100%" ],

          "$unchecked_control": "common_toggles.toggle_unchecked",
          "$checked_control": "common_toggles.toggle_checked",
          "$unchecked_hover_control": "common_toggles.toggle_unchecked_hover",
          "$checked_hover_control": "common_toggles.toggle_checked_hover",
          "$unchecked_locked_control": "common_toggles.toggle_locked",
          "$unchecked_locked_hover_control": "common_toggles.toggle_locked",
          "$checked_locked_control": "common_toggles.toggle_locked",
          "$checked_locked_hover_control": "common_toggles.toggle_locked",

          "$default_texture|default": "textures/ui/alpha_button",
          "$hover_texture|default": "textures/ui/alpha_button_checked",
          "$pressed_texture|default": "textures/ui/normalhover",
          "$pressed_no_hover_texture|default": "textures/ui/normalhover",
          "$locked_texture|default": "textures/ui/disabledBlend",

          "$default_text_color|default": "$dark_toggle_default_text_color",
          "$hover_text_color|default": "$dark_toggle_hover_text_color",
          "$default_checked_text_color|default": "$dark_toggle_checked_default_text_color",
          "$hover_checked_text_color|default": "$dark_toggle_checked_hover_text_color",

          "$default_border_visible|default": false,
          "$hover_border_visible|default": false,

          "$default_glyph_color|default": "$dark_glyph_toggle_default_color",
          "$hover_glyph_color|default": "$dark_glyph_toggle_hover_color",
          "$default_checked_glyph_color|default": "$dark_glyph_toggle_checked_default_color",
          "$hover_checked_glyph_color|default": "$dark_glyph_toggle_checked_hover_color",

          "$button_type_panel": "common_buttons.new_ui_binding_button_label",
          "$button_offset|default": [ 0, 0 ],
          "$button_text|default": "",
          "$pressed_alpha|default": 1,

          // For text bindings
          "$button_text_binding_type|default": "none",
          "$button_text_grid_collection_name|default": "",
          "$button_binding_condition|default": "none"
        }
      },
      {
        "coordinates_text_panel": {
          "type": "panel",
          "size": [ 240, "100%" ],
          "controls": [
            {
              "coordinates_text": {
                "type": "label",
                "size": [ "100%", "default" ],
                "text": "#text",
                "bindings": [
                  {
                    "binding_name": "#coordinates_text",
                    "binding_name_override": "#text"
                  }
                ]
              }
            }
          ]
        }
      },
      {
        "action_buttons_panel": {
          "type": "panel",
          "size": [ 42, "100%" ],
          "controls": [
            {
              "copy_coordinate_button@common_buttons.alpha_content_button": {
                "size": [ 20, 20 ],
                "anchor_from": "left_middle",
                "anchor_to": "left_middle",
                "$button_content": "chat.copy_image",
                "$pressed_button_name": "copy_coordinates_button",
                "bindings": [
                  {
                    "binding_name": "#copy_button_enabled",
                    "binding_name_override": "#enabled"
                  }
                ]
              }
            },
            {
              "paste_button@common_buttons.alpha_content_button": {
                "size": [ 20, 20 ],
                "anchor_from": "right_middle",
                "anchor_to": "right_middle",
                "$button_content": "chat.paste_image",
                "$pressed_button_name": "paste_button"
              }
            }
          ]
        }
      },
      {
        "end_padding": {
          "type": "panel",
          "size": [ 2, "100%" ]
        }
      }
    ]
  },

  "chat_header": {
    "ignored": false
  },

	"mcont": {
		"type": "panel",
		"controls": [
      {
        "large_textbox_toggle2@common_toggles.light_text_toggle": {
					"$button_text": "文",
					"$toggle_view_binding_name": "rebuild_ui",
		"size": [ 23, 24 ],
					"anchor_from": "top_right",
					"anchor_to": "top_right",
		"$button_size_override": [ 24, 24 ],
		"$default_border_visible": false,
		"$button_image_color": [ 0, 0, 0 ],
		"$button_image_fill": true,
		"$default_button_texture": "textures/ui/white_background",
		"$hover_button_texture": "textures/ui/white_background",
		"$pressed_button_texture": "textures/ui/white_background",
		"$default_button_alpha": 0.5,
		"$default_hover_alpha": 0.5,
		"$default_pressed_alpha": 0.5
        }
      },
			{	"chat_screen_content_v2@chat.chat_screen_content_v2": {
					"bindings": [
						{	"binding_type": "view",
							"source_control_name": "rebuild_ui",
							"source_property_name": "#toggle_state",
							"target_property_name": "#visible" }
					] }
			},
			{	"rebuilded_chat_content@chat.rebuilded_chat_content": {
					"bindings": [
						{	"binding_type": "view",
							"source_control_name": "rebuild_ui",
							"source_property_name": "(not #toggle_state)",
							"target_property_name": "#visible" }
					] }
			}
		] },

	"chat_screen_content_v2": {
		"type": "panel",
		"size": [ "100%", "100%" ],
		"controls": [
      // { "chat_top_panel@chat.chat_header": { "layer": 2 } },
			{ "total_chat_message_control_factory@hud.total_chat_message_control_factory": { "$item_visible": true } },
            {
              "chat_header_content_area": {
                "type": "stack_panel",
                "orientation": "horizontal",
                "size": [ "100%c", 60 ],
                "offset": [ -2, 2 ],
                "anchor_from": "top_right",
                "anchor_to": "top_right",
                "layer": 60,
                "bindings": [
                  {
                    "binding_name": "#chat_coordinate_dropdown_visible",
                    "binding_name_override": "#visible",
                    "binding_type": "global"
                  }
                ],
                "controls": [
                  {
                    "coordinate_dropdown@chat.coordinate_dropdown": {
                      "size": [ 100, 20 ]
                    }
                  },
                  {
                    "coordinates_panel": {
                      "type": "panel",
                      "size": [ "100%c", 16 ],
                      "controls": [
                        {
                          "coordinates_background_image": {
                            "type": "image",
                            "anchor_to": "center",
                            "anchor_from": "center",
                            "size": [ "100%c + 14px", 12 ],
                            "min_size": [ 160, 12 ],
                            "texture": "textures/ui/lightgreybars",
                            "layer": 1,
                            "controls": [
                              {
                                "coordinates_text": {
                                  "type": "label",
                                  "size": [ "default", 10 ],
                                  "text": "#text",
                                  "color": "$main_header_text_color",
                                  "layer": 2,
                                  "bindings": [
                                    {
                                      "binding_name": "#coordinates_text",
                                      "binding_name_override": "#text"
                                    }
                                  ]
                                }
                              }
                            ]
                          }
                        }
                      ]
                    }
                  },
                  {
                    "copy_coordinate_button@chat.copy_coordinate_button": {
                      "size": [ 16, 16 ]
                    }
                  },
                  {
                    "icon@common.gamepad_helper_y": {
                      "$gamepad_helper_size": [ 16, 16 ],
                      "$gamepad_helper_icon_size": [ 16, 16 ],
                      "$gamepad_helper_icon_image_size": [ 26, 26 ],
                      "$icon_description_bind_type": "none",
                      "$gamepad_helper_visible_binding_name": "#is_using_gamepad"
                    }
                  },
                  {
                    "paste_button@chat.paste_button": {
                      "size": [ 16, 16 ]
                    }
                  }
                ]
              }
            },
      { "host_main_panel@host_options.host_panel": { "layer": 40 } },
      { "popup_factory@chat_settings.popup_factory": {} },
      { "mp@mp": { } },
			{	"back_button@common.back_title_button": {
					"size": [ 19, 19 ],
					"offset": [ 2, 2 ],
					"anchor_from": "top_left",
					"anchor_to": "top_left",
                "layer": 60 }
			},
        {	"modal_input": {"type": "input_panel","modal": true 
        
        ,
          "bindings": [
      {
        "binding_type": "view",
        "source_control_name": "large_textbox_button_toggle",
        "source_property_name": "#toggle_state",
        "target_property_name": "#visible"
      } ],
        "controls": [
          { "newline_text_edit_box@chat.newline_text_edit_box": {} },
          {	"newline_textfield_back_toggle@common_toggles.light_text_toggle": {
          
          	
          "$button_text": "gui.back",
          "$toggle_name": "large_textbox_toggle",
          "$radio_toggle_group": true,
          "$toggle_group_forced_index": 0,
          "$toggle_view_binding_name": "large_textbox_button_toggle_recv",
          "size": [ 24, 24 ],
          "anchor_from": "bottom_right",
          "anchor_to": "bottom_right",
          
					"layer": 80 ,
          "bindings": [
      {
        "binding_type": "view",
        "source_control_name": "large_textbox_button_toggle",
        "source_property_name": "#toggle_state",
        "target_property_name": "#visible"
      } ]
        } } ] }
          } ,
			{ "bottom_panel@chat.chat_bottom_panel": { } },
			{ "auto_complete_panel@chat.auto_complete_panel_v2": { } },
			{	"messages_scrolling_panel@chat.messages_scrolling_panel": {
					"size": [ "100%", "100% - 72px" ],
					"offset": [ 0, 0 ],
					"anchor_from": "top_left",
					"anchor_to": "top_left" }
			}
		] },

  "chat_screen_content": {
    "modifications": [
      {
        "array_name": "controls",
        "operation": "insert_back",
        "value": [
        {	"modal_input": {"type": "input_panel","modal": true 
        
        ,
          "bindings": [
      {
        "binding_type": "view",
        "source_control_name": "large_textbox_button_toggle",
        "source_property_name": "#toggle_state",
        "target_property_name": "#visible"
      } ],
        "controls": [
          { "newline_text_edit_box@chat.newline_text_edit_box": {} },
          {	"newline_textfield_back_toggle@common_toggles.light_text_toggle": {
          
          	
          "$button_text": "返回",
          "$toggle_name": "large_textbox_toggle",
          "$radio_toggle_group": true,
          "$toggle_group_forced_index": 0,
          "$toggle_view_binding_name": "large_textbox_button_toggle_recv",
          "size": [ 24, 24 ],
          "anchor_from": "bottom_right",
          "anchor_to": "bottom_right",
          
					"layer": 80 ,
          "bindings": [
      {
        "binding_type": "view",
        "source_control_name": "large_textbox_button_toggle",
        "source_property_name": "#toggle_state",
        "target_property_name": "#visible"
      } ]
        } } ] }
          } /*,
          {
            "back_button@common.back_title_button": {
              "ignored": true,
              "size": [ "100%c", 24 ],
              "$back_button_has_title": true,
              "$button_text": "#chat_title_text",
              "anchor_from": "top_left",
              "anchor_to": "top_left"
            }
          },
          { "chat_coordinate_panel@chat.chat_coordinate_panel": { "ignored": true } },
          { "mp@mp": {} }*/
        ]
      }
    ]
  },

  "chat_background": {
    "ignored": true
  },


            
              "mp_l@common.text_edit_box": {
                "$option_label": " ",
                "$option_place_holder_text": " ",
                "$text_edit_text_control": "mp_l_t",
		"$text_edit_box_text_type": "NumberChars",
                "size": [ 20, 20 ],
                "offset": [ 0, 0 ],
                "anchor_from": "top_left",
                "anchor_to": "top_left"
              },
              "mp_r@common.text_edit_box": {
                "$option_label": " ",
                "$option_place_holder_text": " ",
                "$text_edit_text_control": "mp_r_t",
		"$text_edit_box_text_type": "NumberChars",
                "size": [ 20, 20 ],
                "offset": [ 20, 0 ],
                "anchor_from": "top_left",
                "anchor_to": "top_left"
              },
       
  "mp": {
								"ignored": false,
		"type": "panel",
		"size": [ 100, 20 ],
                "offset": [ 0, 23 ],
                "anchor_from": "top_left",
                "anchor_to": "top_left",
		"controls": [
			{	"mp_l@mp_l": {} },
			{	"mp_r@mp_r": {} },
			{	"outputCount00": {
					"type": "label",
					"text": "#text",
                "size": [ 60, 20 ],
                "offset": [ 40, 0 ],
                "anchor_from": "top_left",
                "anchor_to": "top_left",
                "bindings": [
                  {
                    "binding_type": "view",
                    "source_control_name": "mp_l_t",
                    "source_property_name": "(#item_name * 1)",
                    "target_property_name": "#mpLT"
                  },
                  {
                    "binding_type": "view",
                    "source_control_name": "mp_r_t",
                    "source_property_name": "(#item_name * 1)",
                    "target_property_name": "#mpRT"
                  },
                  {	"binding_type": "view",
                  	"source_property_name": "('§_' + (#mpLT + #mpRT))",
                  "target_property_name": "#text"
                  }
                ]}
			}
		]
  }
}