{	"namespace": "chat_settings",

	"chat_settings_main_content": {
		"type": "input_panel",
		"modal": true,

		"size": [ "100%", "100%" ],
		"layer": 200,

		"button_mappings": [
			{	"from_button_id": "button.menu_cancel",
				"to_button_id": "button.close_chat_settings",
				"mapping_type": "global" },
			{	"from_button_id": "button.menu_select",
				"to_button_id": "button.close_chat_settings",
				"mapping_type": "pressed" }
		],

		"controls": [
			{	"popup_background": {
					"ignored": "$is_holographic",
					"type": "image",
					"texture": "$control_image",
					"size": [ "200%", "200%" ],
					"alpha": 0.25,
					"allow_clipping": false,
					"layer": 1 }
			}, {	"popup_main_panel": {
					"type": "panel",

					"size": [ 192, "100%" ],
					"offset": [ 0, 0 ],
					"anchor_from": "top_right",
					"anchor_to": "top_right",

					"layer": 2,

					"controls": [
						{	"background": {
								"type": "image",
								"texture": "textures/ui/white_background",
								"fill": true,
								"color": "$surface_color",

								"size": [ "100%", "100%" ],
								"alpha": 0.25,
								"layer": 1 }
						}, {	"main_scroll@common.scrolling_panel": {
								"size": [ "100% - 8px", "100%" ],
								"$scrolling_content": "chat_settings.chat_settings_scrolling_content",
								"$show_background": false,
								"layer": 2 }
						}
					] }
			}
		] },

	"popup_factory": {
		"control_ids": {
			"chat_setting_popup": "@chat_settings.chat_settings_main_content" },
		"factory_variables": [
			"$control_texture",
			"$control_image",
			"$accent_color",
			"$on_accent_color",
			"$is_normal",
			"$render_bg",
			"$error_color",
			"$f_g_div",
			"$is_blur_glass_ignore",
			"$colored_dialog_title",
			"$show_element_id",
			"$show_element_border",
			"$surface_color",
			"$text_color",
			"$_is_watch" ],
		"layer": 0 }
}