{	"namespace": "command_block",

	"_info_1": "QQ: Bugjump (3071882091)",
	"_info_2": "Bilibili: Minecraft君9a7z (1345634151)",

	"_info_3": "未经允许，禁止使用任何此资源包的代码（可参考，但禁止复制）",
	"_info_4": "原作者保留任何权益",

	"fillsize_button@common_buttons.light_text_button": {
		"$button_image_size": [ "100%", "100%" ] },

	"dropdown_toggle_button@common_toggles.light_text_toggle": {
		"$button_image_size": [ "100%", "100%" ],

		"$toggle_state_binding_name": "$toggle_name",
		"$radio_toggle_group": true,

		"$default_texture": "textures/ui/button_borderless_light",
		"$hover_texture": "textures/ui/button_borderless_light",
		"$pressed_texture": "textures/ui/button_borderless_lighthover",
		"$pressed_no_hover_texture": "textures/ui/button_borderless_lighthover",

		"bindings": [
			{	"binding_type": "$toggle_binding_type",
				"binding_condition": "$toggle_binding_condition",
				"binding_collection_name": "$toggle_grid_collection_name",
				"binding_name": "$toggle_name_visibility",
				"binding_name_override": "#visible" }
		] },

	"main_stack": {
		"type": "stack_panel",
		"size": [ 240, "100%c" ],
		"controls": [
			{ "padding_top@common.y_24_padding": { } },
			{	"title_label": {
					"type": "label",
					"color": "$title_text_color",
					"size": [ "100%", "default" ],
					"layer": 1,
					"text_alignment": "center",
					"text": "commandBlockScreen.title" }
			}, {	"padding_title@common.y_24_padding": { }
			}, {	"hover_note_text_edit_panel": {
					"type": "stack_panel",
					"orientation": "horizontal",
					"size": [ "100%", 20 ],
					"controls": [
						{	"text_edit_box@common.text_edit_box": {
								"size": [ "fill", "100%" ],
								"max_length": 2147483647,
								"$text_box_name": "command_block.hover_note_textbox",
								"$text_edit_box_content_binding_name": "#command_hover_note",
								"$place_holder_text": "commandBlockScreen.hoverNote" }
						}, {	"title_bar_toggle@common.title_bar_toggle": {
								"$button_icon": "elytra_common/full_input",
								"$icon_size": [ 16, 16 ],

								"$toggle_name": "full_hover_input_toggles",
								"$radio_toggle_group": true,
								"$toggle_group_forced_index": 1,

								"$toggle_view_binding_name": "full_hover_input_toggle" }
						}
					] }
			}, {	"padding_hover@common.y_4_padding": { }
			}, {	"option_label_command": {
					"type": "label",
					"color": "$body_text_color",
					"size": [ "100%", "default" ],
					"layer": 1,
					"text": "advMode.command" }
			}, {	"command_text_edit_panel": {
					"type": "stack_panel",
					"orientation": "horizontal",
					"size": [ "100%", 20 ],
					"controls": [
						{	"text_edit_box@common.text_edit_box": {
								"size": [ "fill", "100%" ],
								"max_length": 2147483647,
								"$text_box_name": "command_block.command_text",
								"$text_edit_box_content_binding_name": "#command_text_edit" }
						}, {	"title_bar_toggle@common.title_bar_toggle": {
								"$button_icon": "elytra_common/full_input",
								"$icon_size": [ 16, 16 ],

								"$toggle_name": "full_input_toggles",
								"$radio_toggle_group": true,
								"$toggle_group_forced_index": 1,

								"$toggle_view_binding_name": "full_input_toggle" }
						}
					] }
			}, {	"padding_command@common.y_4_padding": { }
			}, {	"settings_panel": {
					"type": "stack_panel",
					"orientation": "horizontal",
					"size": [ "100%", 20 ],
					"controls": [
						{	"type_panel": {
								"type": "panel",
								"size": [ "fill", "100%" ],
								"controls": [
									{	"command_impulse_mode@command_block.dropdown_toggle_button": {
											"$toggle_name": "#command_chain_mode",
											"$toggle_name_visibility": "#command_impulse_mode",
											"$button_text": "commandBlockScreen.blockType.impulse" }
									}, {	"command_chain_mode@command_block.dropdown_toggle_button": {
											"$toggle_name": "#command_repeat_mode",
											"$toggle_name_visibility": "#command_chain_mode",
											"$button_text": "commandBlockScreen.blockType.chain" }
									}, {	"command_repeat_mode@command_block.dropdown_toggle_button": {
											"$toggle_name": "#command_impulse_mode",
											"$toggle_name_visibility": "#command_repeat_mode",
											"$button_text": "commandBlockScreen.blockType.repeat" }
									}
								] }
						}, {	"padding_1@common.x_4_padding": { }
						}, {	"condition_panel": {
								"type": "panel",
								"size": [ "fill", "100%" ],
								"controls": [
									{	"command_conditional_mode@command_block.dropdown_toggle_button": {
											"$toggle_name": "#command_unconditional_mode",
											"$toggle_name_visibility": "#command_conditional_mode",
											"$button_text": "commandBlockScreen.condition.conditional" }
									}, {	"command_unconditional_mode@command_block.dropdown_toggle_button": {
											"$toggle_name": "#command_conditional_mode",
											"$toggle_name_visibility": "#command_unconditional_mode",
											"$button_text": "commandBlockScreen.condition.unconditional" }
									}
								] }
						}, {	"padding_2@common.x_4_padding": { }
						}, {	"redstone_panel": {
								"type": "panel",
								"size": [ "fill", "100%" ],
								"controls": [
									{	"command_always_on_mode@command_block.dropdown_toggle_button": {
											"$toggle_name": "#command_needs_redstone_mode",
											"$toggle_name_visibility": "#command_always_on_mode",
											"$button_text": "commandBlockScreen.redstone.always_on" }
									}, {	"command_needs_redstone_mode@command_block.dropdown_toggle_button": {
											"$toggle_name": "#command_always_on_mode",
											"$toggle_name_visibility": "#command_needs_redstone_mode",
											"$button_text": "commandBlockScreen.redstone.needs_redstone" }
									}
								] }
						}
					] }
			}, {	"padding_settings@common.y_4_padding": { }
			}, {	"settings_panel_bedrock": {
					"type": "stack_panel",
					"orientation": "horizontal",
					"size": [ "100%", 20 ],

					"$button_image_size": [ "100%", "100%" ],

					"$default_texture": "textures/ui/button_borderless_light",
					"$hover_texture": "textures/ui/button_borderless_lightselected",
					"$pressed_texture": "textures/ui/button_borderless_lighthover",
					"$pressed_no_hover_texture": "textures/ui/button_borderless_lightselectedhover",

					"controls": [
						{	"execute_on_first_tick_toggle@settings_common.dropdown_content_item": {
								"size": [ "fill", "100%" ],
								"$toggle_state_binding_name": "#execute_on_first_tick",
								"$toggle_enabled_binding_name": "#execute_on_first_tick_enabled",
								"$toggle_name": "execute_on_first_tick",
								"$button_text": "commandBlockScreen.executeFirstTick",
								"$radio_toggle_group": false }
						}, {	"padding_1@common.x_4_padding": { }
						}, {	"show_output_toggle@settings_common.dropdown_content_item": {
								"size": [ "fill", "100%" ],
								"$toggle_state_binding_name": "#track_output_binding",
								"$toggle_name": "track_output",
								"$button_text": "advMode.previousOutput",
								"$radio_toggle_group": false }
						}
					] }
			}, {	"padding_settingsBedrock@common.y_4_padding": { }
			}, {	"option_label_tick_delay": {
					"type": "label",
					"color": "$body_text_color",
					"size": [ "100%", "default" ],
					"layer": 1,
					"text": "commandBlockScreen.tickDelay" }
			}, {	"tick_delay_textbox@common.text_edit_box": {
					"size": [ "100%", 20 ],
					"max_length": 2147483647,
					"$text_edit_box_text_type": "NumberChars",
					"$text_box_name": "command_block.tick_delay_textbox",
					"$text_edit_box_content_binding_name": "#command_tick_delay" }
			}, {	"option_label_delay_seconds": {
					"type": "label",
					"color": "$body_text_color",
					"size": [ "100%", "default" ],
					"layer": 1,
					"text": "#text",
					"bindings": [
						{ "binding_name": "#command_tick_delay" },
						{	"binding_type": "view",
							"source_property_name": "((#command_tick_delay * 1) / 20)",
							"target_property_name": "#second" },
						{	"binding_type": "view",
							"source_property_name": "(((#command_tick_delay * 1) - (#command_tick_delay * 1) / 20 * 20) * 5 + 100)",
							"target_property_name": "#ms100" },
						{	"binding_type": "view",
							"source_property_name": "('§_.a' + #ms100)",
							"target_property_name": "#ms100str" },
						{	"binding_type": "view",
							"source_property_name": "(#ms100str - 'a1')",
							"target_property_name": "#ms00str" },
						{	"binding_type": "view",
							"source_property_name": "('§_' + #second + #ms00str + 's')",
							"target_property_name": "#text" }
					] }
			}, {	"padding_delay@common.y_4_padding": { }
			}, {	"output_text@common.multiline_text_edit_box": {
					"size": [ "100%", 64 ],
					"max_length": 2147483647,
					"$text_box_name": "command_block.output_text",
					"$text_edit_box_content_binding_name": "#command_output_text",
					"button_mappings": [ ] }
			}, {	"padding_output@common.y_4_padding": { }
			}, {	"button_panel": {
					"type": "stack_panel",
					"orientation": "horizontal",
					"size": [ "100%", 20 ],

					"$button_image_size": [ "100%", "100%" ],

					"$default_texture": "textures/ui/button_borderless_light",
					"$hover_texture": "textures/ui/button_borderless_lightselected",
					"$pressed_texture": "textures/ui/button_borderless_lighthover",
					"$pressed_no_hover_texture": "textures/ui/button_borderless_lightselectedhover",

					"controls": [
						{	"confirm_button@command_block.fillsize_button": {
								"size": [ "fill", "100%" ],
								"$pressed_button_name": "button.menu_exit",
								"$button_text": "gui.confirm" }
						}, {	"padding_1@common.x_4_padding": { }
						}, {	"cancel_button@command_block.fillsize_button": {
								"size": [ "fill", "100%" ],
								"$pressed_button_name": "button.menu_leave_screen",
								"$button_text": "gui.cancel" }
						}
					] }
			}, {	"padding_bottom@common.y_24_padding": { }
			}
		] },

	"command_block_main_content": {
		"type": "panel",
		"controls": [
			{	"main_stack@common.scrolling_panel": {
					"$scrolling_content": "command_block.main_stack",
					"$show_background": false,
					"$scrolling_content_anchor_from": "top_middle",
					"$scrolling_content_anchor_to": "top_middle",
					"property_bag": {
						"#in_command_input": false,
						"#in_hover_input": false },
					"bindings": [
						{	"binding_type": "view",
							"source_control_name": "full_input_toggle",
							"source_property_name": "#toggle_state",
							"target_property_name": "#in_command_input" },
						{	"binding_type": "view",
							"source_control_name": "full_hover_input_toggle",
							"source_property_name": "#toggle_state",
							"target_property_name": "#in_hover_input" },
						{	"binding_type": "view",
							"source_property_name": "((not #in_command_input) and (not #in_hover_input))",
							"target_property_name": "#visible" }
					] }
			}, {	"input_mode_root_panel": {
					"type": "panel",
					"layer": 1,
					"bindings": [
						{	"binding_type": "view",
							"source_control_name": "full_input_toggle",
							"source_property_name": "#toggle_state",
							"target_property_name": "#visible" }
					],
					"controls": [
						{	"back_button@common.dialog_title_back_toggle": {
								"$button_text": "advMode.command",

								"layer": 10,

								"$toggle_name": "full_input_toggles",
								"$radio_toggle_group": true,
								"$toggle_group_forced_index": 0 }
						}, {	"input_mode_text_edit_box@common.multiline_text_edit_box": {
								"size": [ "100%", "100% - 23px" ],
								"offset": [ 0, 23 ],
								"anchor_from": "top_left",
								"anchor_to": "top_left",

								"layer": 10,

								"max_length": 2147483647,

								"enabled_newline": true,

								"$text_background_default": "chat.chat_textfield_background_default",
								"$text_background_hover": "chat.chat_textfield_background_hover",

								"$text_box_name": "command_block.command_text",
								"$text_edit_box_content_binding_name": "#command_text_edit" }
						}
					] }
			}, {	"hover_input_mode_root_panel": {
					"type": "panel",
					"layer": 1,
					"bindings": [
						{	"binding_type": "view",
							"source_control_name": "full_hover_input_toggle",
							"source_property_name": "#toggle_state",
							"target_property_name": "#visible" }
					],
					"controls": [
						{	"back_button@common.dialog_title_back_toggle": {
								"$button_text": "commandBlockScreen.hoverNote",

								"layer": 10,

								"$toggle_name": "full_hover_input_toggles",
								"$radio_toggle_group": true,
								"$toggle_group_forced_index": 0 }
						}, {	"input_mode_text_edit_box@common.multiline_text_edit_box": {
								"size": [ "100%", "100% - 23px" ],
								"offset": [ 0, 23 ],
								"anchor_from": "top_left",
								"anchor_to": "top_left",

								"layer": 10,

								"max_length": 2147483647,

								"enabled_newline": true,

								"$text_background_default": "chat.chat_textfield_background_default",
								"$text_background_hover": "chat.chat_textfield_background_hover",

								"$text_box_name": "command_block.hover_note_textbox",
								"$text_edit_box_content_binding_name": "#command_hover_note",
								"$place_holder_text": "commandBlockScreen.hoverNote" }
						}
					] }
			}
		] },

	"command_block_screen": {
		"$screen_content": "command_block.command_block_main_content",
		"$screen_bg_content": "common.container_background" }
}
