{
  "namespace": "death",

  // Base button //

  "a_button_panel": {
    "type": "panel",
    "anchor_from": "bottom_middle",
    "anchor_to": "bottom_middle",
    "size": [ "100%", 26 ],
    "controls": [
      {
        "gamepad_helper_a@common.gamepad_helper_a": {
          "$icon_text_color": "$gamepad_button_generic_text_color",
          "$icon_description_bind": "controller.buttonTip.select",
          "$icon_description_bind_type": "none"
        }
      }
    ]
  },

  "you_died_panel": {
    "type": "panel",
    "size": [ "100%", "10%" ],
    "controls": [
      {
        "you_died_label": {
          "type": "label",
          "color": "$death_text_color",
          "text": "deathScreen.message",
          "shadow": true,
          "font_size": "large",
          "font_scale_factor": 1.25
        }
      }
    ]
  },

  "death_reason_panel": {
    "type": "panel",
    "size": [ "100%", "20%" ],
    "controls": [
      {
        "death_reason_label": {
          "type": "label",
          "color": "$death_text_color",
          "text": "#death_reason_text",
          "max_size": [ "70%", "fill" ],
          "text_alignment": "center",
          "shadow": true,
          "font_scale_factor": 1.25,
          "bindings": [
            {
              "binding_name": "#death_reason_text"
            }
          ]
        }
      }
    ]
  },

  "labels_panel": {
    "type": "stack_panel",
    "orientation": "vertical",
    "size": [ "100%", "50%" ],
    "anchor_from": "top_middle",
    "anchor_to": "top_middle",
    "controls": [
      {
        "fill_1": {
          "type": "panel",
          "size": [ "100%", "fill" ]
        }
      },
      {
        "you_died@death.you_died_panel": {}
      },
      {
        "padd_1": {
          "type": "panel",
          "size": [ "100%", 12 ]
        }
      },
      {
        "death_reason@death.death_reason_panel": {}
      },
      {
        "padd_2": {
          "type": "panel",
          "size": [ "100%", 20 ]
        }
      }
    ]
  },

  "buttons_panel": {
    "type": "stack_panel",
    "orientation": "vertical",
    "size": [ "30%", "50%" ],
    "anchor_from": "bottom_middle",
    "anchor_to": "bottom_middle",
    "controls": [
      {
        "padd_0": {
          "type": "panel",
          "size": [ "100%", 14 ]
        }
      },
      {
        "respawn_button@common_buttons.light_text_button": {
          "size": [ "100%", 26 ],
          "$button_text": "deathScreen.respawn",
          "$pressed_button_name": "button.respawn_button",
          "bindings": [
            {
              "binding_name": "#respawn_enabled",
              "binding_name_override": "#enabled"
            },
            {
              "binding_name": "#respawn_visible",
              "binding_name_override": "#visible"
            }
          ]
        }
      },
      {
        "padd_1": {
          "type": "panel",
          "size": [ "100%", 8 ]
        }
      },
      {
        "main_menu_button@common_buttons.light_text_button": {
          "size": [ "100%", 26 ],
          "$button_text": "deathScreen.quit",
          "$pressed_button_name": "button.main_menu_button",
          "variables": [
            {
              "requires": "$is_secondary_client",
              "$button_text": "deathScreen.quit.secondaryClient"
            }
          ],
          "bindings": [
            {
              "binding_name": "#quit_enabled",
              "binding_name_override": "#enabled"
            },
            {
              "binding_name": "#quit_visible",
              "binding_name_override": "#visible"
            }
          ]
        }
      },
      {
        "fill_2": {
          "type": "panel",
          "size": [ "100%", "fill" ]
        }
      },
      {
        "select_button@death.a_button_panel": {}
      }
    ]
  },


  "death_screen_content": {
    "type": "panel",
    "controls": [
      {
        "death_screen_buttons_and_stuff": {
          "type": "panel",
          "controls": [
            {
              "labels_panel@death.labels_panel": {}
            },
            {
              "buttons_panel@death.buttons_panel": {}
            }
          ],
          "bindings": [
            {
              "binding_name": "#buttons_and_deathmessage_visible",
              "binding_name_override": "#visible"
            }
          ]
        }
      },
      {
        "loading_label": {
          "type": "label",
          "color": "$title_command_text_color",
          "anchor_from": "top_middle",
          "anchor_to": "top_middle",
          "offset": [ 0, "85%" ],
          "text": "progressScreen.generating",
          "font_size": "normal",
          "bindings": [
            {
              "binding_name": "#loading_message_visible",
              "binding_name_override": "#visible"
            }
          ]
        }
      }

    ]
  },


  "background_gradient": {
    "type": "custom",
    "renderer": "gradient_renderer",
    "color1": [ 0.313, 0, 0, 0.37 ],
    "color2": [ 0.5, 0.188, 0.188, 0.627 ],
    "ignored": "$is_holographic"
  },


  "screen_exit_animation_push_fade": {
    "anim_type": "alpha",
    "easing": "out_cubic",
    "duration": 0.5,
    "from": "$def",
    "to": 0.0,
    "play_event": "screen.exit_push",
    "end_event": "screen.exit_end"
  },

  "screen_exit_animation_pop_fade": {
    "anim_type": "alpha",
    "easing": "out_cubic",
    "duration": 0.5,
    "from": "$def",
    "to": 0.0,
    "play_event": "screen.exit_pop",
    "end_event": "screen.exit_end"
  },

  "screen_entrance_animation_push_fade": {
    "anim_type": "alpha",
    "easing": "out_cubic",
    "duration": 0.5,
    "from": 0.0,
    "to": "$def",
    "play_event": "screen.entrance_push",
    "end_event": "screen.entrance_end"
  },

  "screen_entrance_animation_pop_fade": {
    "anim_type": "alpha",
    "easing": "out_cubic",
    "duration": 0.5,
    "from": 0.0,
    "to": "$def",
    "play_event": "screen.entrance_pop",
    "end_event": "screen.entrance_end"
  },

  "death_bar_exit_animation_pop_offset": {
    "anim_type": "offset",
    "easing": "out_cubic",
    "duration": 0.5,
    "from": [ 0, 0 ],
    "to": [ 16, 0 ],
    "play_event": "screen.exit_pop",
    "end_event": "screen.exit_end"
  },

  "death_bar_exit_animation_push_offset": {
    "anim_type": "offset",
    "easing": "out_cubic",
    "duration": 0.5,
    "from": [ 0, 0 ],
    "to": [ 16, 0 ],
    "play_event": "screen.exit_push",
    "end_event": "screen.exit_end"
  },

  "death_bar_entrance_animation_pop_offset": {
    "anim_type": "offset",
    "easing": "out_cubic",
    "duration": 0.5,
    "from": [ 16, 0 ],
    "to": [ 0, 0 ],
    "play_event": "screen.entrance_pop",
    "end_event": "screen.entrance_end"
  },

  "death_bar_entrance_animation_push_offset": {
    "anim_type": "offset",
    "easing": "out_cubic",
    "duration": 0.5,
    "from": [ 16, 0 ],
    "to": [ 0, 0 ],
    "play_event": "screen.entrance_push",
    "end_event": "screen.entrance_end"
  },

	"death_bar_exit_animation_size_base": {
		"anim_type": "size",
		"easing": "out_cubic",
		"duration": 0.5,
		"from": [ "100%", 96 ],
		"to": [ 0, 96 ] },

	"death_bar_exit_animation_push_size@death.death_bar_exit_animation_size_base": {
		"play_event": "screen.exit_push",
		"end_event": "screen.exit_end" },

	"death_bar_exit_animation_pop_size@death.death_bar_exit_animation_size_base": {
		"play_event": "screen.exit_pop",
		"end_event": "screen.exit_end" },

	"death_bar_entrance_animation_size_base": {
		"anim_type": "size",
		"easing": "out_cubic",
		"duration": 0.5,
		"from": [ 0, 96 ],
		"to": [ "100%", 96 ]
	},

	"death_bar_entrance_animation_push_size@death.death_bar_entrance_animation_size_base": {
		"play_event": "screen.entrance_push",
		"end_event": "screen.entrance_end" },

	"death_bar_entrance_animation_pop_size@death.death_bar_entrance_animation_size_base": {
		"play_event": "screen.entrance_pop",
		"end_event": "screen.entrance_end" },

  // Main Screen //

  "death_screen@common.base_screen": {
    "$screen_content": "death.death_screen_content",
    "$screen_bg_content": "death.background_gradient",
    "load_screen_immediately": true,
		"force_render_below": false,
		"$transition_time_push_size": 1.0,
		"$transition_time_pop_size": 1.0,
		"controls": [
      {
        "popup_dialog_factory": {
          "type": "factory",
          "control_ids": {
            "modal_dialog_popup": "@popup_dialog.modal_dialog_popup",
            "storage_dependency_popup": "@storage_management_popup.storage_dependency_modal",
            "storage_sharing_popup": "@storage_management_popup.sharing_popup_content"
          }
        }
      },
			{	"background": {
					"type": "image",
					"texture": "textures/ui/screen_background",
					"anims": [
						"@death.screen_exit_animation_push_fade",
						"@death.screen_exit_animation_pop_fade",
						"@death.screen_entrance_animation_push_fade",
						"@death.screen_entrance_animation_pop_fade" ],
					"disable_anim_fast_forward": true,
					"animation_reset_name": "screen_animation_reset",
					"propagate_alpha": true,
					"alpha": 0.2,
					"$def": 0.2,
					"size": [ "100%", "100%" ] }
			}, {	"bar": {
					"type": "image",
					"texture": "textures/ui/white_background",
					"layer": 1,
					"color": [ 0.5, 0.0, 0.0 ],
					"keep_ratio": false,
					"anims": [
						"@death.screen_exit_animation_push_fade",
						"@death.screen_exit_animation_pop_fade",
						"@death.screen_entrance_animation_push_fade",
						"@death.screen_entrance_animation_pop_fade",
						"@death.death_bar_exit_animation_push_size",
						"@death.death_bar_exit_animation_pop_size",
						"@death.death_bar_entrance_animation_push_size",
						"@death.death_bar_entrance_animation_pop_size",
						"@death.death_bar_exit_animation_push_offset",
						"@death.death_bar_exit_animation_pop_offset",
						"@death.death_bar_entrance_animation_push_offset",
						"@death.death_bar_entrance_animation_pop_offset" ],
					"disable_anim_fast_forward": true,
					"animation_reset_name": "screen_animation_reset",
					"propagate_alpha": true,
					"alpha": 0.5,
					"$def": 1.0,
					"size": [ "100%", 96 ] }
			}, {	"bar_content": {
					"type": "panel",
					"texture": "textures/ui/white_background",
          "bindings": [
            {
              "binding_name": "#buttons_and_deathmessage_visible",
              "binding_name_override": "#visible"
            }
          ],
					"anims": [
						"@common.screen_exit_animation_push_fade",
						"@common.screen_exit_animation_pop_fade",
						"@common.screen_entrance_animation_push_fade",
						"@common.screen_entrance_animation_pop_fade" ],
					"disable_anim_fast_forward": true,
					"animation_reset_name": "screen_animation_reset",
					"propagate_alpha": true,
					"layer": 2,
					"controls": [
						{	"respawn@common.text_button": {
								"$pressed_button_name": "button.respawn_button",
								"$button_text": "deathScreen.respawn",
								"size": [ 64, 16 ],
								"offset": [ -4, -4 ],
								"anchor_from": "bottom_right",
								"anchor_to": "bottom_right" }
						}, {	"main_menu@common.text_button": {
								"$pressed_button_name": "button.main_menu_button",
								"$button_text": "deathScreen.quit",
								"size": [ 64, 16 ],
								"offset": [ -72, -4 ],
								"anchor_from": "bottom_right",
								"anchor_to": "bottom_right" }
						}, {	"you_died_label": {
								"type": "label",
								"text": "deathScreen.message",
								"font_type": "client_font",
								"font_scale_factor": 3.0,
								"size": [ "100%-152px", 30 ],
								"offset": [ 12, 12 ],
								"anchor_from": "top_left",
								"anchor_to": "top_left" }
						}, {	"death_reason_label": {
								"type": "label",
								"text": "#death_reason_text",
								"font_type": "client_font",
								"font_scale_factor": 2.0,
								"size": [ "100%-152px", 20 ],
								"offset": [ 12, -12 ],
								"anchor_from": "bottom_left",
								"anchor_to": "bottom_left",
								"bindings": [
									{ "binding_name": "#death_reason_text" }
								] }
						}
					], "size": [ 384, 96 ] }
			},
      {
        "loading_label": {
          "type": "label",
          "color": "$title_command_text_color",
          "anchor_from": "center",
          "anchor_to": "center",
          "offset": [ 0, 39 ],
          "text": "progressScreen.generating",
          "font_size": "normal",
					"layer": 3,
          "bindings": [
            {
              "binding_name": "#loading_message_visible",
              "binding_name_override": "#visible"
            }
          ]
        }
      }
		]
  }

}
