{	"namespace": "debug_screen",

	"_info_1": "QQ: Bugjump (3071882091)",
	"_info_2": "Bilibili: Minecraft君9a7z (1345634151)",

	"_info_3": "未经允许，禁止使用任何此资源包的代码（可参考，但禁止复制）",
	"_info_4": "原作者保留任何权益",

	"debug_screen": {
		"type": "screen",

		"send_telemetry": false,
		"screen_not_flushable": true,
		"render_game_behind": true,
		"is_showing_menu": false,
		"low_frequency_rendering": true,
		"is_modal": true,
		"should_steal_mouse": false,
		"render_only_when_topmost": false,
		"screen_draws_last": true,
		"always_accepts_input": true,

		"controls": [
			{	"screen_corner": {
					"type": "image",
					"texture": "textures/screen_corner_s2",
					"size": [ "100%", "100%" ] }
			}, {	"debug_label@elytra_variables.global": {
					"ignored": "(not $is_debug_ui)",
					"type": "label",

					"text": "Elytra UI ($is_debug_ui=true;)",

					"size": [ "default", "default" ],
					"offset": [ 0, -1 ],
					"anchor_from": "bottom_right",
					"anchor_to": "bottom_right",

					"layer": 6553680,

					"bindings": [
						{	"binding_type": "view",
							"source_control_name": "DebugVisibllityToggle",
							"source_property_name": "(not #toggle_state)",
							"target_property_name": "#visible" }
					] }
			}, {	"debug_label_debug_tab@elytra_variables.global": {
					"type": "label",

					"text": "$text",
					"$text": "('Elytra UI ($is_debug_ui=' + $is_debug_ui + ';)')",

					"size": [ "default", "default" ],
					"offset": [ 0, -1 ],
					"anchor_from": "bottom_right",
					"anchor_to": "bottom_right",

					"layer": 6553680,

					"bindings": [
						{	"binding_type": "view",
							"source_control_name": "DebugVisibllityToggle",
							"source_property_name": "#toggle_state",
							"target_property_name": "#visible" }
					] }
			},
			{ "DebugMain@NFrameUI/NFrameDebug.DebugMain": { } }
		] }
}