{	"namespace": "disconnect",

	"_info_1": "QQ: Bugjump (3071882091)",
	"_info_2": "Bilibili: Minecraft君9a7z (1345634151)",

	"_info_3": "未经允许，禁止使用任何此资源包的代码（可参考，但禁止复制）",
	"_info_4": "原作者保留任何权益",

	"disconnect_screen_text": {
		"color": "$title_text_color" },

	"disconnect_screen": {
		"$screen_bg_content": "disconnect.background_image_always" },

	"background_image_always@common.background_image_always": {
		"color": [ 0.5, 0.5, 0.5 ] },

	"R_disconnect_screen_content": {
		"type": "panel",
		"controls": [
			{	"blur_container": {
					"ignored": false,
					"type": "panel",
					"size": [ "100%", "100%" ],
					"offset": [ "50% - 160px", "50% - 120px" ],
					"anchor_from": "top_left",
					"anchor_to": "top_left",
					"layer": 52,
					"clips_children": true,
					"controls": [
						{	"container": {
								"type": "panel",
								"size": [ "100%", "100%" ],
								"offset": [ "-100% + 320px", "-100% + 240px" ],
								"anchor_from": "top_left",
								"anchor_to": "top_left",
								"clips_children": true,
								"controls": [
									{	"background_image_blur@common.background_image_blur_always": {
											"size": [ "100%", "100%" ],
											"offset": [ "50% - 160px", "50% - 120px" ],
											"anchor_from": "top_left",
											"anchor_to": "top_left" }
									}
								] }
						}
					] }
			}, {	"container": {
					"type": "input_panel",
					"size": [ 320, 240 ],
					"offset": [ 0, 0 ],
					"anchor_from": "center",
					"anchor_to": "center",
					"layer": 10,
					"controls": [
						{	"common_panel@common.common_panel": {
								"$dialog_background": "dialog_background_hollow_3",
								"$show_close_button": false,
								"$fill_alpha": 0.5 }
						}, {	"disconnect_title_text@disconnect.disconnect_title_text": {
								"size": [ "100% - 14px", 10 ],
								"offset": [ 7, 9 ],
								"anchor_from": "top_left",
								"anchor_to": "top_left" }
						}, {	"content": {
								"type": "stack_panel",
								"size": "$dialog_content_size",
								"offset": "$dialog_content_offset",
								"anchor_from": "top_left",
								"anchor_to": "top_left",
								"controls": [
									{	"disconnect_text@disconnect.disconnect_text": {
											"size": [ "100%", "fill" ],
											"offset": [ 0, 0 ],
											"anchor_from": "top_left",
											"anchor_to": "top_left" }
									}, {	"open_url_button@common_buttons.light_text_button": {
											"$button_text": "permissions.open.account.help.button",
											"property_bag": {
												"#hyperlink": "https://aka.ms/MCMultiplayerHelp" },
											"size": [ "100%", 24 ],
											"visible": false,
											"bindings": [
												{	"binding_name": "#open_uri_button_visible",
													"binding_name_override": "#visible" }
											] }
									}, {	"ok_button@common_buttons.light_text_button": {
											"$pressed_button_name": "button.menu_leave_screen",
											"$button_text": "gui.ok",
											"size": [ "100%", 24 ] }
									}
								] }
						}
					] }/*
			}, {	"building_warning": {
					"type": "image",
					"texture": "textures/ui/white_background",
					"fill": true,
					"color": "$accent_color",
					"size": [ "100%", 24 ],
					"offset": [ 0, 0 ],
					"anchor_from": "bottom_left",
					"anchor_to": "bottom_left",
					"layer": 1,
					"controls": [
						{	"item_name": {
								"type": "label",
								"text": "Elytra UI: 该界面暂未完成",
								"color": "black",
								"size": [ "100% - 24px", "default" ],
								"offset": [ 24, 0 ],
								"anchor_from": "left_middle",
								"anchor_to": "left_middle",
								"layer": 1 }
						}
					] }

			},

      { "title_panel@disconnect.title_panel": {} },
      { "gamepad_helpers@disconnect.gamepad_helpers": {} },
      { "$button_layout": {} */}
    ]
  },


	"client_modal": {
		"type": "image",
		"texture": "textures/ui/Black",
		"fill": true,
		"layer": 500,
		"anims": [ "@disconnect.panel_wait" ],
		"controls": [
			{	"label_image": {
					"type": "image",
					"texture": "textures/ui/client_crash_str",
					"size": [ 71, 7 ],
					"offset": [ 1, 0 ],
					"anchor_from": "top_left",
					"anchor_to": "top_left",
					"layer": 1 }
			}, {	"line_image": {
					"type": "image",
					"texture": "textures/ui/White",
					"alpha": "@disconnect.input_alpha",
					"size": [ 6, 2 ],
					"offset": [ 73, 5 ],
					"anchor_from": "top_left",
					"anchor_to": "top_left",
					"layer": 1 }
			}
		] },

	"panel_wait": {
		"anim_type": "wait",
		"duration": 3.0,
		"destroy_at_end": "clientModal" },

	"input_alpha@disconnect.input_alpha_0": { },

	"input_alpha_0": {
		"anim_type": "alpha",
		"easing": "linear",
		"duration": 0.125,
		"from": 1.0,
		"to": 1.0,
		"next": "@disconnect.input_alpha_1" },

	"input_alpha_1@disconnect.input_alpha_0": {
		"from": 0.0,
		"to": 0.0,
		"next": "@disconnect.input_alpha_0" }
}