{	"namespace": "_euiNAnim",

	"_info_1": "QQ: Bugjump (3071882091)",
	"_info_2": "Bilibili: Minecraft君9a7z (1345634151)",

	"_info_3": "未经允许，禁止使用任何此资源包的代码（可参考，但禁止复制）",
	"_info_4": "原作者保留任何权益",

	"inventory_exit_animation_alpha_outer": {
		"anim_type": "alpha",
		"easing": "in_sine",
		"duration": "$screen_animation_duration",
		"to": 0.0,
		"from": 1.0,
		"end_event": "screen.exit_end" },

	"inventory_exit_animation_push_alpha_outer@inventory_exit_animation_alpha_outer": { "play_event": "screen.exit_push" },
	"inventory_exit_animation_pop_alpha_outer@inventory_exit_animation_alpha_outer": { "play_event": "screen.exit_pop" },

	"inventory_entrance_animation_alpha_outer": {
		"anim_type": "alpha",
		"easing": "out_cubic",
		"duration": "$screen_animation_duration",
		"from": 0.0,
		"to": 1.0,
		"end_event": "screen.entrance_end" },

	"inventory_entrance_animation_push_alpha_outer@inventory_entrance_animation_alpha_outer": { "play_event": "screen.entrance_push" },
	"inventory_entrance_animation_pop_alpha_outer@inventory_entrance_animation_alpha_outer": { "play_event": "screen.entrance_pop" },

	"inventory_exit_animation_bg_size_outer": {
		"anim_type": "size",
		"easing": "in_sine",
		"duration": "$screen_animation_duration_long",
		"to": [ 0, 0 ],
		"from": [ "500%", "500%" ],
		"end_event": "screen.exit_end" },

	"inventory_exit_animation_push_bg_size_outer@inventory_exit_animation_bg_size_outer": { "play_event": "screen.exit_push" },
	"inventory_exit_animation_pop_bg_size_outer@inventory_exit_animation_bg_size_outer": { "play_event": "screen.exit_pop" },

	"inventory_entrance_animation_bg_size_outer": {
		"anim_type": "size",
		"easing": "out_cubic",
		"duration": "$screen_animation_duration_long",
		"from": [ 0, 0 ],
		"to": [ "500%", "500%" ],
		"end_event": "screen.entrance_end" },

	"inventory_entrance_animation_push_bg_size_outer@inventory_entrance_animation_bg_size_outer": { "play_event": "screen.entrance_push" },
	"inventory_entrance_animation_pop_bg_size_outer@inventory_entrance_animation_bg_size_outer": { "play_event": "screen.entrance_pop" },

	"inventory_exit_animation_offset_outer": {
		"anim_type": "offset",
		"easing": "in_cubic",
		"duration": "$screen_animation_duration",
		"to": [ 0, 8 ],
		"from": [ 0, 0 ],
		"end_event": "screen.exit_end" },

	"inventory_exit_animation_push_offset_outer@inventory_exit_animation_offset_outer": { "play_event": "screen.exit_push" },
	"inventory_exit_animation_pop_offset_outer@inventory_exit_animation_offset_outer": { "play_event": "screen.exit_pop" },

	"inventory_entrance_animation_offset_outer": {
		"anim_type": "offset",
		"easing": "out_cubic",
		"duration": "$screen_animation_duration",
		"from": [ 0, 8 ],
		"to": [ 0, 0 ],
		"end_event": "screen.entrance_end" },

	"inventory_entrance_animation_push_offset_outer@inventory_entrance_animation_offset_outer": { "play_event": "screen.entrance_push" },
	"inventory_entrance_animation_pop_offset_outer@inventory_entrance_animation_offset_outer": { "play_event": "screen.entrance_pop" },

	"inventory_exit_animation_size_outer": {
		"anim_type": "size",
		"easing": "out_cubic",
		"duration": "$screen_animation_duration",
		"to": [ "100%", "100%" ],
		"from": [ "100%", "100%" ],
		"end_event": "screen.exit_end" },

	"inventory_exit_animation_push_size_outer@inventory_exit_animation_size_outer": { "play_event": "screen.exit_push" },
	"inventory_exit_animation_pop_size_outer@inventory_exit_animation_size_outer": { "play_event": "screen.exit_pop" },

	"inventory_entrance_animation_size_outer": {
		"anim_type": "size",
		"easing": "in_expo",
		"duration": "$screen_animation_duration",
		"from": [ "100%", "100%" ],
		"to": [ "100%", "100%" ],
		"end_event": "screen.entrance_end" },

	"inventory_entrance_animation_push_size_outer@inventory_entrance_animation_size_outer": { "play_event": "screen.entrance_push" },
	"inventory_entrance_animation_pop_size_outer@inventory_entrance_animation_size_outer": { "play_event": "screen.entrance_pop" }
}