{	"namespace": "eui",

	"_info_1": "QQ: Bugjump (3071882091)",
	"_info_2": "Bilibili: Minecraft君9a7z (1345634151)",

	"_info_3": "未经允许，禁止使用任何此资源包的代码（可参考，但禁止复制）",
	"_info_4": "原作者保留任何权益",

	"dialog_right_tabs_padding_indent": {
		"type": "image",
		"texture": "textures/ui/dialog_shadow_right",
		"keep_ratio": false,
		"size": [ 32, "100%" ],
		"offset": [ 0, 0 ],
		"anchor_from": "left_middle",
		"anchor_to": "center",
		"anims": "$dialog_shadow_animations",
		"animation_reset_name": "screen_animation_reset",
		"disable_anim_fast_forward": true },

	"dialog_right_tabs_padding": {
		"type": "panel",
		"size": [ "100%", "fill" ],
		"controls": [
			{ "dialog_right_tabs_padding_indent@eui.dialog_right_tabs_padding_indent": { } }
		] },

	"dialog_right_tabs_padding_top_indent": {
		"type": "image",
		"texture": "textures/ui/dialog_shadow_right",
		"keep_ratio": false,
		"size": [ 32, "100%" ],
		"offset": [ 0, 0 ],
		"anchor_from": "bottom_left",
		"anchor_to": "bottom_middle",
		"anims": "$dialog_shadow_animations",
		"animation_reset_name": "screen_animation_reset",
		"disable_anim_fast_forward": true,
		"controls": [
			{	"extra": {
					"type": "image",
					"texture": "textures/ui/dialog_shadow_corner_tr",
					"size": [ 32, 32 ],
					"offset": [ 0, 0 ],
					"anchor_from": "top_middle",
					"anchor_to": "bottom_middle",
					"anims": "$dialog_shadow_animations",
					"animation_reset_name": "screen_animation_reset",
					"disable_anim_fast_forward": true }
			}
		] },

	"dialog_right_tabs_padding_top": {
		"type": "panel",
		"size": [ "100%", "fill" ],
		"controls": [
			{ "dialog_right_tabs_padding_top_indent@eui.dialog_right_tabs_padding_top_indent": { } }
		] },

	"dialog_right_tabs_padding_bottom_indent": {
		"type": "image",
		"texture": "textures/ui/dialog_shadow_right",
		"keep_ratio": false,
		"size": [ 32, "100% - 16px" ],
		"offset": [ 0, 0 ],
		"anchor_from": "top_left",
		"anchor_to": "top_middle",
		"anims": "$dialog_shadow_animations",
		"animation_reset_name": "screen_animation_reset",
		"disable_anim_fast_forward": true,
		"controls": [
			{	"extra": {
					"type": "image",
					"texture": "textures/ui/dialog_shadow_corner_br",
					"size": [ 32, 32 ],
					"offset": [ 0, 0 ],
					"anchor_from": "bottom_middle",
					"anchor_to": "top_middle",
					"anims": "$dialog_shadow_animations",
					"animation_reset_name": "screen_animation_reset",
					"disable_anim_fast_forward": true }
			}
		] },

	"dialog_right_tabs_padding_bottom": {
		"type": "panel",
		"size": [ "100%", "fill" ],
		"controls": [
			{ "dialog_right_tabs_padding_bottom_indent@eui.dialog_right_tabs_padding_bottom_indent": { } }
		] },

	"right_tab_button@common.button": {
		"$is_top_most|default": false,
		"$is_bottom_most|default": false,
		"size": [ "100%", 24 ],
		"controls": [
			{	"default": {
					"type": "panel",
					"controls": [
						{	"tab_main": {
								"type": "image",
								"texture": "textures/ui/button_borderless_light",
								"size": [ "100%", "100%" ],
								"offset": [ 0, 0 ],
								"anchor_from": "top_left",
								"anchor_to": "top_left" }
						}, {	"right_shadow": {
								"ignored": "($is_top_most or $is_bottom_most)",
								"type": "image",
								"texture": "textures/ui/dialog_shadow_right",
								"keep_ratio": false,
								"size": [ 32, "100%" ],
								"offset": [ 0, 0 ],
								"anchor_from": "left_middle",
								"anchor_to": "center",
								"anims": "$dialog_shadow_animations",
								"animation_reset_name": "screen_animation_reset",
								"disable_anim_fast_forward": true }
						}, {	"right_shadow_tops": {
								"ignored": "(not $is_top_most)",
								"type": "image",
								"texture": "textures/ui/dialog_shadow_right",
								"keep_ratio": false,
								"size": [ 32, "100% - 16px" ],
								"offset": [ 0, 0 ],
								"anchor_from": "bottom_left",
								"anchor_to": "bottom_middle",
								"anims": "$dialog_shadow_animations",
								"animation_reset_name": "screen_animation_reset",
								"disable_anim_fast_forward": true,
								"controls": [
									{	"extra": {
											"type": "image",
											"texture": "textures/ui/dialog_shadow_corner_tr",
											"size": [ 32, 32 ],
											"offset": [ 0, 0 ],
											"anchor_from": "top_middle",
											"anchor_to": "bottom_middle",
											"anims": "$dialog_shadow_animations",
											"animation_reset_name": "screen_animation_reset",
											"disable_anim_fast_forward": true }
									}
								] }
						}, {	"right_shadow_bottoms": {
								"ignored": "(not $is_bottom_most)",
								"type": "image",
								"texture": "textures/ui/dialog_shadow_right",
								"keep_ratio": false,
								"size": [ 32, "100% - 16px" ],
								"offset": [ 0, 0 ],
								"anchor_from": "top_left",
								"anchor_to": "top_middle",
								"anims": "$dialog_shadow_animations",
								"animation_reset_name": "screen_animation_reset",
								"disable_anim_fast_forward": true,
								"controls": [
									{	"extra": {
											"type": "image",
											"texture": "textures/ui/dialog_shadow_corner_br",
											"size": [ 32, 32 ],
											"offset": [ 0, 0 ],
											"anchor_from": "bottom_middle",
											"anchor_to": "top_middle",
											"anims": "$dialog_shadow_animations",
											"animation_reset_name": "screen_animation_reset",
											"disable_anim_fast_forward": true }
									}
								] }
						}
					] }
			}, {	"hover": {
					"type": "panel",
					"controls": [
						{	"tab_main": {
								"type": "image",
								"texture": "textures/ui/button_borderless_lighthover",
								"size": [ "100%", "100%" ],
								"offset": [ 0, 0 ],
								"anchor_from": "top_left",
								"anchor_to": "top_left" }
						}, {	"right_shadow": {
								"ignored": "($is_top_most or $is_bottom_most)",
								"type": "image",
								"texture": "textures/ui/dialog_shadow_right",
								"keep_ratio": false,
								"size": [ 32, "100%" ],
								"offset": [ 0, 0 ],
								"anchor_from": "left_middle",
								"anchor_to": "center",
								"anims": "$dialog_shadow_animations",
								"animation_reset_name": "screen_animation_reset",
								"disable_anim_fast_forward": true }
						}, {	"right_shadow_tops": {
								"ignored": "(not $is_top_most)",
								"type": "image",
								"texture": "textures/ui/dialog_shadow_right",
								"keep_ratio": false,
								"size": [ 32, "100% - 16px" ],
								"offset": [ 0, 0 ],
								"anchor_from": "bottom_left",
								"anchor_to": "bottom_middle",
								"anims": "$dialog_shadow_animations",
								"animation_reset_name": "screen_animation_reset",
								"disable_anim_fast_forward": true,
								"controls": [
									{	"extra": {
											"type": "image",
											"texture": "textures/ui/dialog_shadow_corner_tr",
											"size": [ 32, 32 ],
											"offset": [ 0, 0 ],
											"anchor_from": "top_middle",
											"anchor_to": "bottom_middle",
											"anims": "$dialog_shadow_animations",
											"animation_reset_name": "screen_animation_reset",
											"disable_anim_fast_forward": true }
									}
								] }
						}, {	"right_shadow_bottoms": {
								"ignored": "(not $is_bottom_most)",
								"type": "image",
								"texture": "textures/ui/dialog_shadow_right",
								"keep_ratio": false,
								"size": [ 32, "100% - 16px" ],
								"offset": [ 0, 0 ],
								"anchor_from": "top_left",
								"anchor_to": "top_middle",
								"anims": "$dialog_shadow_animations",
								"animation_reset_name": "screen_animation_reset",
								"disable_anim_fast_forward": true,
								"controls": [
									{	"extra": {
											"type": "image",
											"texture": "textures/ui/dialog_shadow_corner_br",
											"size": [ 32, 32 ],
											"offset": [ 0, 0 ],
											"anchor_from": "bottom_middle",
											"anchor_to": "top_middle",
											"anims": "$dialog_shadow_animations",
											"animation_reset_name": "screen_animation_reset",
											"disable_anim_fast_forward": true }
									}
								] }
						}
					] }
			}, {	"pressed": {
					"type": "panel",
					"size": [ "100%", "100%" ],
					"offset": [ 1, 1 ],
					"anchor_from": "top_left",
					"anchor_to": "top_left",
					"controls": [
						{	"tab_main": {
								"type": "image",
								"texture": "textures/ui/white_background",
								"fill": true,
								"alpha": 0.25,
								"size": [ "100%", "100%" ],
								"offset": [ 0, 0 ],
								"anchor_from": "top_left",
								"anchor_to": "top_left" }
						}, {	"right_shadow": {
								"ignored": "($is_top_most or $is_bottom_most)",
								"type": "image",
								"texture": "textures/ui/dialog_shadow_right",
								"keep_ratio": false,
								"size": [ 32, "100%" ],
								"offset": [ 0, 0 ],
								"anchor_from": "left_middle",
								"anchor_to": "center",
								"anims": "$dialog_shadow_animations",
								"animation_reset_name": "screen_animation_reset",
								"disable_anim_fast_forward": true }
						}, {	"right_shadow_tops": {
								"ignored": "(not $is_top_most)",
								"type": "image",
								"texture": "textures/ui/dialog_shadow_right",
								"keep_ratio": false,
								"size": [ 32, "100% - 16px" ],
								"offset": [ 0, 0 ],
								"anchor_from": "bottom_left",
								"anchor_to": "bottom_middle",
								"anims": "$dialog_shadow_animations",
								"animation_reset_name": "screen_animation_reset",
								"disable_anim_fast_forward": true,
								"controls": [
									{	"extra": {
											"type": "image",
											"texture": "textures/ui/dialog_shadow_corner_tr",
											"size": [ 32, 32 ],
											"offset": [ 0, 0 ],
											"anchor_from": "top_middle",
											"anchor_to": "bottom_middle",
											"anims": "$dialog_shadow_animations",
											"animation_reset_name": "screen_animation_reset",
											"disable_anim_fast_forward": true }
									}
								] }
						}, {	"right_shadow_bottoms": {
								"ignored": "(not $is_bottom_most)",
								"type": "image",
								"texture": "textures/ui/dialog_shadow_right",
								"keep_ratio": false,
								"size": [ 32, "100% - 16px" ],
								"offset": [ 0, 0 ],
								"anchor_from": "top_left",
								"anchor_to": "top_middle",
								"anims": "$dialog_shadow_animations",
								"animation_reset_name": "screen_animation_reset",
								"disable_anim_fast_forward": true,
								"controls": [
									{	"extra": {
											"type": "image",
											"texture": "textures/ui/dialog_shadow_corner_br",
											"size": [ 32, 32 ],
											"offset": [ 0, 0 ],
											"anchor_from": "bottom_middle",
											"anchor_to": "top_middle",
											"anims": "$dialog_shadow_animations",
											"animation_reset_name": "screen_animation_reset",
											"disable_anim_fast_forward": true }
									}
								] }
						}
					] }
			}, {	"tab_content": {
					"type": "image",
					"texture": "$icon",
					"size": [ 20, 20 ],
					"layer": 2 }
			}
		] },

	"right_tab@common.toggle": {
		"$is_top_most|default": false,
		"$is_bottom_most|default": false,
		"$toggle_name": "navigation_tab",
		"$toggle_default_state": false,
		"$toggle_group_default_sslected": 0,
		"size": [ "100%", 24 ],
		"bindings": [ ],
		"controls": [
			{	"unchecked": {
					"type": "panel",
					"controls": [
						{	"tab_main": {
								"type": "image",
								"texture": "textures/ui/button_borderless_light",
								"size": [ "100%", "100%" ],
								"offset": [ 0, 0 ],
								"anchor_from": "top_left",
								"anchor_to": "top_left" }
						}, {	"right_shadow": {
								"ignored": "($is_top_most or $is_bottom_most)",
								"type": "image",
								"texture": "textures/ui/dialog_shadow_right",
								"keep_ratio": false,
								"size": [ 32, "100%" ],
								"offset": [ 0, 0 ],
								"anchor_from": "left_middle",
								"anchor_to": "center",
								"anims": "$dialog_shadow_animations",
								"animation_reset_name": "screen_animation_reset",
								"disable_anim_fast_forward": true }
						}, {	"right_shadow_tops": {
								"ignored": "(not $is_top_most)",
								"type": "image",
								"texture": "textures/ui/dialog_shadow_right",
								"keep_ratio": false,
								"size": [ 32, "100% - 16px" ],
								"offset": [ 0, 0 ],
								"anchor_from": "bottom_left",
								"anchor_to": "bottom_middle",
								"anims": "$dialog_shadow_animations",
								"animation_reset_name": "screen_animation_reset",
								"disable_anim_fast_forward": true,
								"controls": [
									{	"extra": {
											"type": "image",
											"texture": "textures/ui/dialog_shadow_corner_tr",
											"size": [ 32, 32 ],
											"offset": [ 0, 0 ],
											"anchor_from": "top_middle",
											"anchor_to": "bottom_middle",
											"anims": "$dialog_shadow_animations",
											"animation_reset_name": "screen_animation_reset",
											"disable_anim_fast_forward": true }
									}
								] }
						}, {	"right_shadow_bottoms": {
								"ignored": "(not $is_bottom_most)",
								"type": "image",
								"texture": "textures/ui/dialog_shadow_right",
								"keep_ratio": false,
								"size": [ 32, "100% - 16px" ],
								"offset": [ 0, 0 ],
								"anchor_from": "top_left",
								"anchor_to": "top_middle",
								"anims": "$dialog_shadow_animations",
								"animation_reset_name": "screen_animation_reset",
								"disable_anim_fast_forward": true,
								"controls": [
									{	"extra": {
											"type": "image",
											"texture": "textures/ui/dialog_shadow_corner_br",
											"size": [ 32, 32 ],
											"offset": [ 0, 0 ],
											"anchor_from": "bottom_middle",
											"anchor_to": "top_middle",
											"anims": "$dialog_shadow_animations",
											"animation_reset_name": "screen_animation_reset",
											"disable_anim_fast_forward": true }
									}
								] }
						}
					] }
			}, {	"checked": {
					"type": "panel",
					"controls": [
						{	"tab_main": {
								"type": "image",
								"texture": "textures/ui/button_borderless_light",
								"size": [ "100%", "100%" ],
								"offset": [ 0, 0 ],
								"anchor_from": "top_left",
								"anchor_to": "top_left" }
						}, {	"divider": {
								"type": "image",
								"texture": "textures/ui/white_background",
								"keep_ratio": false,
								"size": [ 2, "100%" ],
								"offset": [ 0, 0 ],
								"anchor_from": "top_right",
								"anchor_to": "top_right",
								"color": "$accent_color",
								"layer": 2 }
						}, {	"shadow": {
								"type": "image",
								"texture": "textures/ui/right_tab_shadow",
								"size": [ 40, 56 ],
								"offset": [ 0, 0 ],
								"anchor_from": "left_middle",
								"anchor_to": "left_middle",
								"anims": "$dialog_shadow_animations",
								"animation_reset_name": "screen_animation_reset",
								"disable_anim_fast_forward": true }
						}, {	"shadow_dialog_top": {
								"ignored": "(not $is_top_most)",
								"type": "image",
								"texture": "textures/ui/dialog_shadow_top",
								"keep_ratio": false,
								"size": [ 16, 32 ],
								"offset": [ 0, 0 ],
								"anchor_from": "top_left",
								"anchor_to": "right_middle",
								"anims": "$dialog_shadow_animations",
								"animation_reset_name": "screen_animation_reset",
								"disable_anim_fast_forward": true }
						}, {	"shadow_dialog_bottom": {
								"ignored": "(not $is_bottom_most)",
								"type": "image",
								"texture": "textures/ui/dialog_shadow_bottom",
								"keep_ratio": false,
								"size": [ 16, 32 ],
								"offset": [ 0, 0 ],
								"anchor_from": "bottom_left",
								"anchor_to": "right_middle",
								"anims": "$dialog_shadow_animations",
								"animation_reset_name": "screen_animation_reset",
								"disable_anim_fast_forward": true }
						}
					] }
			}, {	"unchecked_hover": {
					"type": "panel",
					"controls": [
						{	"tab_main": {
								"type": "image",
								"texture": "textures/ui/button_borderless_lighthover",
								"size": [ "100%", "100%" ],
								"offset": [ 0, 0 ],
								"anchor_from": "top_left",
								"anchor_to": "top_left" }
						}, {	"right_shadow": {
								"ignored": "($is_top_most or $is_bottom_most)",
								"type": "image",
								"texture": "textures/ui/dialog_shadow_right",
								"keep_ratio": false,
								"size": [ 32, "100%" ],
								"offset": [ 0, 0 ],
								"anchor_from": "left_middle",
								"anchor_to": "center",
								"anims": "$dialog_shadow_animations",
								"animation_reset_name": "screen_animation_reset",
								"disable_anim_fast_forward": true }
						}, {	"right_shadow_tops": {
								"ignored": "(not $is_top_most)",
								"type": "image",
								"texture": "textures/ui/dialog_shadow_right",
								"keep_ratio": false,
								"size": [ 32, "100% - 16px" ],
								"offset": [ 0, 0 ],
								"anchor_from": "bottom_left",
								"anchor_to": "bottom_middle",
								"anims": "$dialog_shadow_animations",
								"animation_reset_name": "screen_animation_reset",
								"disable_anim_fast_forward": true,
								"controls": [
									{	"extra": {
											"type": "image",
											"texture": "textures/ui/dialog_shadow_corner_tr",
											"size": [ 32, 32 ],
											"offset": [ 0, 0 ],
											"anchor_from": "top_middle",
											"anchor_to": "bottom_middle",
											"anims": "$dialog_shadow_animations",
											"animation_reset_name": "screen_animation_reset",
											"disable_anim_fast_forward": true }
									}
								] }
						}, {	"right_shadow_bottoms": {
								"ignored": "(not $is_bottom_most)",
								"type": "image",
								"texture": "textures/ui/dialog_shadow_right",
								"keep_ratio": false,
								"size": [ 32, "100% - 16px" ],
								"offset": [ 0, 0 ],
								"anchor_from": "top_left",
								"anchor_to": "top_middle",
								"anims": "$dialog_shadow_animations",
								"animation_reset_name": "screen_animation_reset",
								"disable_anim_fast_forward": true,
								"controls": [
									{	"extra": {
											"type": "image",
											"texture": "textures/ui/dialog_shadow_corner_br",
											"size": [ 32, 32 ],
											"offset": [ 0, 0 ],
											"anchor_from": "bottom_middle",
											"anchor_to": "top_middle",
											"anims": "$dialog_shadow_animations",
											"animation_reset_name": "screen_animation_reset",
											"disable_anim_fast_forward": true }
									}
								] }
						}
					] }
			}, {	"checked_hover": {
					"type": "panel",
					"controls": [
						{	"tab_main": {
								"type": "image",
								"texture": "textures/ui/button_borderless_lighthover",
								"size": [ "100%", "100%" ],
								"offset": [ 0, 0 ],
								"anchor_from": "top_left",
								"anchor_to": "top_left" }
						}, {	"divider": {
								"type": "image",
								"texture": "textures/ui/white_background",
								"keep_ratio": false,
								"size": [ 2, "100%" ],
								"offset": [ 0, 0 ],
								"anchor_from": "top_right",
								"anchor_to": "top_right",
								"color": "$accent_color",
								"layer": 2 }
						}, {	"shadow": {
								"type": "image",
								"texture": "textures/ui/right_tab_shadow",
								"size": [ 40, 56 ],
								"offset": [ 0, 0 ],
								"anchor_from": "left_middle",
								"anchor_to": "left_middle",
								"anims": "$dialog_shadow_animations",
								"animation_reset_name": "screen_animation_reset",
								"disable_anim_fast_forward": true }
						}, {	"shadow_dialog_top": {
								"ignored": "(not $is_top_most)",
								"type": "image",
								"texture": "textures/ui/dialog_shadow_top",
								"keep_ratio": false,
								"size": [ 16, 32 ],
								"offset": [ 0, 0 ],
								"anchor_from": "top_left",
								"anchor_to": "right_middle",
								"anims": "$dialog_shadow_animations",
								"animation_reset_name": "screen_animation_reset",
								"disable_anim_fast_forward": true }
						}, {	"shadow_dialog_bottom": {
								"ignored": "(not $is_bottom_most)",
								"type": "image",
								"texture": "textures/ui/dialog_shadow_bottom",
								"keep_ratio": false,
								"size": [ 16, 32 ],
								"offset": [ 0, 0 ],
								"anchor_from": "bottom_left",
								"anchor_to": "right_middle",
								"anims": "$dialog_shadow_animations",
								"animation_reset_name": "screen_animation_reset",
								"disable_anim_fast_forward": true }
						}
					] }
			}, {	"tab_content": {
					"type": "image",
					"texture": "$icon",
					"size": [ 20, 20 ],
					"layer": 2 }
			}
		] }
}