{	"namespace": "furnace",

	"_info_1": "QQ: Bugjump (3071882091)",
	"_info_2": "Bilibili: Minecraft君9a7z (1345634151)",

	"_info_3": "未经允许，禁止使用任何此资源包的代码（可参考，但禁止复制）",
	"_info_4": "原作者保留任何权益",

	"flame_panel": {
		"modifications": [
			{	"array_name": "controls",
				"operation": "insert_back",
				"value": [
					{	"percentage_panel@progress_panel_yao.percentage_panel": {
							"$label_control": "progress_panel_yao.furnace_flame_text_control",
							"offset": [ 0, 22 ],
							"anchor_from": "bottom_middle",
							"anchor_to": "top_middle" }
					}
				] }
		] },

	"furnace_arrow_empty_image": {
		"controls": [
			{	"furnace_arrow_text_control": {
					"type": "label",
					"text": "#text",
					"size": [ 200, 10 ],
					"offset": [ 0, 2 ],
					"anchor_from": "bottom_middle",
					"anchor_to": "top_middle",
					"bindings": [
						{	"binding_name": "#furnace_arrow_ratio",
							"binding_condition": "always",
							"binding_type": "global" },
						{	"binding_type": "view",
							"source_property_name": "('%%f' + ('a: %e, b: %e' * #furnace_arrow_ratio))",
							"target_property_name": "#text" }
					] }
			}/*
			{	"percentage_panel@progress_panel_yao.percentage_panel": {
					"$label_control": "progress_panel_yao.furnace_arrow_text_control",
					"offset": [ 0, 2 ],
					"anchor_from": "bottom_middle",
					"anchor_to": "top_middle" }
			}*/
		] },

	"furnace_label": {
		"offset": [ 7, -1 ],
		"anchor_from": "top_left",
		"anchor_to": "top_left" },
/*
	"furnace_ingredient_panel": {
		"$background_images": "common.black_border" },

	"furnace_fuel_panel": {
		"$background_images": "common.black_border" },

	"furnace_output_panel": {
		"$background_images": "common.black_border" },
*/
	"furnace_panel/root_panel/common_panel": {
		"$dialog_background": "container_dialog_bg" },

	"furnace_panel/root_panel": {
		"offset": [ -75, 0 ] },

	"furnace_panel/root_panel/furnace_screen_inventory": {
		// "$background_images": "empty_panel",
		"$enabled_search": true,
		"modifications": [
			{	"array_name": "controls",
				"operation": "insert_back",
				"value": [
					{ "container_player_renderer@crafting.container_player_renderer": { } },
					{ "item_search_text_edit@common.item_search_text_edit": { } }
					// { "inventory_background@common.inventory_grid_bg": { "layer": 2 } },
					// { "hotbar_background@common.hotbar_grid_bg": { "layer": 2 } }
				] }
		] },

	"fuel_item": {
		"type": "panel",
		"size": [ "100%", 20 ],
		"controls": [
			{	"fuel_item@common.cell_image": {
					"texture": "textures/ui/black_border",
					"size": [ 18, 18 ],
					"offset": [ 1, 0 ],
					"anchor_from": "left_middle",
					"anchor_to": "left_middle",
					"controls": [
						{	"button@common.button": {
								"size": [ 16, 16 ],
								"$hover_text": "$item_name",
								"$use_custom_text": true,
								"$durability_bar_required": false,
								"consume_hover_events": false,
								"controls": [
									{ "default": { "type": "panel" } },
									{ "hover@common.highlight_slot_panel": { } },
									{ "pressed": { "type": "panel" } }
								] }
						}, {	"itme_texture": {
								"type": "image",
								"texture": "$item_texture",
								"$uv_size|defaut": [ 16, 16 ],
								"uv_size": "$uv_size",
								"size": [ 16, 16 ],
								"$item_anims|default": [ ],
								"anims": "$item_anims",
								"layer": 1 }
						}
					] }
			}, {	"burning_time_label": {
					"type": "label",
					"text": "$burning_time",
					"offset": [ 20, 0 ],
					"anchor_from": "top_left",
					"anchor_to": "top_left" }
			}, {	"burning_items_label": {
					"type": "label",
					"text": "$burning_items",
					"offset": [ 20, 10 ],
					"anchor_from": "top_left",
					"anchor_to": "top_left",
					"color": [ 0.7, 0.7, 0.7 ] }
			}, {	"burning_items_label_r": {
					"type": "label",
					"text": "furnace.burn_time.items",
					"offset": [ 0, 10 ],
					"anchor_from": "top_right",
					"anchor_to": "top_right",
					"color": [ 0.7, 0.7, 0.7 ] }
			}
		] },

	"boats_uv_aniamtion": {
		"anim_type": "flip_book",
		"easing": "linear",
		"initial_uv": [ 0, 0 ],
		"frame_count": 18,
		"fps": 1,
		"frame_step": 16,
		"next": "@furnace.boats_uv_aniamtion" },

	"hanging_sign_uv_aniamtion": {
		"anim_type": "flip_book",
		"easing": "linear",
		"initial_uv": [ 0, 0 ],
		"frame_count": 9,
		"fps": 1,
		"frame_step": 16,
		"next": "@furnace.hanging_sign_uv_aniamtion" },

	"fuel_stack_content": {
		"type": "stack_panel",
		"size": [ "100%", "100%c" ],
		"controls": [
			{	"lava_bucket@furnace.fuel_item": {
					"$item_texture": "textures/items/bucket_lava",
					"$item_name": "item.bucketLava.name",
					"$burning_time": "1000s = 16:40",
					"$burning_items": "100" }
			}, {	"coal_block@furnace.fuel_item": {
					"$item_texture": "textures/ui_items/coal_block",
					"$uv_size": [ 512, 512 ],
					"$item_name": "tile.coal_block.name",
					"$burning_time": "800s = 13:20",
					"$burning_items": "80" }
			}, {	"dried_kelp_block@furnace.fuel_item": {
					"$item_texture": "textures/ui_items/dried_kelp_block",
					"$uv_size": [ 512, 512 ],
					"$item_name": "tile.dried_kelp_block.name",
					"$burning_time": "200.05s = 3:20.05",
					"$burning_items": "20.005" }
			}, {	"blaze_rod@furnace.fuel_item": {
					"$item_texture": "textures/items/blaze_rod",
					"$item_name": "item.blaze_rod.name",
					"$burning_time": "120s = 2:00",
					"$burning_items": "12" }
			}, {	"coal@furnace.fuel_item": {
					"$item_texture": "textures/items/coal",
					"$item_name": "item.coal.name",
					"$burning_time": "80s = 1:20",
					"$burning_items": "8" }
			}, {	"charcoal@furnace.fuel_item": {
					"$item_texture": "textures/items/charcoal",
					"$item_name": "item.charcoal.name",
					"$burning_time": "80s = 1:20",
					"$burning_items": "8" }
			}, {	"boats@furnace.fuel_item": {
					"$item_texture": "textures/ui_items/boats",
					"$uv_size": [ 16, 16 ],
					"$item_name": "itemGroup.name.boat",
					"$item_anims": [ "@furnace.boats_uv_aniamtion" ],
					"$burning_time": "60s = 1:00",
					"$burning_items": "6" }
			}, {	"hanging_sign@furnace.fuel_item": {
					"$item_texture": "textures/ui_items/hanging_sign",
					"$uv_size": [ 16, 16 ],
					"$item_name": "itemGroup.name.hanging_sign",
					"$item_anims": [ "@furnace.hanging_sign_uv_aniamtion" ],
					"$burning_time": "40s",
					"$burning_items": "4" }
			}, {	"bee_nest@furnace.fuel_item": {
					"$item_texture": "textures/ui_items/bee_nest",
					"$uv_size": [ 512, 512 ],
					"$item_name": "tile.bee_nest.name",
					"$burning_time": "15s",
					"$burning_items": "1.5" }
			}, {	"beehive@furnace.fuel_item": {
					"$item_texture": "textures/ui_items/beehive",
					"$uv_size": [ 512, 512 ],
					"$item_name": "tile.beehive.name",
					"$burning_time": "15s",
					"$burning_items": "1.5" }
			}, {	"scaffolding@furnace.fuel_item": {
					"$item_texture": "textures/ui_items/scaffolding",
					"$uv_size": [ 300, 300 ],
					"$item_name": "tile.scaffolding.name",
					"$burning_time": "2.5s",
					"$burning_items": "0.25" }
			}
		] },

	"fuel_panel": {
		"type": "panel",
		"size": [ "100% - 16px", "100% - 31px" ],
		"offset": [ 8, 23 ],
		"anchor_from": "top_left",
		"anchor_to": "top_left",
		"controls": [
			{	"scrolling_panel@common.scrolling_panel": {
					"$scrolling_content": "furnace.fuel_stack_content",
					"$show_background": false }
			}, {	"content_border@common.black_border": {
					"size": [ "100% + 2px", "100% + 2px" ],
					"offset": [ -1, -1 ],
					"anchor_from": "top_left",
					"anchor_to": "top_left" }
			}
		] },

	"furnace_panel": {
		// "$background_images": "empty_panel",
		"$enabled_search": true,
		"modifications": [
			{	"array_name": "controls",
				"operation": "insert_back",
				"value": [
					{	"fuel_root_panel@common.root_panel": {
							"size": [ 146, 166 ],
							"offset": [ 90, 0 ],
							"anchor_from": "center",
							"anchor_to": "center",
							"layer": 1,
							"controls": [
								{ "common_panel@common.common_panel": { "$dialog_background": "container_dialog_bg", "$show_close_button": false } },
								{ "fuel_panel@furnace.fuel_panel": { } }
							] }
					}
				] }
		] },

	"furnace_screen": {
		"$screen_content": "furnace.furnace_panel",
		"$screen_bg_content": "common.container_background",
		"close_on_player_hurt": false,
		"$screen_animations": [
			"@_euiNAnim.inventory_exit_animation_push_alpha_outer",
			"@_euiNAnim.inventory_exit_animation_pop_alpha_outer",
			"@_euiNAnim.inventory_entrance_animation_push_alpha_outer",
			"@_euiNAnim.inventory_entrance_animation_pop_alpha_outer",

			"@_euiNAnim.inventory_exit_animation_push_offset_outer",
			"@_euiNAnim.inventory_exit_animation_pop_offset_outer",
			"@_euiNAnim.inventory_entrance_animation_push_offset_outer",
			"@_euiNAnim.inventory_entrance_animation_pop_offset_outer" ],
		"$background_animations": [
			"@_euiNAnim.inventory_exit_animation_push_alpha_outer",
			"@_euiNAnim.inventory_exit_animation_pop_alpha_outer",
			"@_euiNAnim.inventory_entrance_animation_push_alpha_outer",
			"@_euiNAnim.inventory_entrance_animation_pop_alpha_outer" ],
		"variables": [ ] }
}