{	"namespace": "gathering_info",

	"_info_1": "QQ: Bugjump (3071882091)",
	"_info_2": "Bilibili: Minecraft君9a7z (1345634151)",

	"_info_3": "未经允许，禁止使用任何此资源包的代码（可参考，但禁止复制）",
	"_info_4": "原作者保留任何权益",

	"gathering_info_screen": {
		"$screen_bg_content": "common.background_image" },

	"info_content": {
		"controls": [
			{	"view@common.navigation_topbar_layout": {
					"ignored": "(not ($ui_style = 'full'))",

					"$show_menu_button": false,

					// "$child_control": "common.sidebar_view",
					"$main_control": "@common.empty_panel",
								"$screen_main_panel_ref": "@conmon.empty_panel",
								"$disabled_sidebar": true,
								"$default_sidebar_content": "conmon.empty_panel",
								"$verbose_sidebar_content": "conmon.empty_panel",/*
		"anims": [
			"@common.panel_exit_animation_v2_push",
			"@common.panel_exit_animation_v2_pop",
			"@common.panel_entrance_animation_v2_push",
			"@common.panel_entrance_animation_v2_pop" ],
					"animation_reset_name": "screen_animation_reset",*/
					"disable_anim_fast_forward": true,

								"$button_text": "#header_text",

								// "$header_content_panel": "@settings_common.options_search_text_edit_panel",

								"$sidebar_button_pressed_button_name": "button.menu_exit",
								"$sidebar_button_button_text": "button.menu_exit",
					"layer": 80 }
			},
			{	"blur_container_fullscreenheader": {
					"ignored": "(not ($ui_style = 'full'))",
					"type": "panel",
					"size": [ "100%", "100%" ],
					"offset": [ 0, 0 ],
					"anchor_from": "top_left",
					"anchor_to": "top_left",
					"layer": 50,/*
		"anims": [
			"@common.panel_exit_animation_v2_push",
			"@common.panel_exit_animation_v2_pop",
			"@common.panel_entrance_animation_v2_push",
			"@common.panel_entrance_animation_v2_pop" ],
		"animation_reset_name": "screen_animation_reset",
		"disable_anim_fast_forward": true,*/
					"anims": "$background_animations",
					"animation_reset_name": "screen_animation_reset",
					"disable_anim_fast_forward": true,
					"propagate_alpha": true,
					"clips_children": true,
					"controls": [
						{	"container": {
								"type": "panel",
								"size": [ "100%", "100%" ],
								"offset": [ 0, "-100% + 23px" ],
								"anchor_from": "top_left",
								"anchor_to": "top_left",
								"clips_children": true,
								"controls": [
									{	"background_image_blur@common.background_image_blur": {
											"size": [ "100%", "100%" ],
											"offset": [ 0, "100% - 23px" ],
											"anchor_from": "top_left",
											"anchor_to": "top_left" }
									}
								] }
						}
					] }
			},
			{	"blur_container_fullscreenselpane": {
					"ignored": "(not ($ui_style = 'full'))",
					"type": "panel",
					"size": [ "100%", "100%" ],
					"offset": [ 0, 0 ],
					"anchor_from": "top_left",
					"anchor_to": "top_left",
					"layer": 50,/*
		"anims": [
			"@common.panel_exit_animation_v2_push",
			"@common.panel_exit_animation_v2_pop",
			"@common.panel_entrance_animation_v2_push",
			"@common.panel_entrance_animation_v2_pop" ],
		"animation_reset_name": "screen_animation_reset",
		"disable_anim_fast_forward": true,*/
					"anims": "$background_animations",
					"animation_reset_name": "screen_animation_reset",
					"disable_anim_fast_forward": true,
					"propagate_alpha": true,
					"clips_children": true,

					"bindings": [
						{	"binding_type": "view",
							"source_control_name": "dialog_title_menu_button",	
							"source_property_name": "#toggle_state",
							"target_property_name": "#visible" }
					],

					"controls": [
						{	"container": {
								"type": "panel",
								"size": [ "100%", "100%" ],
								"offset": [ "-100% + 150px", 23 ],
								"anchor_from": "top_left",
								"anchor_to": "top_left",
								"clips_children": true,
								"controls": [
									{	"background_image_blur@common.background_image_blur": {
											"size": [ "100%", "100%" ],
											"offset": [ "100% - 150px", -23 ],
											"anchor_from": "top_left",
											"anchor_to": "top_left" }
									}, {	"content_overlay@common.fade_background": {
											"texture": "textures/ui/sidebar_background",
											"size": [ "100%", "100%" ],
											"offset": [ "100% - 150px", -23 ],
											"anchor_from": "top_left",
											"anchor_to": "top_left",
											"alpha": 1.0,
											"layer": -46 }
									}
								] }
						}
					] }
			},
			
      {
        "left_panel": {
          "type": "panel",
          "size": [ 150, "100% - 23px" ],
          "offset": [ 0, 23 ],
          "anchor_to": "top_left",
          "anchor_from": "top_left",
					"layer": 5,
          "controls": [
            {
              "stack": {
                "type": "stack_panel",
                "orientation": "vertical",
                "size": [ "100%", "100%" ],
                "controls": [
                  {
                    "event_image": {
                      "type": "image",
                      "size": [ "100%", "77%x" ],
                      "max_size": [ "100%", "100% - 119px"],
                      "bindings": [
                        {
                          "binding_name": "#event_image",
                          "binding_name_override": "#texture"
                        }
                      ]
                    }
                  },
                  {
                    "pad_2@common.empty_panel": {
                      "size": [ "100%", 8 ]
                    }
                  },
                  {
                    "button_and_caption": {
                      "type": "panel",
                      "size": [ "100%", 28 ],
                      "controls": [
                        {
                          "caption@start.gathering_caption": {
                            "size": [ 100, "default" ],
                            "anchor_to": "bottom_left",
                            "anchor_from": "bottom_left",
                            "offset": [ 8, -20 ],
                            "layer": 20
                          }
                        },
                        {
                          "action_button@common_buttons.light_text_button": {
                            "size": [ "100%", 28 ],
                            "$pressed_button_name": "button.action",
                            "$button_text": "#action_button_text",
                            "$button_text_binding_type": "global",
                            "bindings": [
                              {
                                "binding_name": "#action_button_enabled",
                                "binding_name_override": "#enabled"
                              }
                            ]
                          }
                        }
                      ]
                    }
                  },
                  {
                    "pad_3@common.empty_panel": {
                      "size": [ "100%", 4 ]
                    }
                  },
                  {
                    "info_button@common_buttons.light_text_button": {
                      "size": [ "100%", 28 ],
                      "$pressed_button_name": "button.info",
                      "$button_text": "#info_button_text",
                      "$button_text_binding_type": "global"
                    }
                  },
                  {
                    "pad_4@common.empty_panel": {
                      "size": [ "100%", 10 ]
                    }
                  },
                  {
                    "gamepad_helper_panel": {
                      "type": "panel",
                      "size": [ "100%", 26 ],
                      "controls": [
                        {
                          "gamepad_helpers@gathering_info.gamepad_helpers": {}
                        }
                      ]
                    }
                  },
                  {
                    "pad_fill@common.empty_panel": {
                      "size": [ "100%", "fill" ]
                    }
                  },
                  {
                    "gathering_id_label": {
                      "type": "label",
                      "text": "#gathering_id_label",
                      "size": [ "100%", "20px" ],
                      "color": "$alert_label_background_color",
                      "text_alignment": "center",
                      "bindings": [
                        {
                          "binding_name": "#gathering_id_label",
                          "binding_condition": "once"
                        }
                      ]
                    }
                  },
                  {
                    "pad_5@common.empty_panel": {
                      "size": [ "100%", "5px" ]
                    }
                  }
                ]
              }
            }
          ]
        }
      },
      {
        "right_panel": {
          "type": "panel",
          "size": [ "100% - 150px", "100% - 23px" ],
          "offset": [ 0, 23 ],
          "anchor_to": "top_right",
          "anchor_from": "top_right",
          "controls": [
            {
              "scroll@common.scrolling_panel": {
                "$scrolling_content": "gathering_info.right_panel_content",
                "$scrolling_content_anchor_from": "top_middle",
                "$scrolling_content_anchor_to": "top_middle",
                "$show_background": false
              }
            }
          ]
        }
      }
    ]
  }
}
