{	"namespace": "grindstone",

	"grindstone_panel/root_panel": {
		"modifications": [
			{	"array_name": "controls",
				"operation": "insert_back",
				"value": [
					{ "container_player_renderer@crafting.container_player_renderer": { } }
				] }
		] },

	"grindstone_screen": {
		"$screen_content": "grindstone.grindstone_panel",
		"$screen_bg_content": "common.container_background",
		"close_on_player_hurt": false,
		"$screen_animations": [
			"@_euiNAnim.inventory_exit_animation_push_alpha_outer",
			"@_euiNAnim.inventory_exit_animation_pop_alpha_outer",
			"@_euiNAnim.inventory_entrance_animation_push_alpha_outer",
			"@_euiNAnim.inventory_entrance_animation_pop_alpha_outer",

			"@_euiNAnim.inventory_exit_animation_push_offset_outer",
			"@_euiNAnim.inventory_exit_animation_pop_offset_outer",
			"@_euiNAnim.inventory_entrance_animation_push_offset_outer",
			"@_euiNAnim.inventory_entrance_animation_pop_offset_outer" ],
		"$background_animations": [
			"@_euiNAnim.inventory_exit_animation_push_alpha_outer",
			"@_euiNAnim.inventory_exit_animation_pop_alpha_outer",
			"@_euiNAnim.inventory_entrance_animation_push_alpha_outer",
			"@_euiNAnim.inventory_entrance_animation_pop_alpha_outer" ],
		"variables": [ ] }
}
