{	"namespace": "how_to_play_common",

	"dynamic_dialog_screen": {
		"type": "screen",
		"button_mappings": [
			{	"from_button_id": "button.menu_cancel",
				"to_button_id": "button.menu_exit",
				"mapping_type": "global" },
			{	"from_button_id": "button.menu_up",
				"to_button_id": "button.menu_up",
				"mapping_type": "global",
				"scope": "view" },
			{	"from_button_id": "button.menu_down",
				"to_button_id": "button.menu_down",
				"mapping_type": "global",
				"scope": "view" },
			{	"from_button_id": "button.menu_left",
				"to_button_id": "button.menu_left",
				"mapping_type": "global",
				"scope": "view" },
			{	"from_button_id": "button.menu_right",
				"to_button_id": "button.menu_right",
				"mapping_type": "global",
				"scope": "view" }
		],
		"$ScreenMain": "@elytra_screen_docs.docs_content",
		"$ScreenBackground": "@elytra_common.background_image",
		"controls": [
			{ "NFrameScreenBase@NFrameUI/NFrameScreenBase.NFrameScreenBase": { } }
		] }
}