{	"namespace": "hud_panel_elytra",

	"_info_1": "QQ: Bugjump (3071882091)",
	"_info_2": "Bilibili: Minecraft君9a7z (1345634151)",

	"_info_3": "未经允许，禁止使用任何此资源包的代码（可参考，但禁止复制）",
	"_info_4": "原作者保留任何权益",

	"array_list_item": {
		"type": "panel",
		"size": [ "100%", 12 ],
		"$reverse|default": false,
		"$is_first|default": false,
		"bindings": [
			{	"ignored": "$reverse",
				"binding_type": "view",
				"source_control_name": "$visible_toggle",
				"source_property_name": "#toggle_state",
				"target_property_name": "#visible" },
			{	"ignored": "(not $reverse)",
				"binding_type": "view",
				"source_control_name": "$visible_toggle",
				"source_property_name": "(not #toggle_state)",
				"target_property_name": "#visible" }
		],
		"controls": [
			{	"first_divider": {
					"ignored": "(not $is_first)",
					"type": "image",

					"texture": "textures/ui/white_background",
					"color": "@hud_panel_elytra.color_anim_0",
					"$start_wait_time|default": "$time",
					"keep_ratio": false,

					"size": [ "100%sm + 6px", 2 ],
					"offset": [ 0, -2 ],
					"anchor_from": "top_right",
					"anchor_to": "top_right",

					"disable_anim_fast_forward": true }
			}, {	"label": {
					"type": "label",

					"text": "$item",
					"text_alignment": "right",
					"font_type": "smooth",

					"size": [ "default", "default" ],
					"offset": [ -4, 0 ],
					"anchor_from": "right_middle",
					"anchor_to": "right_middle",

					"layer": 2 }
			}, {	"bg": {
					"type": "image",

					"texture": "textures/ui/white_background",
					"color": "black",
					"alpha": 0.5,
					"keep_ratio": false,

					"size": [ "100%sm + 4px", "100%" ],
					"offset": [ -2, 0 ],
					"anchor_from": "top_right",
					"anchor_to": "top_right",

					"layer": 1 }
			}
		] },

	"color_anim_onstart": {
		"anim_type": "color",
		"duration": "$start_wait_time",
		"from": [ 0.0, 0.0, 0.0 ],
		"to": [ 0.0, 0.0, 0.0 ],
		"next": "@hud_panel_elytra.color_anim_0" },

	"color_anim_0": {
		"anim_type": "color",
		"duration": 1,
		"from": [ 0.0, 0.8, 1.0 ],
		"to": [ 0.8, 0.0, 1.0 ],
		"next": "@hud_panel_elytra.color_anim_1" },

	"color_anim_1": {
		"anim_type": "color",
		"duration": 1,
		"from": [ 0.8, 0.0, 1.0 ],
		"to": [ 0.0, 0.8, 1.0 ],
		"next": "@hud_panel_elytra.color_anim_0" },

	"array_list_item_divider": {
		"type": "panel",
		"size": [ "100%", 12 ],
		"controls": [
			{	"divider": {
					"type": "image",
					"texture": "textures/ui/white_background",
					"color": "@hud_panel_elytra.color_anim_onstart",
					"$start_wait_time|default": "$time",
					"fill": true,
					"size": [ 2, "100%" ],
					"offset": [ 0, 0 ],
					"anchor_from": "top_right",
					"anchor_to": "top_right",
					"disable_anim_fast_forward": true }
			}
		] },

	"array_list_panel": {
		"type": "stack_panel",
		"orientation": "vertical",
		"size": [ "100%", "100%c + 2px" ],
		"anchor_from": "top_right",
		"anchor_to": "top_right",
		"controls": [
			{	"ui_version@hud_panel_elytra.array_list_item": {
					"$is_first": true,
					"$visible_toggle": "",
					"$item": "$elytra_ui_label" }
			}, {	"inventory_capacity@hud_panel_elytra.array_list_item": {
					"$visible_toggle": "inventory_capacity_toggle",
					"$item": "InvCapacity" }
			}, {	"waterMark@hud_panel_elytra.array_list_item": {
					"$visible_toggle": "watermark_toggle",
					"$item": "WaterMark" }
			}, {	"noVignette@hud_panel_elytra.array_list_item": {
					"$visible_toggle": "vignette_toggle",
					"$reverse": true,
					"$item": "NoVignette" }
			}, {	"inventory_display@hud_panel_elytra.array_list_item": {
					"$visible_toggle": "inventory_display_toggle",
					"$item": "InvDisplay" }
			}, {	"indicator_item@hud_panel_elytra.array_list_item": {
					"$visible_toggle": "indicator_item_toggle",
					"$item": "Indicator" }
			}, {	"arrayList@hud_panel_elytra.array_list_item": {
					"$visible_toggle": "arrayList_toggle",
					"$item": "ArrayList" }
			}, {	"item_name@hud_panel_elytra.array_list_item": {
					"$visible_toggle": "item_name_toggle",
					"$item": "ItemInfo" }
			}, {	"player_pos@hud_panel_elytra.array_list_item": {
					"$visible_toggle": "player_pos_toggle",
					"$item": "Position" }
			}, {	"overlay@hud_panel_elytra.array_list_item": {
					"$visible_toggle": "overlay_toggle",
					"$item": "Overlay" }
			}, {	"hotbar@hud_panel_elytra.array_list_item": {
					"$visible_toggle": "",
					"$item": "Hotbar" }
			}, {	"chat_display@hud_panel_elytra.array_list_item": {
					"$visible_toggle": "chat_display_toggle",
					"$item": "Chat" }
			}, {	"player_display@hud_panel_elytra.array_list_item": {
					"$visible_toggle": "player_display_toggle",
					"$item": "List" }
			}
		] },

	"array_list_divider_panel": {
		"type": "stack_panel",
		"orientation": "vertical",
		"size": [ "100%", "100%" ],
		"anchor_from": "top_left",
		"anchor_to": "top_left",
		"clips_children": true,
		"controls": [
			{ "0@hud_panel_elytra.array_list_item_divider": { "$start_wait_time": 0.0 } },
			{ "1@hud_panel_elytra.array_list_item_divider": { "$start_wait_time": 0.1 } },
			{ "2@hud_panel_elytra.array_list_item_divider": { "$start_wait_time": 0.2 } },
			{ "3@hud_panel_elytra.array_list_item_divider": { "$start_wait_time": 0.3 } },
			{ "4@hud_panel_elytra.array_list_item_divider": { "$start_wait_time": 0.4 } },
			{ "5@hud_panel_elytra.array_list_item_divider": { "$start_wait_time": 0.5 } },
			{ "6@hud_panel_elytra.array_list_item_divider": { "$start_wait_time": 0.6 } },
			{ "7@hud_panel_elytra.array_list_item_divider": { "$start_wait_time": 0.7 } },
			{ "8@hud_panel_elytra.array_list_item_divider": { "$start_wait_time": 0.8 } },
			{ "9@hud_panel_elytra.array_list_item_divider": { "$start_wait_time": 0.9 } },
			{ "10@hud_panel_elytra.array_list_item_divider": { "$start_wait_time": 1.0 } },
			{ "11@hud_panel_elytra.array_list_item_divider": { "$start_wait_time": 1.1 } },
			{ "12@hud_panel_elytra.array_list_item_divider": { "$start_wait_time": 1.2 } },
			{ "13@hud_panel_elytra.array_list_item_divider": { "$start_wait_time": 1.3 } },
			{ "14@hud_panel_elytra.array_list_item_divider": { "$start_wait_time": 1.4 } },
			{ "15@hud_panel_elytra.array_list_item_divider": { "$start_wait_time": 1.5 } },
			{ "16@hud_panel_elytra.array_list_item_divider": { "$start_wait_time": 1.6 } },
			{ "17@hud_panel_elytra.array_list_item_divider": { "$start_wait_time": 1.7 } },
			{ "18@hud_panel_elytra.array_list_item_divider": { "$start_wait_time": 1.8 } },
			{ "19@hud_panel_elytra.array_list_item_divider": { "$start_wait_time": 1.9 } }
		] },

	"array_list": {
		"type": "panel",
		"size": [ 192, "100%cm" ],
		"offset": [ 0, 2 ],
		"anchor_from": "top_right",
		"anchor_to": "top_right",
		"bindings": [
			{	"binding_type": "view",
				"source_control_name": "arrayList_toggle",
				"source_property_name": "#toggle_state",
				"target_property_name": "#visible" }
		],
		"controls": [
			{ "array_list_panel@hud_panel_elytra.array_list_panel": { } },
			{	"divider_panel": {
					"type": "panel",

					"size": [ "100%", "100%sm - 2px" ],
					"offset": [ 0, 0 ],
					"anchor_from": "top_right",
					"anchor_to": "top_right",

					"controls": [
						{ "array_list_divider_panel@hud_panel_elytra.array_list_divider_panel": { } }
					] }
			}
		] },

	"panel_entrance_animation_v2_base": {
		"anim_type": "offset",
		"easing": "out_cubic",
		"duration": 0.5,
		"from": [ 0, "50%" ],
		"to": [ 0, 0 ],
		"end_event": "screen.entrance_end" },

	"panel_entrance_animation_v2_container_base": {
		"anim_type": "offset",
		"easing": "out_cubic",
		"duration": 0.5,
		"from": [ 0, "-100%" ],
		"to": [ 0, 0 ],
		"end_event": "screen.entrance_end" },

	"panel_control_item_content": {
		"type": "panel",
		"size": [ "100%", "100%" ],
		"$is_hover_state|default": false,
		"controls": [
			{	"hover_border": {
					"ignored": "(not $is_hover_state)",
					"type": "image",
					"texture": "textures/ui/focus_border_white",
					"layer": 1 }
			}, {	"hover_divider": {
					"ignored": "(not $is_hover_state)",
					"type": "image",
					"texture": "textures/ui/white_background",
					"keep_ratio": false,
					"size": [ 1, "100%" ],
					"offset": [ 49, 0 ],
					"anchor_from": "left_middle",
					"anchor_to": "left_middle",
					"layer": 1 }
			}, {	"toggle_texture": {
					"type": "image",
					"texture": "$toggle_texture",
					"size": [ 60, 32 ],
					"offset": [ -8, 0 ],
					"anchor_from": "right_middle",
					"anchor_to": "right_middle",
					"layer": 2 }
			}, {	"icon_texture": {
					"type": "image",
					"texture": "$icon_texture",
					"size": [ 48, 48 ],
					"offset": [ 1, 0 ],
					"anchor_from": "left_middle",
					"anchor_to": "left_middle",
					"layer": 2 }
			}, {	"option_text_label": {
					"type": "label",
					"text": "$option_text",
					"font_scale_factor": 2.0,
					"size": [ "100% - 100px", "default" ],
					"offset": [ 54, 0 ],
					"anchor_from": "left_middle",
					"anchor_to": "left_middle",
					"layer": 2 }
			}
		] },

	"panel_control_item_unchecked_state@hud_panel_elytra.panel_control_item_content": {
		"$toggle_texture": "textures/ui/toggle_off",
		"$is_hover_state": false },

	"panel_control_item_checked_state@hud_panel_elytra.panel_control_item_content": {
		"$toggle_texture": "textures/ui/toggle_on",
		"$is_hover_state": false },

	"panel_control_item_unchecked_hover_state@hud_panel_elytra.panel_control_item_content": {
		"$toggle_texture": "textures/ui/toggle_off_hover",
		"$is_hover_state": true },

	"panel_control_item_checked_hover_state@hud_panel_elytra.panel_control_item_content": {
		"$toggle_texture": "textures/ui/toggle_on_hover",
		"$is_hover_state": true },

	"panel_control_item_v2_to_checked_banner_animation": {
		"anim_type": "color",
		"easing": "out_cubic",
		"duration": 0.5,
		"from": "$accent_color",
		"to": [ 0.6, 0.6, 0.6 ] },

	"panel_control_item_v2_to_unchecked_banner_animation": {
		"anim_type": "color",
		"easing": "out_cubic",
		"duration": 0.5,
		"to": "$accent_color",
		"from": [ 0.6, 0.6, 0.6 ] },

	"panel_control_item_v2_to_checked_banner_animation_v2": {
		"anim_type": "offset",
		"easing": "out_cubic",
		"duration": 0.5,
		"from": [ 0, 16 ],
		"to": [ 0, 0 ] },

	"panel_control_item_v2_to_unchecked_banner_animation_v2": {
		"anim_type": "offset",
		"easing": "out_cubic",
		"duration": 0.5,
		"from": [ 0, 16 ],
		"to": [ 0, 0 ] },

	"panel_control_item_v2_content": {
		"type": "panel",
		"size": [ "100%", "100%" ],
		"$is_checked|default": false,
		"$is_hover_state|default": false,

		"$to_off_id|default": "('button.' + $option_text + '.off')",
		"$to_on_id|default": "('button.' + $option_text + '.on')",

		"propagate_alpha": true,

		"controls": [
			{	"hover_border": {
					"ignored": "(not $is_hover_state)",
					"type": "image",
					"texture": "textures/ui/selector_button_borderless_lighthover",
					"layer": 1 }
			}, {	"banners": {
					"type": "panel",

					"size": [ "100% - 2px", 16 ],
					"offset": [ 0, -1 ],
					"anchor_from": "bottom_middle",
					"anchor_to": "bottom_middle",

					"clips_children": true,
					"layer": 1,

					"controls": [
						{	"unchecked_banner": {
								"ignored": "$is_checked",
								"type": "image",
								"texture": "textures/ui/White",
								"color": [ 0.6, 0.6, 0.6 ],
								"size": [ "100%", "100%" ],
								"offset": [ 0, 0 ],
								"anchor_from": "top_left",
								"anchor_to": "top_left",

								"anims": [ "@hud_panel_elytra.panel_control_item_v2_to_checked_banner_animation_v2" ],
								"animation_reset_name": "$to_off_id",

								"layer": 2,
								"controls": [
									{	"recovery": {
											"type": "image",
											"texture": "textures/ui/White",
											"color": "$accent_color",
											"size": [ "100%", "100%" ],
											"offset": [ 0, 0 ],
											"anchor_from": "top_left",
											"anchor_to": "bottom_left",
											"layer": 0,
											"controls": [
												{	"state_text_label": {
														"type": "label",
														"text": "$state_tag",
														"size": [ "default", "default" ],
														"offset": [ 0, 0 ],
														"anchor_from": "center",
														"anchor_to": "center",
														"layer": 1 }
												}
											] }
									}, {	"state_text_label": {
											"type": "label",
											"text": "$state_tag",
											"size": [ "default", "default" ],
											"offset": [ 0, 0 ],
											"anchor_from": "center",
											"anchor_to": "center",
											"layer": 1 }
									}
								] }
						}, {	"checked_banner": {
								"ignored": "(not $is_checked)",
								"type": "image",
								"texture": "textures/ui/White",
								"color": "$accent_color",
								"size": [ "100%", "100%" ],
								"offset": [ 0, 0 ],
								"anchor_from": "top_left",
								"anchor_to": "top_left",

								"anims": [ "@hud_panel_elytra.panel_control_item_v2_to_unchecked_banner_animation_v2" ],
								"animation_reset_name": "$to_on_id",

								"layer": 2,
								"controls": [
									{	"recovery": {
											"type": "image",
											"texture": "textures/ui/White",
											"color": [ 0.6, 0.6, 0.6 ],
											"size": [ "100%", "100%" ],
											"offset": [ 0, 0 ],
											"anchor_from": "top_left",
											"anchor_to": "bottom_left",
											"layer": 0,
											"controls": [
												{	"state_text_label": {
														"type": "label",
														"text": "$state_tag",
														"size": [ "default", "default" ],
														"offset": [ 0, 0 ],
														"anchor_from": "center",
														"anchor_to": "center",
														"layer": 1 }
												}
											] }
									}, {	"state_text_label": {
											"type": "label",
											"text": "$state_tag",
											"size": [ "default", "default" ],
											"offset": [ 0, 0 ],
											"anchor_from": "center",
											"anchor_to": "center",
											"layer": 1 }
									}
								] }
						}
					] }
			}, {	"hover_border_icon": {
					"ignored": "(not $is_hover_state)",
					"type": "image",
					"texture": "textures/ui/focus_border_white",
					"alpha": 0.5,
					"size": [ 50, 50 ],
					"offset": [ 0, 0 ],
					"anchor_from": "top_middle",
					"anchor_to": "top_middle",
					"layer": 2 }
			}, {	"icon_texture": {
					"type": "image",
					"texture": "$icon_texture",
					"size": [ 48, 48 ],
					"offset": [ 0, 1 ],
					"anchor_from": "top_middle",
					"anchor_to": "top_middle",
					"layer": 3 }
			}, {	"option_text_label": {
					"type": "label",
					"text": "$option_text",
					"size": [ "default", "default" ],
					"offset": [ 0, 52 ],
					"anchor_from": "top_middle",
					"anchor_to": "top_middle",
					"layer": 2 }
			}, {	"click_listener": {
					"type": "button",

					"consume_hover_events": false,
					"layer": 10,

					"button_mappings": [
						{	"ignored": "(not $is_checked)",
							"from_button_id": "button.menu_select",
							"to_button_id": "$to_off_id",
							"mapping_type": "focused",
							"consume_event": false },
						{	"ignored": "$is_checked",
							"from_button_id": "button.menu_select",
							"to_button_id": "$to_on_id",
							"mapping_type": "focused",
							"consume_event": false }
					] }
			}
		] },

	"panel_control_item_v2_unchecked_state@hud_panel_elytra.panel_control_item_v2_content": {
		"$is_checked": false,
		"$toggle_texture": "textures/ui/toggle_off",
		"$state_tag": "eui.p.v2.stateUnchecked",
		"$is_hover_state": false },

	"panel_control_item_v2_checked_state@hud_panel_elytra.panel_control_item_v2_content": {
		"$is_checked": true,
		"$toggle_texture": "textures/ui/toggle_on",
		"$state_tag": "eui.p.v2.stateChecked",
		"$is_hover_state": false },

	"panel_control_item_v2_unchecked_hover_state@hud_panel_elytra.panel_control_item_v2_content": {
		"$is_checked": false,
		"$toggle_texture": "textures/ui/toggle_off_hover",
		"$state_tag": "eui.p.v2.stateUnchecked",
		"$is_hover_state": true },

	"panel_control_item_v2_checked_hover_state@hud_panel_elytra.panel_control_item_v2_content": {
		"$is_checked": true,
		"$state_tag": "eui.p.v2.stateChecked",
		"$is_hover_state": true },

	"panel_control_item_v2_unchecked_locked_state@hud_panel_elytra.panel_control_item_v2_unchecked_state": {
		"alpha": 0.5 },

	"panel_control_item_v2_checked_locked_state@hud_panel_elytra.panel_control_item_v2_checked_state": {
		"alpha": 0.5 },

	"panel_control_item_v2_unchecked_locked_hover_state@hud_panel_elytra.panel_control_item_v2_unchecked_hover_state": {
		"alpha": 0.5 },

	"panel_control_item_v2_checked_locked_hover_state@hud_panel_elytra.panel_control_item_v2_checked_hover_state": {
		"alpha": 0.5 },

	"panel_control_item_v2_stack": {
		"type": "stack_panel",
		"size": [ "100%", 80 ],
		"orientation": "horizontal" },

	"extend_dialog": {
		"type": "input_panel",
		"modal": true,

		"$option_view_content|default": "@common.empty_panel",

		"bindings": [
			{	"binding_type": "view",
				"source_control_name": "$settings_name",
				"source_property_name": "#toggle_state",
				"target_property_name": "#visible" }
		],

		"layer": 500,
		"controls": [
			{ "dialog_fade@common.fade_background": { "layer": 1 } },
			{	"dialog_toggle@common.toggle" :{
		"layer": 3,
		
		"$radio_toggle_group": true,
		"$toggle_name": "$settings_name",
		"$toggle_group_forced_index": 0,

						"toggle_default_state": true,

		"checked_control": "none",
		"unchecked_control": "none",
		"checked_hover_control": "none",
		"unchecked_hover_control": "none",
		"checked_locked_control": "",
		"unchecked_locked_control": "",
		"checked_locked_hover_control": "",
		"unchecked_locked_hover_control": ""
		

			}
			},
			{ "$option_view_content": { } },

			{	"content_dialog": {
					"type": "input_panel",
					"prevent_touch_input": true,
					"size": [ 240, "100%c" ],
					"max_size": [ "100%", "100%" ],
					"layer": 3,
					"controls": [
						{	"top_divider": {
								"type": "image",
								"texture": "textures/ui/White",
								"anchor_from": "top_left",
								"anchor_to": "top_left",
								"color": "$accent_color",
								"size": [ "100%", 1 ] }
						}, {	"main_stack": {
								"type": "stack_panel",
								"size": [ "100%", "100%c" ],
								"anchor_from": "bottom_left",
								"anchor_to": "bottom_left",
								"layer": 6,
								"orientation": "vertical",
								"$main_stack|default": [ ],
								"controls": "$main_stack" }
						}
					] }
			}
		] },

	"panel_control_item": {
		"type": "panel",
		"size": [ "100%", 50 ],
		"$show_settings|default": false,
		"$settings_name|default": "settings",
		"controls": [
			{ "$name@hud_panel_elytra.panel_control_item_core": { } },
			{	"$settings_name@common_toggles.light_template_toggle": {
					"ignored": "(not $show_settings)",
					"size": [ 38, 38 ],
					"offset": [ -72, 0 ],
					"anchor_from": "right_middle",
					"anchor_to": "right_middle",
					"$default_texture": "elytra_common/option",
					"$hover_texture": "elytra_common/option",
					"$pressed_texture": "elytra_common/option",
					"$pressed_no_hover_texture": "elytra_common/option",
					"$default_border_visible": false,

					"toggle_default_state": false,

					"$radio_toggle_group": true,
					"$toggle_name": "$settings_name",
					"$toggle_group_forced_index": 1,

					"layer": 2 }
			}
		] },

	"panel_control_item_core@common.toggle": {
		"$unchecked_control": "hud_panel_elytra.panel_control_item_unchecked_state",
		"$checked_control": "hud_panel_elytra.panel_control_item_checked_state",
		"$unchecked_hover_control": "hud_panel_elytra.panel_control_item_unchecked_hover_state",
		"$checked_hover_control": "hud_panel_elytra.panel_control_item_checked_hover_state",
		"size": [ "100%", 50 ],
		"$toggle_default_state|default": false,
		"property_bag": {
			"#toggle_state": "$toggle_default_state" } },

	"panel_control_item_v2": {
		"type": "panel",
		"size": [ "fill", 80 ],
		"$show_settings|default": false,
		"$settings_name|default": "settings",
		"controls": [
			{ "$name@hud_panel_elytra.panel_control_item_v2_core": { } },
			{	"$settings_name@common_toggles.light_template_toggle": {
					"ignored": "(not $show_settings)",
					"size": [ 38, 38 ],
					"offset": [ 0, 0 ],
					"anchor_from": "bottom_right",
					"anchor_to": "bottom_right",
					"$default_texture": "elytra_common/option",
					"$hover_texture": "elytra_common/option",
					"$pressed_texture": "elytra_common/option",
					"$pressed_no_hover_texture": "elytra_common/option",
					"$default_border_visible": false,

					"toggle_default_state": false,

					"$radio_toggle_group": true,
					"$toggle_name": "$settings_name",
					"$toggle_group_forced_index": 1,

					"layer": 2 }
			}
		] },

	"panel_control_item_v2_core@common.toggle": {
		"$unchecked_control": "hud_panel_elytra.panel_control_item_v2_unchecked_state",
		"$checked_control": "hud_panel_elytra.panel_control_item_v2_checked_state",
		"$unchecked_hover_control": "hud_panel_elytra.panel_control_item_v2_unchecked_hover_state",
		"$checked_hover_control": "hud_panel_elytra.panel_control_item_v2_checked_hover_state",
		"$unchecked_locked_control": "hud_panel_elytra.panel_control_item_v2_unchecked_locked_state",
		"$checked_locked_control": "hud_panel_elytra.panel_control_item_v2_checked_locked_state",
		"$unchecked_locked_hover_control": "hud_panel_elytra.panel_control_item_v2_unchecked_locked_hover_state",
		"$checked_locked_hover_control": "hud_panel_elytra.panel_control_item_v2_checked_locked_hover_state",
		"size": [ "100%", "100%" ],
		"$toggle_default_state|default": false },

	"panel_options_stack": {
		"type": "stack_panel",
		"size": [ "100% - 4px", "100%c" ],
		"offset": [ 2, 0 ],
		"anchor_from": "top_left",
		"anchor_to": "top_left",
		"orientation": "vertical",
		"controls": [
			{	"top_padding": {
					"type": "panel",
					"size": [ "100%", 2 ] }
			}, {	"chat_display@panel_control_item": {
					"$name": "chat_display_toggle",
					"$show_settings": true,
					"$settings_name": "chat_display_settings",
					"$name_sub": "chat_display_toggle",
					"$icon_texture": "elytra_common/psi_chat",
					"$option_text": "eui.p.chat",
					"$toggle_default_state": true }
			}, {	"overlay@panel_control_item": {
					"$name": "overlay_toggle",
					"$show_settings": true,
					"$settings_name": "overlay_settings",
					"$icon_texture": "elytra_common/psi_overlay",
					"$option_text": "eui.p.overlay",
					"$toggle_default_state": false }
			}, {	"inventory_display@panel_control_item": {
					"$name": "inventory_display_toggle",
					"$icon_texture": "elytra_common/psi_inventory",
					"$option_text": "eui.p.inv",
					"$toggle_default_state": true }
			}, {	"player_display@panel_control_item": {
					"$name": "player_display_toggle",
					"$icon_texture": "",
					"$option_text": "eui.p.ply",
					"$toggle_default_state": true }
			}, {	"player_pos@panel_control_item": {
					"$name": "player_pos_toggle",
					"$icon_texture": "",
					"$option_text": "eui.p.pos",
					"$toggle_default_state": true,
					"bindings": [
						{	"binding_type": "view",
							"source_control_name": "player_position_text",
							"source_property_name": "(not (#player_position_text = ''))",
							"target_property_name": "#visible" }
					] }
			}, {	"iplayer_pos@panel_control_item": {
					"$name": "iplayer_pos_toggle",
					"$icon_texture": "",
					"$option_text": "eui.p.ipos",
					"$toggle_default_state": false }
			}, {	"indicator_item@panel_control_item": {
					"$name": "indicator_item_toggle",
					"$icon_texture": "elytra_common/psi_indicator",
					"$option_text": "eui.p.ind",
					"$toggle_default_state": true }
			}, {	"item_name@panel_control_item": {
					"$name": "item_name_toggle",
					"$icon_texture": "elytra_common/psi_name",
					"$option_text": "eui.p.it",
					"$toggle_default_state": true }
			}, {	"bottoms_padding": {
					"type": "panel",
					"size": [ "100%", 2 ] }
			}
		] },

	"panel_content": {
		"type": "panel",
		"size": [ "100%", "100%c" ],
		"controls": [
			{	"piracy_warning@_ELYTRA_UI_KEY.KEY_STORAGE": {
					"visible": "(not ($KeyStorage_name = 'Elytra UI') or not ($KeyStorage_version = $eui_version_code) or not ($KeyStorage_version_name = $elytra_ui_version_label))",
					"type": "button",

					"size": [ "100%", 24 ],
					"offset": [ 0, 0 ],
					"anchor_from": "top_left",
					"anchor_to": "top_left",

					"prevent_touch_input": true,
					"allow_clipping": false,

					"default_control": "default",
					"hover_control": "hover",
					"pressed_control": "pressed",

					"layer": 6553600,

					"button_mappings": [
						{	"from_button_id": "button.menu_select",
							"to_button_id": "button.menu_select",
							"mapping_type": "pressed",
							"consume_event": false }
					],

					"controls": [
						{	"default": {
								"type": "image",
								"texture": "textures/ui/white_background",
								"color": [ 1.0, 0.2, 0.2 ],
								"keep_ratio": false,
								"size": [ "100%", "100%" ],
								"anchor_from": "top_left",
								"anchor_to": "top_left" }
						}, {	"hover": {
								"type": "image",
								"texture": "textures/ui/white_background",
								"color": [ 1.0, 0.4, 0.4 ],
								"keep_ratio": false,
								"size": [ "100%", "100%" ],
								"anchor_from": "top_left",
								"anchor_to": "top_left",
								"controls": [
									{	"piracy_warning_hover_info": {
											"type": "image",
											"texture": "textures/ui/white_background",

											"color": [ 0.3, 0.3, 0.3 ],
											"keep_ratio": false,
											"layer": 10,

											"size": [ "100%cm", "100%c" ],
											"offset": [ 24, -8 ],
											"anchor_from": "center",
											"anchor_to": "top_left",

											"controls": [
												{	"top_divider": {
														"type": "image",
														"texture": "textures/ui/white_background",
														"keep_ratio": false,
														"size": [ "100%sm", 1 ],
														"offset": [ 0, 0 ],
														"anchor_from": "top_left",
														"anchor_to": "top_left",
														"color": [ 1.0, 0.2, 0.2 ] }
												}, {	"stack_panel": {
														"type": "stack_panel",
														"orientation": "horizontal",
														"size": [ "100%c + 8px", "100%cm + 8px" ],
														"offset": [ 4, 5 ],
														"anchor_from": "top_left",
														"anchor_to": "top_left",
														"layer": 1,
														"controls": [
															{	"left_padding": {
																	"type": "panel",
																	"size": [ 4, "100%sm" ] }
															}, {	"header_text": {
																	"type": "label",
																	"text": "此 Elytra UI 可能是盗版或魔改版! ",
																	"size": [ "default", "default" ],
																	"color": [ 1.0, 0.2, 0.2 ] }
															}
														] }
												}
											] }
									}
								] }
						}, {	"pressed": {
								"type": "image",
								"texture": "textures/ui/white_background",
								"color": [ 1.0, 0.2, 0.2 ],
								"keep_ratio": false,
								"size": [ "100%", "100%" ],
								"anchor_from": "top_left",
								"anchor_to": "top_left" }
						}
					] }
			},
			{ "options_stack@hud_panel_elytra.panel_options_stack_v2": { } },
			{ "crosshair_stack@hud_panel_elytra.crosshair_stack": { } }
		] },

	"sidebar_content_default": {
		"type": "stack_panel",
		"size": [ "100%", "100%c" ],
		"controls": [
			{	"options_tab@common.sidebar_tab_toggle": {
					"$toggle_view_binding_name": "options_toggle",
					"$toggle_ref_binding_name": "options_toggle_verbose",
					"$toggle_label_text": "eui.p.tabOptions",
					"$toggle_icon_texture": "textures/ui/sidebar_icons/settings_icon",
					"$toggle_group_forced_index": 0 }
			}, {	"crosshair_tab@common.sidebar_tab_toggle": {
					"$toggle_view_binding_name": "crosshair_toggle",
					"$toggle_ref_binding_name": "crosshair_toggle_verbose",
					"$toggle_label_text": "eui.p.tabCrosshair",
					"$toggle_icon_texture": "textures/ui/sidebar_icons/new_world",
					"$toggle_group_forced_index": 1 }
			}
		] },

	"sidebar_content_verbose": {
		"type": "stack_panel",
		"size": [ "100%", "100%c" ],
		"controls": [
			{	"options_tab@common.sidebar_tab_toggle": {
					"$toggle_ref_binding_name": "options_toggle",
					"$toggle_view_binding_name": "options_toggle_verbose",
					"$toggle_label_text": "eui.p.tabOptions",
					"$toggle_icon_texture": "textures/ui/sidebar_icons/settings_icon",
					"$toggle_group_forced_index": 0 }
			}, {	"crosshair_tab@common.sidebar_tab_toggle": {
					"$toggle_ref_binding_name": "crosshair_toggle",
					"$toggle_view_binding_name": "crosshair_toggle_verbose",
					"$toggle_label_text": "eui.p.tabCrosshair",
					"$toggle_icon_texture": "textures/ui/sidebar_icons/new_world",
					"$toggle_group_forced_index": 1 }
			}
		] },

	"crosshair_image_item": {
		"type": "image",
		"$crosshair_texture|default": "('textures/crosshair/builtin_' + $index)",
		"texture": "$crosshair_texture",
		"alpha": 1.0,

		"use_anchored_offset": true,
		"size": [ "100%", "100%" ],
		"offset": [ 0, 0 ],
		"anchor_from": "center",
		"anchor_to": "center",

		"property_bag": {
			"#size_binding_x": 1.0,
			"#size_binding_y": 1.0 },

		"bindings": [
			{	"binding_type": "view",
				"source_control_name": "crosshair_alpha_slider",
				"source_property_name": "#slider_value",
				"target_property_name": "#alpha" },
			{	"binding_type": "view",
				"source_control_name": "crosshair_scale_slider",
				"source_property_name": "#slider_value",
				"target_property_name": "#size_binding_x" },
			{	"binding_type": "view",
				"source_control_name": "crosshair_scale_slider",
				"source_property_name": "#slider_value",
				"target_property_name": "#size_binding_y" },
			{	"binding_type": "view",
				"source_control_name": "('crosshair_color_toggle_' + $color_id)",
				"source_property_name": "#toggle_state",
				"target_property_name": "#visible" }
		] },

	"crosshair_item": {
		"type": "panel",

		"size": [ 32, 32 ],

		"bindings": [
			{	"binding_type": "view",
				"source_control_name": "('crosshair_toggle_' + $index)",
				"source_property_name": "#toggle_state",
				"target_property_name": "#visible" }
		],

		"controls": [
			{	"1@hud_panel_elytra.crosshair_image_item": {
					"color": "white",
					"$color_id": 1 }
			}, {	"2@hud_panel_elytra.crosshair_image_item": {
					"color": "black",
					"$color_id": 2 }
			}, {	"3@hud_panel_elytra.crosshair_image_item": {
					"color": "gray",
					"$color_id": 3 }
			}, {	"4@hud_panel_elytra.crosshair_image_item": {
					"color": "@common.color_anim_rgb_0",
					"$color_id": 4 }
			}
		] },

	"crosshair_icon": {
		"type": "panel",
		"size": [ 16, 16 ],
		"anchor_from": "center",
		"anchor_to": "center",
		"controls": [
			{	"icon@hud_panel_elytra.crosshair_image_item": {
					"bindings": [ ] }
			}
		] },

	"crosshair_color_icon": {
		"type": "image",
		"texture": "textures/ui/white_background",
		"color": "$color",
		"size": [ 16, 16 ],
		"anchor_from": "center",
		"anchor_to": "center" },

	"crosshair_toggle@common_toggles.light_ui_toggle": {
		"$default_texture": "textures/ui/selector_button_borderless_light",
		"$hover_texture": "textures/ui/selector_button_borderless_lightpressednohover",
		"$pressed_texture": "textures/ui/selector_button_borderless_lighthover",
		"$pressed_no_hover_texture": "textures/ui/selector_button_borderless_lightpressed",

		"size": [ 24, 24 ],
		"$button_image_size": [ "100%", "100%" ],

		"$button_type_panel": "hud_panel_elytra.crosshair_icon",

		"$toggle_name": "crosshair_toggle",
		"$radio_toggle_group": true,
		"$toggle_group_forced_index": "($index - 1)",
		"$toggle_view_binding_name": "('crosshair_toggle_' + $index)" },

	"crosshair_color_toggle@common_toggles.light_ui_toggle": {
		"$default_texture": "textures/ui/selector_button_borderless_light",
		"$hover_texture": "textures/ui/selector_button_borderless_lightpressednohover",
		"$pressed_texture": "textures/ui/selector_button_borderless_lighthover",
		"$pressed_no_hover_texture": "textures/ui/selector_button_borderless_lightpressed",

		"size": [ 24, 24 ],
		"$button_image_size": [ "100%", "100%" ],

		"$button_type_panel": "hud_panel_elytra.crosshair_color_icon",

		"$toggle_name": "crosshair_color_toggle",
		"$radio_toggle_group": true,
		"$toggle_group_forced_index": "($index - 1)",
		"$toggle_view_binding_name": "('crosshair_color_toggle_' + $index)" },

	"crosshair_render_panel": {
		"type": "panel",
		"size": [ 16, 16 ],
		"offset": [ 0, 0 ],
		"anchor_from": "center",
		"anchor_to": "center",
		"controls": [
			{ "crosshair_1@hud_panel_elytra.crosshair_item": { "$index": 1 } },
			{ "crosshair_2@hud_panel_elytra.crosshair_item": { "$index": 2 } },
			{ "crosshair_3@hud_panel_elytra.crosshair_item": { "$index": 3 } },
			{ "crosshair_4@hud_panel_elytra.crosshair_item": { "$index": 4 } },
			{ "crosshair_5@hud_panel_elytra.crosshair_item": { "$index": 5 } },
			{ "crosshair_6@hud_panel_elytra.crosshair_item": { "$index": 6, "$crosshair_texture": "textures/crosshair/custom" } }
		] },

	"crosshair_stack": {
		"type": "stack_panel",
		"size": [ "100% - 4px", "100%c + 8px" ],
		"offset": [ 2, 0 ],
		"anchor_from": "top_left",
		"anchor_to": "top_left",
		"orientation": "vertical",

		"bindings": [
			{	"binding_type": "view",
				"source_control_name": "crosshair_toggle",
				"source_property_name": "#toggle_state",
				"target_property_name": "#visible" }
		],

		"controls": [
			{	"crosshair_preview_panel": {
					"type": "panel",
					"size": [ 284, 159.75 ],
					"clips_children": true,
					"controls": [
						{ "background@common.background_image_always": { "layer": 10 } },
						{	"crosshair_render_panel@common.button": {
								"layer": 60,
								"controls": [
									{ "default@hud_panel_elytra.crosshair_render_panel": { } },
									{	"hover@hud_panel_elytra.crosshair_render_panel": {
											"type": "input_panel",

											"consume_hover_events": false,
											"follows_cursor": true }
									},
									{ "pressed@hud_panel_elytra.crosshair_render_panel": { } }
								] }
						}
					] }
			}, {	"crosshair_toggle_panel": {
					"type": "stack_panel",
					"orientation": "horizontal",
					"size": [ "100%", 24 ],
					"$toggle_group_default_selected": "$crosshair_default_image",
					"controls": [
						{ "crosshair_1@hud_panel_elytra.crosshair_toggle": { "$index": 1 } },
						{ "crosshair_2@hud_panel_elytra.crosshair_toggle": { "$index": 2 } },
						{ "crosshair_3@hud_panel_elytra.crosshair_toggle": { "$index": 3 } },
						{ "crosshair_4@hud_panel_elytra.crosshair_toggle": { "$index": 4 } },
						{ "crosshair_5@hud_panel_elytra.crosshair_toggle": { "$index": 5 } },
						{ "crosshair_6@hud_panel_elytra.crosshair_toggle": { "$index": 6, "$crosshair_texture": "textures/crosshair/custom" } }
					] }
			}, {	"crosshair_color_toggle_panel": {
					"type": "stack_panel",
					"orientation": "horizontal",
					"size": [ "100%", 24 ],
					"$toggle_group_default_selected": "$crosshair_default_color",
					"controls": [
						{ "crosshair_color_1@hud_panel_elytra.crosshair_color_toggle": { "$color": "white", "$index": 1 } },
						{ "crosshair_color_2@hud_panel_elytra.crosshair_color_toggle": { "$color": "black", "$index": 2 } },
						{ "crosshair_color_3@hud_panel_elytra.crosshair_color_toggle": { "$color": "gray", "$index": 3 } },
						{ "crosshair_color_4@hud_panel_elytra.crosshair_color_toggle": { "$color": "@common.color_anim_rgb_0", "$index": 4 } }

					] }
			}, {	"crosshair_rgb_color@common.hud_toggle_opt": {
					"ignored": true,
					"$option_label": "eui.p.v2.crosshair.rgbColor",
					"$toggle_default_state": true }
			}, {	"alpha_slider@common.hud_slider_opt": {
					"$option_label": "eui.p.v2.crosshair.alpha",
					"$slider_name": "crosshair_alpha_slider",
					"$slider_steps": 1,
					"$slider_value": 1.0 }
			}, {	"scale_slider@common.hud_slider_opt": {
					"$option_label": "eui.p.v2.crosshair.scale",
					"$slider_name": "crosshair_scale_slider",
					"$value_format": "('§_' + (#slider_value / 2))",
					"$slider_steps": 1,
					"$slider_value": 0.5 }
			}
		] },

	"panel_options_stack_v2": {
		"type": "stack_panel",
		"size": [ "100% - 4px", "100%c" ],
		"offset": [ 2, 0 ],
		"anchor_from": "top_left",
		"anchor_to": "top_left",
		"orientation": "vertical",

		"bindings": [
			{	"binding_type": "view",
				"source_control_name": "options_toggle",
				"source_property_name": "#toggle_state",
				"target_property_name": "#visible" }
		],

		"controls": [
			{	"top_padding": {
					"type": "panel",
					"size": [ "100%", 2 ] }
			}, {	"stack_col_1@panel_control_item_v2_stack": {
					"controls": [
						{	"chat_display@panel_control_item_v2": {
								"$name": "chat_display_toggle",
								"$show_settings": true,
								"$settings_name": "chat_display_settings",
								"$name_sub": "chat_display_toggle",
								"$icon_texture": "elytra_common/psi_chat",
								"$option_text": "eui.p.chat",
								"$toggle_default_state": "$chat_display_default_state" }
						}, {	"player_pos@panel_control_item_v2": {
								"$name": "player_pos_toggle",
								"$show_settings": true,
								"$settings_name": "player_pos_settings",
								"$icon_texture": "elytra_common/psi_pos",
								"$option_text": "eui.p.pos",
								"$toggle_default_state": "$player_pos_default_state",
								"bindings": [
									{	"binding_type": "view",
										"source_control_name": "player_position_text",
										"source_property_name": "(not (#player_position_text = ''))",
										"target_property_name": "#enabled" }
								] }
						}, {	"inventory_display@panel_control_item_v2": {
								"$name": "inventory_display_toggle",
								"$show_settings": true,
								"$settings_name": "inventory_display_settings",
								"$icon_texture": "elytra_common/psi_inventory",
								"$option_text": "eui.p.inv",
								"$toggle_default_state": "$inventory_display_default_state" }
						}
					] }
			}, {	"stack_col_2@panel_control_item_v2_stack": {
					"controls": [
						{	"player_display@panel_control_item_v2": {
								"$name": "player_display_toggle",
								"$icon_texture": "elytra_common/psi_players",
								"$option_text": "eui.p.ply",
								"$toggle_default_state": "$player_display_default_state" }
						}, {	"indicator_item@panel_control_item_v2": {
								"$name": "indicator_item_toggle",
								"$icon_texture": "elytra_common/psi_indicator",
								"$option_text": "eui.p.ind",
								"$toggle_default_state": "$indicator_display_default_state" }
						}, {	"item_name@panel_control_item_v2": {
								"$name": "item_name_toggle",
								"$icon_texture": "elytra_common/psi_name",
								"$option_text": "eui.p.it",
								"$toggle_default_state": "$item_name_default_state" }
						}
					] }
			}, {	"stack_col_3@panel_control_item_v2_stack": {
					"controls": [
						{	"overlay@panel_control_item_v2": {
								"$name": "overlay_toggle",
								"$show_settings": true,
								"$settings_name": "overlay_settings",
								"$icon_texture": "elytra_common/psi_overlay",
								"$option_text": "eui.p.overlay",
								"$toggle_default_state": "$overlay_default_state" }
						}, {	"waterMark@panel_control_item_v2": {
								"$name": "watermark_toggle",
								"$icon_texture": "elytra_common/psi_watermark",
								"$option_text": "eui.p.v2.watermark",
								"$toggle_default_state": "$watermark_default_state" }
						}, {	"inventoryCapacity@panel_control_item_v2": {
								"$name": "inventory_capacity_toggle",
								"$icon_texture": "elytra_common/psi_inventory_capacity",
								"$option_text": "eui.p.v2.inventory_capacity",
								"$toggle_default_state": "$inventoryCapacity_default_state" }
						}
					] }
			}, {	"stack_col_4@panel_control_item_v2_stack": {
					"controls": [
						{	"vignette@panel_control_item_v2": {
								"$name": "vignette_toggle",
								"$icon_texture": "elytra_common/psi_vignette",
								"$option_text": "eui.p.v2.vignette",
								"$toggle_default_state": "$vignette_default_state" }
						}, {	"arrayList@panel_control_item_v2": {
								"$name": "arrayList_toggle",
								"$icon_texture": "elytra_common/psi_arrayList",
								"$option_text": "eui.p.v2.arrayList",
								"$toggle_default_state": "$arrayList_default_state" }
						}, {	"chunk_map@panel_control_item_v2": {
								"$name": "chunk_map_toggle",
								"$show_settings": true,
								"$settings_name": "chunk_map_settings",
								"$icon_texture": "elytra_common/psi_chunk_map",
								"$option_text": "eui.p.v2.chunk_map",
								"$toggle_default_state": "$chunk_map_default_state" }
						}
					] }
			}, {	"bottoms_padding": {
					"type": "panel",
					"size": [ "100%", 2 ] }
			}
		] },

	"draggable_selected_state": {
		"type": "image",
		"texture": "textures/ui/focus_border_white",
		"size": [ "100%", "100%" ],
		"offset": [ 0, 0 ],
		"anchor_from": "top_left",
		"anchor_to": "top_left",
		"allow_clipping": false,
		"layer": 50 },

	"draggable_actived_state": {
		"type": "image",
		"texture": "textures/ui/white_background",
		"alpha": 0.5,
		"fill": true,
		"size": [ "100%", "100%" ],
		"offset": [ 0, 0 ],
		"anchor_from": "top_left",
		"anchor_to": "top_left",
		"allow_clipping": false,
		"layer": -50,
		"bindings": [
			{	"binding_type": "view",
				"source_control_name": "drag_toggle",
				"source_property_name": "#toggle_state",
				"target_property_name": "#visible" }
		] },

	"draggable_control": {
		"type": "button",
		"draggable": "both",

		"default_control": "default",
		"hover_control": "hover",
		"pressed_control": "pressed",
		"locked_control": "locked",

		"clips_children": false,
		"layer": 10,

		"button_mappings": [
			{	"from_button_id": "button.menu_select",
				"to_button_id": "button.menu_select",
				"mapping_type": "pressed" }
		] },

	"hud_inventory_grid_item": {
		"type": "panel",
		"size": [ 16, 16 ],
		"$stack_count_required|default": true,
		"$durability_bar_required|default": true,
		"$storage_bar_required|default": true,
		"controls": [
			{	"item_icon@hud.hotbar_hud_item_icon": {
					"layer": 3,
					"size": [ 16, 16 ],
					"bindings": [
						{	"binding_type": "collection_details",
							"binding_collection_name": "$item_collection_name" },
						{	"binding_name": "#item_id_aux",
							"binding_type": "collection",
							"binding_collection_name": "$item_collection_name",
							"binding_condition": "$item_renderer_binding_condition" },
						{	"binding_name": "#charged_item",
							"binding_type": "collection",
							"binding_collection_name": "$item_collection_name",
							"binding_condition": "$item_renderer_binding_condition" },
						{	"binding_name": "#item_custom_color",
							"binding_type": "collection",
							"binding_collection_name": "$item_collection_name",
							"binding_condition": "$item_renderer_binding_condition" },
						{	"binding_name": "#item_pickup_time",
							"binding_type": "collection",
							"binding_collection_name": "$item_collection_name",
							"binding_condition": "$item_renderer_binding_condition" },
						{	"binding_name": "#show_item_pickup",
							"binding_type": "collection",
							"binding_collection_name": "$item_collection_name",
							"binding_condition": "$item_renderer_binding_condition" },
						{	"binding_name": "#armor_trim_material",
							"binding_type": "collection",
							"binding_collection_name": "$item_collection_name",
							"binding_condition": "$item_renderer_binding_condition" },
						{	"binding_name": "#banner_patterns",
							"binding_condition": "visible",
							"binding_type": "collection",
							"binding_collection_name": "$item_collection_name" },
						{	"binding_name": "#banner_colors",
							"binding_condition": "visible",
							"binding_type": "collection",
							"binding_collection_name": "$item_collection_name" },
						{	"binding_name": "#banner_type",
							"binding_condition": "visible",
							"binding_type": "collection",
							"binding_collection_name": "$item_collection_name" },
						{	"binding_name": "#decorated_pot_sherds",
							"binding_condition": "visible",
							"binding_type": "collection",
							"binding_collection_name": "$item_collection_name" },
						{	"binding_type": "collection",
							"binding_name": "#show_item",
							"binding_name_override": "#visible",
							"binding_collection_name": "$item_collection_name",
							"binding_condition": "$item_renderer_binding_condition" },
						{	"binding_name": "#inactive_item",
							"binding_type": "collection",
							"binding_collection_name": "$item_collection_name",
							"binding_name_override": "#disabled_filter_visible",
							"binding_condition": "$item_renderer_binding_condition" },
						{	"binding_name": "#shield_is_active",
							"binding_type": "collection",
							"binding_collection_name": "$item_collection_name" },
						{	"binding_name": "#shield_base_color",
							"binding_type": "collection",
							"binding_collection_name": "$item_collection_name" },
						{	"binding_name": "#shield_base_color_hovered",
							"binding_type": "collection",
							"binding_collection_name": "$item_collection_name" },
						{	"binding_name": "#item_lodestone_tracking_handle",
							"binding_condition": "visible",
							"binding_type": "collection",
							"binding_collection_name": "$item_collection_name" },
						{	"binding_name": "#group_item_group_name",
							"binding_condition": "visible",
							"binding_type": "collection",
							"binding_collection_name": "$item_collection_name" },
						{	"binding_name": "#fade_in_icon_time_seconds",
							"binding_condition": "visible",
							"binding_type": "collection",
							"binding_collection_name": "$item_collection_name" }
					] }
			}, {	"item_count@common.stack_count_label": {
					"layer": 4,
					"$item_collection_name": "$hotbar_collection_name",
					"$stack_count_collection_name": "$hotbar_collection_name" }
			}, {	"item_dura@hud.item_durability": {
					"layer": 5 }
			}, {	"item_store@hud.item_storage": {
					"layer": 5 }
			}
		] },

	"options_search_text_edit@common.text_edit_box": {
		"$text_edit_text_control": "options_search_text_edit_text_control",
		"$place_holder_text": "settings.searchTextBox.placeHolderText",
		"$text_clear_button_enabled": false,
		"$magnifying_glass_enabled": false,
		"constrain_to_rect": true,
		"selected": false,
		"can_be_deselected": true,
		"size": [ 120, 16 ],
		"offset": [ -7, 4 ],
		"anchor_from": "top_right",
		"anchor_to": "top_right",
		"layer": 2 },

	"panel": {
		"type": "panel",
		"offset": "@hud_panel_elytra.panel_entrance_animation_v2_container_base",
		"animation_reset_name": "button.menu_panel_entrance",
		"disable_anim_fast_foward": true,
		"clips_children": true,
		"layer": 500,
		"controls": [
			{	"main_Panel": {
					"ignored": true,
					"type": "panel",
					"size": [ 320, 185 ],
					"controls": [
						{	"common_panel@common.common_panel": {
								"$show_close_button": false,
								"$dialog_background": "dialog_background_hollow_3" }
						// }, { "options_search_text_edit@hud_panel_elytra.options_search_text_edit": { }
						}, {	"content@common.scrolling_panel": {
								"size": [ "100% - 16px", "100% - 31px" ],
								"offset": [ 8, 23 ],
								"anchor_from": "top_left",
								"anchor_to": "top_left",
								"$scrolling_content": "hud_panel_elytra.panel_options_stack",
								"$show_background": false,
								"$default_sidebar_content": "conmon.empty_panel",
								"$verbose_sidebar_content": "conmon.empty_panel",
								"$sidebar_button_pressed_button_name": "button.menu_exit",
								"$sidebar_button_button_text": "button.menu_exit" }
						}
					] }
			}, {	"main_Panel_euixV2": {
					"type": "panel",
					"size": [ 318, 267 ],
					"max_size": [ "100%", "100%" ],
					"offset": "@hud_panel_elytra.panel_entrance_animation_v2_base",
					"animation_reset_name": "button.menu_panel_entrance",
					"disable_anim_fast_foward": true,
					"controls": [
						{	"common_panel@common.common_panel": {
								"$show_close_button": false,
								"$dialog_background": "dialog_background_hollow_3" }
						}, {	"title_text": {
								"type": "label",
								"text": "eui.p",
								"color": "$text_color",
								"size": [ "100% - 27px", "default" ],
								"offset": [ 4, 6.5 ],
								"anchor_from": "top_left",
								"anchor_to": "top_left",

								"layer": 7 }
						// }, { "options_search_text_edit@hud_panel_elytra.options_search_text_edit": { }
						}, {	"content@common.sidebar_view": {
								"size": "$dialog_content_size",
								"offset": "$dialog_content_offset",
								"anchor_from": "top_left",
								"anchor_to": "top_left",
								"$large_screen": false,
								"$screen_main_panel_ref": "@common.scrolling_panel",
								"$scrolling_content": "hud_panel_elytra.panel_content",
								"$touch_control": true,
								"$show_background": false,
								"$default_sidebar_content": "hud_panel_elytra.sidebar_content_default",
								"$verbose_sidebar_content": "hud_panel_elytra.sidebar_content_verbose" }
						}
					] }
			}, {	"chat_display_settings_dialog@hud_panel_elytra.extend_dialog": {
					"$settings_name": "chat_display_settings",
					"$option_view_content": "@hud_panel_elytra.chat_viewer_control",
					"$main_stack": [
						{	"chat_kan_toggle@common.hud_toggle_opt": {
								"$option_label": "r.koaimoshi" }
						}, {	"bgalpha_slider@common.hud_slider_opt": {
								"$option_label": "eui.p.v2.chat.alpha",
								"$slider_name": "chat_alpha_slider",
								"$slider_steps": 1,
								"$slider_value": 0.5 }
						}, {	"size_slider@common.hud_slider_opt": {
								"$option_label": "eui.p.v2.chat.width",
								"$slider_name": "chat_width_slider",
								"$slider_steps": 1,
								"$slider_value": 0.4 }
						}, {	"bg_stack@settings_common.option_dropdown": {
								"$option_label": "eui.p.v2.chat.background",
								"$control_name": "dropdown_stack_panel",
								"$main_stack": [
									{	"chat_background_solid@dropdown_content_item": {
											"$toggle_name": "chat_background_toggles",
											"$toggle_group_forced_index": 0,
											"$button_text": "eui.p.v2.chat.background.solid" }
									}, { "@dropdown_content_padding": { }
									}, {	"chat_background_gradient@dropdown_content_item": {
											"$toggle_name": "chat_background_toggles",
											"$toggle_group_forced_index": 1,
											"$button_text": "eui.p.v2.chat.background.gradient" }
									}
								] }
						}
					] }
			}, {	"player_pos_settings_dialog@hud_panel_elytra.extend_dialog": {
					"$settings_name": "player_pos_settings",
					"$main_stack": [
						{	"iplayer_pos_toggle@common.hud_toggle_opt": {
								"$option_label": "文本覆盖" }
						}, {	"verbose_pos_toggle@common.hud_toggle_opt": {
								"$option_label": "Verbose Position" }
						}, {	"bgalpha_slider@settings_common.option_text_edit": {
								"$option_label": "eui.p.v2.pos.alpha",
								"$slider_name": "chat_alpha_slider",
								"$text_edit_text_control": "iplayet_pos_text_name" }
						}
					] }
			}, {	"inventory_display_settings_dialog@hud_panel_elytra.extend_dialog": {
					"$settings_name": "inventory_display_settings",
					"$main_stack": [
						{	"alpha_slider@common.hud_slider_opt": {
								"enabled": false,
								"$option_label": "eui.p.v2.inv.alpha",
								"$slider_name": "inventory_display_alpha_slider",
								"$slider_steps": 1,
								"$slider_value": 1.0 }
						}
					] }
			}, {	"overlay_settings_dialog@hud_panel_elytra.extend_dialog": {
					"$settings_name": "overlay_settings",
					"$main_stack": [
						{	"alpha_slider@common.hud_slider_opt": {
								"$option_label": "eui.p.v2.overlay.alpha",
								"$slider_name": "overlay_alpha_slider",
								"$slider_steps": 1,
								"$slider_value": 0.15 }
						}
					] }
			}, {	"chunk_map_settings_dialog@hud_panel_elytra.extend_dialog": {
					"$settings_name": "chunk_map_settings",
					"$main_stack": [
						{	"size_slider@common.hud_slider_opt": {
								"$option_label": "eui.p.v2.chunk_map.size",
								"$slider_name": "chunk_map_size_slider",
								"$slider_steps": 9,
								"$slider_value": 4 }
						}
					] }
			}
		] },

	"chat_viewer_control": {
		"type": "panel",

		"size": [ "100%", "100%c" ],
		"offset": [ 0, -48 ],
		"anchor_from": "bottom_left",
		"anchor_to": "bottom_left",

		"layer": 10,

		"controls": [
			{	"chat_grid_item_core@hud.chat_grid_item_core": {
					"$chat_label": "文本样式预览",
					"$chat_label_k": "文本样式预览喵~" }

			}
		] },

	"online_player_item": {
		"type": "panel",
		"size": [ "25%", 8 ],
		"anchor_from": "top_middle",
		"anchor_to": "top_middle",
		"controls": [
			{	"this_background": {
					"type": "image",
					"texture": "textures/ui/white_background",
					"fill": true,
					"color": "black",
					"alpha": 0.5,

					"size": [ "400%", "100%" ],
					"offset": [ 0, 0 ],
					"anchor_from": "top_left",
					"anchor_to": "top_left",

					"layer": 1 }
			}, {	"player_avator": {
					"type": "image",
					"size": [ 6, 6 ],
					"offset": [ 1, 0 ],
					"anchor_from": "left_middle",
					"anchor_to": "left_middle",
					"texture": "#texture",
					"texture_file_system": "#texture_source",
					"layer": 2,
					"bindings": [
						{	"binding_collection_name": "players_collection",
							"binding_name": "#texture",
							"binding_type": "collection" },
						{	"binding_collection_name": "players_collection",
							"binding_name": "#texture_source",
							"binding_name_override": "#texture_file_system",
							"binding_type": "collection" }
					] }
			}, {	"player_tag": {
					"type": "label",
					"text": "#gamertag",
					"font_scale_factor": 0.5,
					"size": [ "400% - 10px", "default" ],
					"offset": [ 9, 0 ],
					"anchor_from": "left_middle",
					"anchor_to": "left_middle",
					"layer": 2,
					"bindings": [
						{	"binding_collection_name": "players_collection",
							"binding_name": "#gamertag",
							"binding_type": "collection" },
						{	"binding_type": "view",
							"source_property_name": "(not (#gamertag = 'qiqi10242284'))",
							"target_property_name": "#visible" }
					] }
			}, {	"player_tag_accent": {
					"type": "label",
					"text": "#gamertag",
					"font_scale_factor": 0.5,
					"color": "$accent_color",
					"size": [ "400% - 10px", "default" ],
					"offset": [ 9, 0 ],
					"anchor_from": "left_middle",
					"anchor_to": "left_middle",
					"layer": 1,
					"bindings": [
						{	"binding_collection_name": "players_collection",
							"binding_name": "#gamertag",
							"binding_type": "collection" },
						{	"binding_type": "view",
							"source_property_name": "(#gamertag = 'qiqi10242284')",
							"target_property_name": "#visible" }
					] }
			}, {	"elytra_icon": {
					"type": "image",
					"texture": "elytra_common/outline_icon",
					"color": "$accent_color",
					"keep_ratio": true,
					"offset": [ "400% - 8px", 0 ],
					"size": [ 8, 8 ],
					"anchor_from": "top_left",
					"anchor_to": "top_left",
					"layer": 25,
					"visible": false,
					"bindings": [
						{	"binding_collection_name": "players_collection",
							"binding_name": "#gamertag",
							"binding_type": "collection" },
						{	"binding_type": "view",
							"source_property_name": "(#gamertag = 'qiqi10242284')",
							"target_property_name": "#visible" }
					] }
			}
		] },

	"panel_with_toggle": {
		"type": "panel",
		"controls": [
			{	"panel": {
					"type": "panel",
					"offset": "@hud_panel_elytra.panel_entrance_animation_v2_base",
					"animation_reset_name": "button.menu_panel_entrance",
					"disable_anim_fast_foward": true,
					"clips_children": true,
					"layer": 80,
					"controls": [
						{ "panel_control@panel": { } } 
					],
					"bindings": [
						{	"binding_type": "view",
							"source_control_name": "panel_toggle",
							"source_property_name": "#toggle_state",
							"target_property_name": "#visible" }
					] }
			}, {	"root_panel@hud.root_panel": { }
			}, {	"panel_toggle@common.toggle": {
					"size": [ 20, 20 ],
					"offset": [ 20, -20 ],
					"anchor_from": "bottom_left",
					"anchor_to": "bottom_left",
					"layer": 90,
					"button_mappings": [
						{	"from_button_id": "button.menu_select",
							"to_button_id": "button.menu_panel_entrance",
							"mapping_type": "double_pressed" }
					],
					"bindings": [
						{	"binding_type": "view",
							"source_control_name": "drag_toggle",
							"source_property_name": "(not #toggle_state)",
							"target_property_name": "#enabled" },
						{	"binding_type": "view",
							"source_control_name": "panel_toggle_rv",
							"source_property_name": "#toggle_state",
							"target_property_name": "#toggle_state" },
						{	"binding_type": "view",
							"source_property_name": "(not #toggle_state)",
							"target_property_name": "#visible" }
					] }
			}, {	"panel_toggle_rv@common.toggle": {
					"size": [ 20, 20 ],
					"offset": [ 20, -20 ],
					"anchor_from": "bottom_left",
					"anchor_to": "bottom_left",
					"layer": 90,
					"button_mappings": [
						{	"from_button_id": "button.menu_select",
							"to_button_id": "button.menu_panel_exit",
							"mapping_type": "double_pressed" }
					],
					"bindings": [
						{	"binding_type": "view",
							"source_control_name": "drag_toggle",
							"source_property_name": "(not #toggle_state)",
							"target_property_name": "#enabled" },
						{	"binding_type": "view",
							"source_control_name": "panel_toggle",
							"source_property_name": "#toggle_state",
							"target_property_name": "#toggle_state" },
						{	"binding_type": "view",
							"source_property_name": "#toggle_state",
							"target_property_name": "#visible" }
					] }
			}, {	"drag_toggle@common.toggle": {
					"size": [ 20, 20 ],
					"offset": [ 60, -20 ],
					"anchor_from": "bottom_left",
					"anchor_to": "bottom_left",
					"layer": 90,
					"button_mappings": [
						{	"from_button_id": "button.menu_select",
							"to_button_id": "button.menu_select",
							"mapping_type": "double_pressed" }
					],
					"bindings": [
						{	"binding_type": "view",
							"source_control_name": "panel_toggle",
							"source_property_name": "(not #toggle_state)",
							"target_property_name": "#enabled" }
					] }
			}, {	"drag_mode_modal": {
					"type": "input_panel",
					"prevent_touch_input": true,
					"always_handle_pointer": true,
					"layer": 75,
					"bindings": [
						{	"binding_type": "view",
							"source_control_name": "drag_toggle",
							"source_property_name": "#toggle_state",
							"target_property_name": "#visible" },
						{	"binding_type": "view",
							"source_control_name": "drag_toggle",
							"source_property_name": "#toggle_state",
							"target_property_name": "#enabled" }
					],
					"controls": [
						{	"hotbar_prevents": {
								"type": "image",
								"texture": "textures/ui/white_background",
								"keep_ratio": false,
								"alpha": 0.5,
								"color": [ 1.0, 0.0, 0.5 ],
								"size": [ "100%c", 22 ],
								"offset": [ "50% - 90px", 0 ],
								"anchor_to": "bottom_left",
								"anchor_from": "bottom_left",
								"layer": 29,
								"controls": [
									{	"base": {
											"type": "input_panel",
											"size": [ 182, "100%" ],
											"anchor_to": "top_left",
											"anchor_from": "top_left" }
									}, {	"touch_right_button": {
											"type": "input_panel",
											"size": [ 20, "100%" ],
											"anchor_to": "top_right",
											"anchor_from": "top_right",
											"bindings": [
												{	"binding_name": "#hotbar_elipses_right_visible",
													"binding_name_override": "#visible",
													"binding_type": "global" }
											] }
									}, {	"touch_left_button": {
											"type": "input_panel",
											"size": [ 20, "100%" ],
											"anchor_to": "top_right",
											"anchor_from": "top_right",
											"bindings": [
												{	"binding_name": "#hotbar_elipses_left_visible",
													"binding_name_override": "#visible",
													"binding_type": "global" }
											] }
									}
								] }
						}, {	"top_buttons_prevents": {
								"type": "image",
								"texture": "textures/ui/white_background",
								"keep_ratio": false,
								"alpha": 0.5,
								"color": [ 1.0, 0.0, 0.5 ],
								"size": [ "100%c", 20 ],
								"offset": [ -0.5, 0 ],
								"anchor_to": "top_middle",
								"anchor_from": "top_middle",
								"layer": 29,
								"visible": "$touch",
								"bindings": [
									{	"binding_name": "#gesture_control_enabled",
										"binding_name_override": "#visible",
										"binding_type": "global" }
								],
								"controls": [
									{	"base": {
											"type": "input_panel",
											"size": [ 96, "100%" ],
											"anchor_to": "top_left",
											"anchor_from": "top_left" }
									}
								] }
						}
					] }
			}, {	"drag_mode_fade": {
					"type": "image",
					"texture": "$control_image",
					"alpha": 0.5,
					"layer": 76,
					"bindings": [
						{	"binding_type": "view",
							"source_control_name": "drag_toggle",
							"source_property_name": "#toggle_state",
							"target_property_name": "#visible" }
					] }
			}, {	"overlay_MISS": {
					"type": "image",
					"texture": "textures/ui/white_background",
					"keep_ratio": false,
					"size": [ "100%", "100%" ],
					"offset": [ 0, 0 ],
					"anchor_from": "top_left",
					"anchor_to": "top_left",
					"layer": -2,
					"alpha": 0.15,
					"visible": false,
					"bindings": [
						{	"binding_type": "view",
							"source_control_name": "overlay_toggle",
							"source_property_name": "#toggle_state",
							"target_property_name": "#visible" },
						{	"binding_type": "view",
							"source_control_name": "overlay_alpha_slider",
							"source_property_name": "#slider_value",
							"target_property_name": "#alpha" }
					] }
			}, {	"indicator_viewport@hud_panel_elytra.draggable_control": {
					"size": [ "100%cm", "100%cm" ],
					"offset": [ 0, -50 ],
					"anchor_from": "bottom_right",
					"anchor_to": "bottom_right",
					"layer": 80,
					"bindings": [
						{	"binding_type": "view",
							"source_control_name": "indicator_item_toggle",
							"source_property_name": "#toggle_state",
							"target_property_name": "#visible" },
						{	"binding_type": "view",
							"source_control_name": "drag_toggle",
							"source_property_name": "#toggle_state",
							"target_property_name": "#enabled" }
					],
					"controls": [
						{ "default": { "type": "panel", "size": [ "100%sm", "100%sm" ] } },
						{ "hover@hud_panel_elytra.draggable_selected_state": { "size": [ "100%sm", "100%sm" ] } },
						{ "pressed": { "type": "panel", "size": [ "100%sm", "100%sm" ] } },
						{ "locked": { "type": "panel", "size": [ "100%sm", "100%sm" ] } },
						{ "actived@hud_panel_elytra.draggable_actived_state": { "size": [ "100%sm", "100%sm" ] } },
			{	"items_stack_panel": {
					"type": "stack_panel",
					"orientation": "horizontal",
					"size": [ "100%c", "100%cm" ],
					"offset": [ 0, 0 ],
					"anchor_from": "bottom_right",
					"anchor_to": "bottom_right",
					"layer": 30,
					"bindings": [
						{	"binding_name": "#hud_visible",
							"binding_name_override": "#visible",
							"binding_type": "global" },
						{	"binding_name": "#hud_alpha",
							"binding_name_override": "#alpha",
							"binding_type": "global" },
						{	"binding_name": "#hud_propagate_alpha",
							"binding_name_override": "#propagateAlpha",
							"binding_type": "global" }
					],
					"controls": [
						{	"compass": {
								"type": "custom",
								"renderer": "inventory_item_renderer",
								"size": [ 16, 16 ],
								"property_bag": {
									"#item_id_aux": 22609920 }
								}
						}, {	"recovery_compass": {
								"type": "custom",
								"renderer": "inventory_item_renderer",
								"size": [ 16, 16 ],
								"property_bag": {
									"#item_id_aux": 43581440 }
								}
						}, {	"clock": {
								"type": "custom",
								"renderer": "inventory_item_renderer",
								"size": [ 16, 16 ],
								"property_bag": {
									"#item_id_aux": 22740992 }
								}
						}
					] }
						}
					] }
			}, {	"inventory_display_panel@hud_panel_elytra.draggable_control": {
					"size": [ 144, 50 ],
					"offset": [ 0, 0 ],
					"anchor_from": "bottom_right",
					"anchor_to": "bottom_right",
					"layer": 80,
					"clips_children": true,
					"bindings": [
						{	"binding_type": "view",
							"source_control_name": "inventory_display_toggle",
							"source_property_name": "#toggle_state",
							"target_property_name": "#visible" },
						{	"binding_type": "view",
							"source_control_name": "drag_toggle",
							"source_property_name": "#toggle_state",
							"target_property_name": "#enabled" }
					],
					"controls": [
						{ "default": { "type": "panel" } },
						{ "hover@hud_panel_elytra.draggable_selected_state": { } },
						{ "pressed": { "type": "panel" } },
						{ "locked": { "type": "panel" } },
						{ "actived@hud_panel_elytra.draggable_actived_state": { } },
						{ "actived@hud_panel_elytra.draggable_actived_state": { "size": [ "100%", "25%sm" ] } },
						{	"top_divider": {
								"type": "image",

								"texture": "textures/ui/White",
								"color": "$accent_color",

								"size": [ "100%", 2 ],
								"offset": [ 0, 0 ],
								"anchor_from": "top_left",
								"anchor_to": "top_left",

								"layer": 10 }/*
						}, {	"background": {
								"ignored": false,
								"type": "image",
								"texture": "textures/ui/dialog_background_opaque_transparent",
								"allow_clipping": false,
								"layer": 1,
								"bindings": [
									{	"binding_name": "#hud_visible",
										"binding_name_override": "#visible",
										"binding_type": "global" },
									{	"binding_name": "#hud_alpha",
										"binding_name_override": "#alpha",
										"binding_type": "global" },
									{	"binding_name": "#hud_propagate_alpha",
										"binding_name_override": "#propagateAlpha",
										"binding_type": "global" }
								] }*/
						}, {	"inventory_grid": {
								"type": "grid",
								"$hotbar_collection_name|default": "hotbar_items",
								"grid_item_template": "hud_panel_elytra.hud_inventory_grid_item",
								"grid_dimensions": [ 9, 4 ],
								"collection_name": "$hotbar_collection_name",
								"layer": 2,
								"size": [ 144, 64 ],
								"anchor_from": "bottom_left",
								"anchor_to": "bottom_left",
								"offset": [ 0, 0 ] }
						}
					] }
			}, {	"player_display_panel@hud_panel_elytra.draggable_control": {
					"size": [ 288, "6.25%cm" ],
					"offset": [ 0, 20 ],
					"anchor_from": "top_middle",
					"anchor_to": "top_middle",
					"layer": 80,
					"bindings": [
						{	"binding_type": "view",
							"source_control_name": "player_display_toggle",
							"source_property_name": "#toggle_state",
							"target_property_name": "#visible" },
						{	"binding_type": "view",
							"source_control_name": "drag_toggle",
							"source_property_name": "#toggle_state",
							"target_property_name": "#enabled" }
					],
					"controls": [
						{ "default": { "type": "panel", "size": [ "100%", "25%sm" ] } },
						{ "hover@hud_panel_elytra.draggable_selected_state": { "size": [ "100%", "25%sm" ] } },
						{ "pressed": { "type": "panel", "size": [ "100%", "25%sm" ] } },
						{ "locked": { "type": "panel", "size": [ "100%", "25%sm" ] } },
						{	"player_grid": {
								"type": "grid",
								"collection_name": "players_collection",
								"grid_item_template": "hud_panel_elytra.online_player_item",
								"grid_dimension_binding": "#players_grid_dimension",
								"layer": 2,
								"size": [ "25%", "100%c" ],
								"anchor_from": "top_left",
								"anchor_to": "top_left",
								"bindings": [
									{	"binding_name": "#hud_visible",
										"binding_name_override": "#visible",
										"binding_type": "global" },
									{	"binding_name": "#hud_alpha",
										"binding_name_override": "#alpha",
										"binding_type": "global" },
									{	"binding_name": "#hud_propagate_alpha",
										"binding_name_override": "#propagateAlpha",
										"binding_type": "global" },
									{	"binding_name": "#players_grid_dimension",
										"binding_condition": "always" }
								] }
						}
					] }
			}, {	"watermark@hud_panel_elytra.draggable_control": {
					"size": [ "100%cm", "100%cm" ],
					"offset": [ 0, 0 ],
					"anchor_from": "top_right",
					"anchor_to": "top_right",
					"layer": 80,
					"bindings": [
						{	"binding_type": "view",
							"source_control_name": "watermark_toggle",
							"source_property_name": "#toggle_state",
							"target_property_name": "#visible" },
						{	"binding_type": "view",
							"source_control_name": "drag_toggle",
							"source_property_name": "#toggle_state",
							"target_property_name": "#enabled" }
					],
					"controls": [
						{ "default": { "type": "panel", "size": [ "100%sm", "100%sm" ] } },
						{ "hover@hud_panel_elytra.draggable_selected_state": { "size": [ "100%sm", "100%sm" ] } },
						{ "pressed": { "type": "panel", "size": [ "100%sm", "100%sm" ] } },
						{ "locked": { "type": "panel", "size": [ "100%sm", "100%sm" ] } },
						{ "actived@hud_panel_elytra.draggable_actived_state": { "size": [ "100%sm", "100%sm" ] } },
						{	"watermark_label": {
								"type": "label",
								"text": "Elytra UI",
								"layer": 2,
								"size": [ "default", "default" ],
								"anchor_from": "top_left",
								"anchor_to": "top_left",
								"offset": [ 0, 0 ],
								"bindings": [
									{	"binding_name": "#hud_visible",
										"binding_name_override": "#visible",
										"binding_type": "global" },
									{	"binding_name": "#hud_alpha",
										"binding_name_override": "#alpha",
										"binding_type": "global" },
									{	"binding_name": "#hud_propagate_alpha",
										"binding_name_override": "#propagateAlpha",
										"binding_type": "global" }
								] }
						}
					] }
			}, {	"chubk_map_panel": {
					"type": "panel",
					"size": [ 1, 1 ],
					"offset": [ 0, 0 ],
					"anchor_from": "top_right",
					"anchor_to": "top_right",
					"controls": [
						{	"chunk_map_panel@hud_panel_elytra.draggable_control": {
								"size": [ 64, 64 ],
								"offset": [ 0, 0 ],
								"anchor_from": "top_right",
								"anchor_to": "top_right",
								"use_anchored_offset": true,

								"property_bag": {
									"#size_binding_x": 64.0,
									"#size_binding_y": 64.0 },

								"layer": 80,
								"clips_children": true,
								"bindings": [
									{	"binding_type": "view",
										"source_control_name": "chunk_map_toggle",
										"source_property_name": "#toggle_state",
										"target_property_name": "#visible" },
									{	"binding_type": "view",
										"source_control_name": "drag_toggle",
										"source_property_name": "#toggle_state",
										"target_property_name": "#enabled" },
									{	"binding_type": "view",
										"source_control_name": "chunk_map_size_slider",
										"source_property_name": "(#slider_value * 16)",
										"target_property_name": "#size_binding_x" },
									{	"binding_type": "view",
										"source_control_name": "chunk_map_size_slider",
										"source_property_name": "(#slider_value * 16)",
										"target_property_name": "#size_binding_y" }
								],
								"controls": [
									{ "default": { "type": "panel" } },
									{ "hover@hud_panel_elytra.draggable_selected_state": { } },
									{ "pressed": { "type": "panel" } },
									{ "locked": { "type": "panel" } },
									{ "actived@hud_panel_elytra.draggable_actived_state": { } },
									{ "chunk_map_panel@hud.chunk_map_panel": { } }
								] }
						}
					] }/*
			}, {	"arrayList@hud_panel_elytra.draggable_control": {
					"size": [ 192, "100%cm + 2px" ],
					"offset": [ 0, 0 ],
					"anchor_from": "top_right",
					"anchor_to": "top_right",
					"layer": 80,
					"bindings": [/*
						{	"binding_type": "view",
							"source_control_name": "arrayList_toggle",
							"source_property_name": "#toggle_state",
							"target_property_name": "#visible" },*//*
						{	"binding_type": "view",
							"source_control_name": "drag_toggle",
							"source_property_name": "#toggle_state",
							"target_property_name": "#enabled" }
					],
					"controls": [
						{ "default": { "type": "panel", "size": [ "100%", "100%sm" ] } },
						{ "hover@hud_panel_elytra.draggable_selected_state": { "size": [ "100%", "100%sm" ] } },
						{ "pressed": { "type": "panel", "size": [ "100%", "100%sm" ] } },
						{ "locked": { "type": "panel", "size": [ "100%", "100%sm" ] } },
						{ "actived@hud_panel_elytra.draggable_actived_state": { "size": [ "100%", "100%sm" ] } },
						{ "array_list@hud_panel_elytra.array_list": { } }
					] }*/
			},
			{ "array_list@hud_panel_elytra.array_list": { } }
		] }
}