{	"namespace": "hud_top_buttons",

	"_info.1": "QQ: Bugjump (3071882091)",
	"_info.2": "Bilibili: Minecraft君9a7z (1345634151)",

	"_info_3": "未经允许，禁止使用任何此资源包的代码（可参考，但禁止复制）",
	"_info_4": "原作者保留任何权益",

	"button_control": {
		"type": "button",
		"prevent_touch_input": true,
		"size": [ 19, 18 ],
		"$button_event|default": "",
		"default_control": "default",
		"hover_control": "hover",
		"pressed_control": "pressed",
		"locked_control": "locked",
		"button_mappings": [
			{	"ignored": "($button_event = '')",
				"from_button_id": "button.menu_select",
				"to_button_id": "$button_event",
				"mapping_type": "double_pressed"
			}
		],
		"controls": [
			{	"button_image": {
					"type": "image",
					"texture": "$texture_format",
					"$texture_format|default": "('textures/gui/hud_buttons/' + $button_name)",
					"$button_name|default": "",
					"size": [ 18, 18 ],
					"anchor_from": "top_left",
					"anchor_to": "top_left",
					"bindings": [
						{	"binding_name": "#hud_visible",
							"binding_name_override": "#visible",
							"binding_type": "global" },
						{	"binding_name": "#hud_alpha",
							"binding_name_override": "#alpha",
							"binding_type": "global" },
						{	"binding_name": "#hud_propagate_alpha",
							"binding_name_override": "#propagateAlpha",
							"binding_type": "global" }
					] }
			}
		] },

	"button_content_panel": {
		"type": "panel",
		"size": [ "100%cm", "100%cm" ],
		"offset": [ 0, 0 ],
		"anchor_from": "top_middle",
		"anchor_to": "top_middle",
		"propagate_alpha": true,
		"bindings": [
			{	"binding_name": "#gesture_control_enabled",
				"binding_name_override": "#visible" },
			{	"binding_name": "#hud_alpha",
				"binding_name_override": "#alpha",
				"binding_type": "global" }
		],
		"controls": [
			{ "button_stack@hud_top_buttons.button_stack": { } },
			{	"button_border": {
					"type": "image",
					"texture": "textures/ui/White",
					"size": [ "100%sm", 1 ],
					"anchor_from": "top_left",
					"anchor_to": "top_left",
					"color": "$accent_color",
					"layer": 2,
					"bindings": [
						{	"binding_name": "#hud_visible",
							"binding_name_override": "#visible",
							"binding_type": "global" }
					] }
			}, {	"button_black_bg": {
					"type": "image",
					"texture": "textures/ui/Black",
					"alpha": 0.5,
					"size": [ "100%sm", "100%sm + 1px" ],
					"anchor_from": "top_left",
					"anchor_to": "top_left",
					"layer": 1,
					"bindings": [
						{	"binding_name": "#hud_visible",
							"binding_name_override": "#visible",
							"binding_type": "global" }
					] }
			}
		] },

	"button_stack": {
		"type": "stack_panel",
		"orientation": "horizontal",
		"size": [ "100%c", 18 ],
		"offset": [ 0, 0 ],
		"anchor_from": "bottom_left",
		"anchor_to": "bottom_left",
		"layer": 3,
		"controls": [
			{ "hide_paperdoll@button_control": { "$button_event": "button.hide_paperdoll_hud", "$button_name": "hide_paperdoll" } },
			{ "emote@button_control": { "$button_name": "emote" } },
			{ "chat@button_control": { "$button_name": "chat" } },
			{ "pause@button_control": { "$button_name": "pause" } },
			{ "hide_hud@button_control": { "$button_event": "button.hide_gui_all", "$button_name": "hide_hud" } }
		] }
}