{	"namespace": "hud_masks",

	"status_bar_text_background": {
		"type": "image",
		"texture": "textures/ui/white_background",
		"color": "black",
		"fill": true,
		"alpha": 0.5,

		"size": [ "100% + 8px", "100% + 8px" ],
		"anchor_from": "center",
		"anchor_to": "center",

		"layer": -1 },

	"masks_item_title": {
		"type": "panel",
		"$atext": "$title_text",
		"layer": 20,
		"controls": [
			{	"status_bar": {
					"type": "panel",
					"size": [ "100%", 24 ],
					"anchor_from": "top_left",
					"anchor_to": "top_left",
					// format: [prop|20str][left|30str];[middle|30str];[right]
					"$format_left": "((%.50s * $atext) - (%.20s * $atext) - '_')",
					"$format_middle": "((%.80s * $atext) - (%.50s * $atext) - '_')",
					"$format_right": "($atext - (%.80s * $atext) - '_')",
					"visible": "$is_visible",
					"$is_visible|default": false,
					"variables": [
						{	"requires": "((not ($atext - 'yao:statusbar' = $atext)))",
							"$is_visible": true }
					],
					// /titleraw @a title { "rawtext": [ { "text": "§_yao:statusbar_____" }, { "text": "Left Message__________________" }, { "text": "Middle Message________________" }, { "text": "Right Message" } ] }
					"controls": [
						{	"left_mesaage": {
								"type": "label",
								"text": "$format_left",
								"offset": [ 16, 0 ],
								"anchor_from": "left_middle",
								"anchor_to": "left_middle",
								"controls": [
									{ "status_bar_text_background@hud_masks.status_bar_text_background": { } }
								] }
						}, {	"middle_mesaage": {
								"type": "label",
								"text": "$format_middle",
								"offset": [ 0, 0 ],
								"anchor_from": "center",
								"anchor_to": "center",
								"controls": [
									{ "status_bar_text_background@hud_masks.status_bar_text_background": { } }
								] }
						}, {	"right_mesaage": {
								"type": "label",
								"text": "$format_right",
								"offset": [ -16, 0 ],
								"anchor_from": "right_middle",
								"anchor_to": "right_middle",
								"controls": [
									{ "status_bar_text_background@hud_masks.status_bar_text_background": { } }
								] }
						}
					] }
			}
		] },

	"panel_tip_entrance_animation_offset": {
		"anim_type": "offset",
		"easing": "out_cubic",
		"duration": 0.5,
		"from": [ 0, -64 ],
		"to": [ 0, 32 ],
		"next": "@hud.panel_tip_exit_animation_wait" },

	"panel_tip_exit_animation_wait": {
		"anim_type": "wait",
		"easing": "out_cubic",
		"duration": 10.0,
		"next": "@hud.panel_tip_exit_animation_offset" },

	"panel_tip_exit_animation_offset": {
		"anim_type": "offset",
		"easing": "out_cubic",
		"duration": 0.5,
		"to": [ 0, -64 ],
		"from": [ 0, 32 ],
		"destroy_at_end": "masks_item_actionbar" },

	"panel_tip": {
		"type": "image",

		"texture": "textures/ui/White",
		"color": "black",
		"alpha": 0.5,

		"size": [ 144, 64 ],
		"offset": [ 0, 32 ],
		"anchor_from": "top_middle",
		"anchor_to": "top_middle",

		"anims": [
			"@hud_masks.panel_tip_entrance_animation_offset" ],

		"controls": [
			{	"top_divider": {
					"type": "image",

					"texture": "textures/ui/White",
					"color": "$accent_color",

					"size": [ "100%", 2 ],
					"offset": [ 0, 0 ],
					"anchor_from": "top_left",
					"anchor_to": "top_left",

					"layer": 1 }
			}, {	"title_text": {
					"type": "label",

					"text": "$format_title",
					"color": "$accent_color",

					"size": [ "100% - 8px", 10 ],
					"offset": [ 4, 6 ],
					"anchor_from": "top_left",
					"anchor_to": "top_left",

					"layer": 1 }
			}, {	"description_text": {
					"type": "label",

					"text": "$format_description",
					"alpha": 0.75,

					"size": [ "100% - 8px", "100% - 20px" ],
					"offset": [ 4, 16 ],
					"anchor_from": "top_left",
					"anchor_to": "top_left",

					"layer": 1 }
			}
		] },

	"masks_item_actionbar": {
		"type": "panel",
		"$atext": "$actionbar_text",
		"layer": 20,
		"controls": [
			{	"panel_tip": {
					"type": "panel",
					"size": [ "100%", "100%" ],
					"anchor_from": "top_left",
					"anchor_to": "top_left",
					// format: [prop|20str][title|20str][description|str]
					"$format_title": "((%.40s * $atext) - (%.20s * $atext) - '_')",
					"$format_description": "($atext - (%.40s * $atext) - '_')",
					"visible": "$is_visible",
					"$is_visible|default": false,
					"variables": [
						{	"requires": "((not ($atext - 'yao:paneltip' = $atext)))",
							"$is_visible": true }
					],
					// /titleraw @a actionbar { "rawtext": [ { "text": "§_yao:paneltip______" }, { "text": "Title_______________" }, { "text": "Description" } ] }
					"controls": [
						{ "panel_tip@hud_masks.panel_tip": { } }
					] }
			}
		] },

	"masks": {
		"type": "panel",
		"size": [ "100%", "100%" ],
		"controls": [
			{	"hud_actionbar_text_area": {
					"type": "collection_panel",
					"size": [ "100%", "100%" ],
					"factory": {
						"name": "hud_actionbar_text_factory",
						"control_ids": {
							"hud_actionbar_text": "masks_item_actionbar@hud_masks.masks_item_actionbar" },
						"factory_variables": [
							"$control_texture",
							"$control_image",
							"$accent_color",
							"$on_accent_color",
							"$is_normal",
							"$render_bg",
							"$error_color",
							"$f_g_div",
							"$is_blur_glass_ignore",
							"$colored_dialog_title",
							"$show_element_id",
							"$show_element_border",
							"$surface_color",
							"$text_color",
							"$_is_watch" ]
					} }
			}, {	"hud_title_text_area": {
					"type": "collection_panel",
					"size": [ "100%", "100%" ],
					"factory": {
						"name": "hud_title_text_factory",
						"control_ids": {
							"hud_title_text": "masks_item_title@hud_masks.masks_item_title" },
						"factory_variables": [
							"$control_texture",
							"$control_image",
							"$accent_color",
							"$on_accent_color",
							"$is_normal",
							"$render_bg",
							"$error_color",
							"$f_g_div",
							"$is_blur_glass_ignore",
							"$colored_dialog_title",
							"$show_element_id",
							"$show_element_border",
							"$surface_color",
							"$text_color",
							"$_is_watch" ]
					} }
			}
		] }
}