{
  "namespace": "bed",

  // Screen //

  "in_bed_screen": {


    "$screen_bg_content": "common.empty_panel"
  },

  "in_bed_screen_content/wake_up_button_panel": {

          "size": [ "100%c", "15%" ],

          "controls": [
            {
              "wake_up_button@common_buttons.light_text_button": {
                "layer": 1,
                // Size is defaulted to the size of the text fitting on one line
                // Must specify a max size for layout to solve
                "$button_text_max_size": [ 120, 10 ],
                "size": [ 120, 20 ],
                "$button_text": "multiplayer.stopSleeping",
                "button_mappings": [
                  {
                    "from_button_id": "button.menu_select",
                    "to_button_id": "button.wake_up_button",
                    "mapping_type": "pressed"
                  },
                  {
                    "from_button_id": "button.menu_ok",
                    "to_button_id": "button.wake_up_button",
                    "mapping_type": "pressed"
                  }
                ]
              }
            },
            {
              "spacer": {
                "type": "panel",
                "size": [ 4, 0 ]
              }
            },
            {
              "chat_button@common_buttons.light_text_button": {
                "layer": 1,
                "$button_text_max_size": [ 120, 10 ],
                "size": [ 120, 20 ],
                "$button_text": "multiplayer.inBedOpenChat",
                "button_mappings": [
                  {
                    "from_button_id": "button.menu_select",
                    "to_button_id": "button.chat",
                    "mapping_type": "pressed"
                  },
                  {
                    "from_button_id": "button.menu_ok",
                    "to_button_id": "button.chat",
                    "mapping_type": "pressed"
                  }
                ]
              }
            }
    ]
  }
}