{	"namespace": "crafting",

	"_info_1": "QQ: Bugjump (3071882091)",
	"_info_2": "Bilibili: Minecraft君9a7z (1345634151)",

	"_info_3": "未经允许，禁止使用任何此资源包的代码（可参考，但禁止复制）",
	"_info_4": "原作者保留任何权益",

	"layout_template_toggle": {
		"$hover_texture": "textures/ui/recipe_book_button_borderless_light",
		"$pressed_no_hover_texture": "textures/ui/recipe_book_button_borderless_lighthover",
		"controls": [
			{ "unchecked@$unchecked_control": { } },
			{ "checked@$checked_control": { } },
			{ "unchecked_hover@$unchecked_hover_control": { } },
			{ "checked_hover@$checked_hover_control": { } },
			{ "unchecked_locked@$unchecked_locked_control": { } },
			{ "checked_locked@$checked_locked_control": { } },
			{ "unchecked_locked_hover@$unchecked_locked_hover_control": { } },
			{ "checked_locked_hover@$checked_locked_hover_control": { } },

			{	"accent_divider": {
					"type": "collection_panel",
					"size": [ "100%", 2 ],
					"anchor_from": "top_left",
					"anchor_to": "top_left",
					"propagate_alpha": true,
					"layer": 10,
					"factory": {
						"name": "divider_factory",
						"control_name": "settings_common.selector_divider",
						"max_children_size": 1 },
					"bindings": [
						{	"binding_type": "$toggle_binding_type",
							"binding_condition": "$toggle_binding_condition",
							"binding_collection_name": "$toggle_grid_collection_name",
							"binding_name": "$toggle_state_binding_name",
							"binding_name_override": "#toggle_state" },
						{	"binding_type": "view",
							"source_property_name": "(1 * #toggle_state)",
							"target_property_name": "#alpha" },
						{	"binding_type": "view",
							"source_property_name": "(1 * #toggle_state)",
							"target_property_name": "#collection_length" }
					] }
			}, {	"accent_divider_reverse": {
					"type": "collection_panel",
					"size": [ "100%", 2 ],
					"anchor_from": "top_left",
					"anchor_to": "top_left",
					"propagate_alpha": true,
					"layer": 10,
					"factory": {
						"name": "divider_reverse_factory",
						"control_name": "settings_common.selector_divider_reverse",
						"max_children_size": 1 },
					"bindings": [
						{	"binding_type": "$toggle_binding_type",
							"binding_condition": "$toggle_binding_condition",
							"binding_collection_name": "$toggle_grid_collection_name",
							"binding_name": "$toggle_state_binding_name",
							"binding_name_override": "#toggle_state" },
						{	"binding_type": "view",
							"source_property_name": "(1 * (not #toggle_state))",
							"target_property_name": "#alpha" },
						{	"binding_type": "view",
							"source_property_name": "(1 * (not #toggle_state))",
							"target_property_name": "#collection_length" }
					] }
			}
		] },

	"layout_toggle": {
		"size": [ 24, "100%" ],
		"$button_image_size": [ "100%", "100%" ] },

	"toolbar_panel": {
		"size": [ "100%c", 19 ] },

	"toolbar_panel/toolbar_background": {
		"texture": "textures/ui/white_background",
		"color": "$surface_color",
		"alpha": 0.5,
		"fill": true,
		"size": [ "100%cm", "100%" ],
		"offset": [ 0, 0 ],
		"modifications": [
			{	"array_name": "controls",
				"operation": "insert_back",
				"value": [
					{	"accent_divider": {
							"ignored": true,
							"type": "image",
							"texture": "textures/ui/white_background",
							"fill": true,
							"color": "$accent_color",

							"size": [ "100%sm", 1 ],
							"offset": [ 0, 0 ],
							"anchor_from": "top_left",
							"anchor_to": "top_left",

							"layer": 1 }
					}
				] }
		] },

	"toolbar_panel/toolbar_background/toolbar_stack_panel": {
		"size": [ "100%c", "100%" ],
		"offset": [ 0, 0 ] },

	"toolbar_panel/toolbar_background/toolbar_stack_panel/padding_0": { "ignored": true },
	"toolbar_panel/toolbar_background/toolbar_stack_panel/padding_1": { "ignored": true },
	"toolbar_panel/toolbar_background/toolbar_stack_panel/padding_2": { "ignored": true },
	"toolbar_panel/toolbar_background/toolbar_stack_panel/padding_3": { "ignored": true },
	"toolbar_panel/toolbar_background/toolbar_stack_panel/padding_4": { "ignored": true },

	"toolbar_panel/toolbar_background/toolbar_stack_panel/help_button_panel": { "ignored": true },
	"toolbar_panel/toolbar_background/toolbar_stack_panel/close_button_panel": {
		"size": [ 24, "100%" ],
		"controls": [
			{ "dialog_title_close_button@common.dialog_title_close_button_small": { } }
		] },

	"maximized_player_panel": {
		"type": "input_panel",
		"modal": true,
		"size": [ "100%", "100%" ],
		"layer": 500,
		"gesture_tracking_button": "button.turn_doll",
		"button_mappings": [
			{	"from_button_id": "button.menu_select",
				"to_button_id": "button.turn_doll",
				"mapping_type": "pressed",
				"button_up_right_of_first_refusal": true }
		], "bindings": [
			{	"binding_type": "view",
				"source_control_name": "maximized_player_renderer_toggle",
				"source_property_name": "#toggle_state",
				"target_property_name": "#visible" }
		], "controls": [
			{	"res_player_renderer_toggle@common.icon_toggle": {
					"$toggle_name": "togglePlayerRenderer",
					"$radio_toggle_group": true,
					"$toggle_group_forced_index": 0,
					"size": [ 18, 18 ],
					"$icon_path": "textures/uiYao/icon_reset",
					"anchor_from": "top_right",
					"anchor_to": "top_right",
					"offset": [ 0, 0 ],
					"layer": 15,
					"button_mappings": [
						{	"from_button_id": "button.menu_select",
							"to_button_id": "button.menu_select",
							"mapping_type": "pressed" },
						{	"from_button_id": "button.menu_cancel",
							"to_button_id": "button.menu_cancel",
							"mapping_type": "global" },
						{	"from_button_id": "button.menu_inventory_cancel",
							"to_button_id": "button.menu_inventory_cancel",
							"mapping_type": "global" }
					] }
			}, {
                    "maximized_renderer": {
                      "type": "custom",
                      "renderer": "live_player_renderer",
                      "property_bag": {
                        "#look_at_cursor": true
                      },
                "starting_rotation": 30,
                "rotation": "gesture_x",
	"bindings": [
                  {
                    "binding_type": "view",
                    "source_control_name": "maximized_player_panel",
                    "source_property_name": "#gesture_mouse_delta_x",
                    "target_property_name": "#gesture_mouse_delta_x"
                  } ],
                      "layer": 8,
		"z_axis": -30,
		"size": [ "35%", "35%" ],
                      "anchor_from": "center",
                      "anchor_to": "center",
                "offset": [ 0, "-10%" ]
                    } },
      {
        "transparent_bg": {
          "type": "image",
          "texture": "textures/ui/screen_background",
          "alpha": 0.5,
          "layer": -10
        }
      } ] },

	"scroll_panel": {
		"$show_background": false },

	"center_fold/center_bg": {
		"ignored": true },

	"recipe_book/bg": {
		"$dialog_background": "container_dialog_bg" },

	"to_inv_tkb": {
		"type": "panel",
		"size": [ 0, 0 ],
		"controls": [
			{	"m@chest.auto_drop_button": {
					"controls": [ ],
					"allow_clipping": false,
					"$item_collection_name": "hotbar_items",
					"size": [ 24, 24 ],
					"anchor_from": "bottom_right",
					"anchor_to": "bottom_right",
							"bindings": [
      {
        "binding_type": "collection_details",
        "binding_collection_name": "$item_collection_name",
        "binding_condition": "once"
      },
      {
        "binding_type": "$focus_id_binding_type",
        "binding_name": "#focus_identifier",
        "binding_name_override": "#focus_identifier",
        "binding_collection_name": "$item_collection_name",
        "binding_condition": "once"
      },
      {
        "binding_type": "$focus_override_down_binding_type",
        "binding_name": "#focus_change_down",
        "binding_name_override": "#focus_change_down",
        "binding_collection_name": "$item_collection_name",
        "binding_condition": "once"
      },
      {
        "binding_type": "$focus_override_up_binding_type",
        "binding_name": "#focus_change_up",
        "binding_name_override": "#focus_change_up",
        "binding_collection_name": "$item_collection_name",
        "binding_condition": "once"
      },
      {
        "binding_type": "$focus_override_left_binding_type",
        "binding_name": "#focus_change_left",
        "binding_name_override": "#focus_change_left",
        "binding_collection_name": "$item_collection_name",
        "binding_condition": "once"
      },
      {
        "binding_type": "$focus_override_right_binding_type",
        "binding_name": "#focus_change_right",
        "binding_name_override": "#focus_change_right",
        "binding_collection_name": "$item_collection_name",
        "binding_condition": "once"
      },
								{	"binding_name": "#item_id_aux",
									"binding_type": "collection",
									"binding_collection_name": "$item_collection_name" },
								{	"binding_type": "view",
									"source_property_name": "(not (#item_id_aux = 22151168 or #item_id_aux = 22413312 or #item_id_aux = 22675456 or #item_id_aux = 23199744 or #item_id_aux = 22937600 or #item_id_aux = 40435712 or #item_id_aux = 22216704 or #item_id_aux = 22478848 or #item_id_aux = 22740992 or #item_id_aux = 23265208 or #item_id_aux = 23003136 or #item_id_aux = 40501248 or #item_id_aux = 22282240 or #item_id_aux = 22544384 or #item_id_aux = 22806528 or #item_id_aux = 23330816 or #item_id_aux = 23068672 or #item_id_aux = 40566784 or #item_id_aux = 22347776 or #item_id_aux = 22609920 or #item_id_aux = 22876024 or #item_id_aux = 23396352 or #item_id_aux = 23134208 or #item_id_aux = 40632320 or #item_id_aux = 20381696 or #item_id_aux = 20643840 or #item_id_aux = 20316160 or #item_id_aux = 21299200 or #item_id_aux = 20905984 or #item_id_aux = 40042496 or #item_id_aux = 20578304 or #item_id_aux = 20840448 or #item_id_aux = 19726336 or #item_id_aux = 21495808 or #item_id_aux = 21102592 or #item_id_aux = 40239104 or #item_id_aux = 20512768 or #item_id_aux = 20774912 or #item_id_aux = 19660800 or #item_id_aux = 21430272 or #item_id_aux = 21037056 or #item_id_aux = 40173568 or #item_id_aux = 20447232 or #item_id_aux = 20709376 or #item_id_aux = 19595264 or #item_id_aux = 21364736 or #item_id_aux = 20971520 or #item_id_aux = 40108032 or #item_id_aux = 21757952 or #item_id_aux = 21823488 or #item_id_aux = 21889024 or #item_id_aux = 22020096 or #item_id_aux = 21954560 or #item_id_aux = 40304640 or #item_id_aux = 19857408 or #item_id_aux = 38207488 or #item_id_aux = 23461888 or #item_id_aux = 24707072 or #item_id_aux = 19791872 or #item_id_aux = 37748736 or (#item_id_aux > 19922943 and #item_id_aux < 19922988) or (#item_id_aux > 28114943 and #item_id_aux < 28114987)))",
									"target_property_name": "#enabled" }
							] }
			}
		] },

	"to_htb_tkb": {
		"type": "panel",
		"size": [ 0, 0 ],
		"controls": [
			{	"m@chest.auto_drop_button": {
					"controls": [ ],
					"allow_clipping": false,
					"$item_collection_name": "inventory_items",
					"size": [ 24, 24 ],
					"anchor_from": "bottom_right",
					"anchor_to": "bottom_right",
							"bindings": [
      {
        "binding_type": "collection_details",
        "binding_collection_name": "$item_collection_name",
        "binding_condition": "once"
      },
      {
        "binding_type": "$focus_id_binding_type",
        "binding_name": "#focus_identifier",
        "binding_name_override": "#focus_identifier",
        "binding_collection_name": "$item_collection_name",
        "binding_condition": "once"
      },
      {
        "binding_type": "$focus_override_down_binding_type",
        "binding_name": "#focus_change_down",
        "binding_name_override": "#focus_change_down",
        "binding_collection_name": "$item_collection_name",
        "binding_condition": "once"
      },
      {
        "binding_type": "$focus_override_up_binding_type",
        "binding_name": "#focus_change_up",
        "binding_name_override": "#focus_change_up",
        "binding_collection_name": "$item_collection_name",
        "binding_condition": "once"
      },
      {
        "binding_type": "$focus_override_left_binding_type",
        "binding_name": "#focus_change_left",
        "binding_name_override": "#focus_change_left",
        "binding_collection_name": "$item_collection_name",
        "binding_condition": "once"
      },
      {
        "binding_type": "$focus_override_right_binding_type",
        "binding_name": "#focus_change_right",
        "binding_name_override": "#focus_change_right",
        "binding_collection_name": "$item_collection_name",
        "binding_condition": "once"
      },
								{	"binding_name": "#item_id_aux",
									"binding_type": "collection",
									"binding_collection_name": "$item_collection_name" },
								{	"binding_type": "view",
									"source_property_name": "(not (#item_id_aux = 22151168 or #item_id_aux = 22413312 or #item_id_aux = 22675456 or #item_id_aux = 23199744 or #item_id_aux = 22937600 or #item_id_aux = 40435712 or #item_id_aux = 22216704 or #item_id_aux = 22478848 or #item_id_aux = 22740992 or #item_id_aux = 23265208 or #item_id_aux = 23003136 or #item_id_aux = 40501248 or #item_id_aux = 22282240 or #item_id_aux = 22544384 or #item_id_aux = 22806528 or #item_id_aux = 23330816 or #item_id_aux = 23068672 or #item_id_aux = 40566784 or #item_id_aux = 22347776 or #item_id_aux = 22609920 or #item_id_aux = 22876024 or #item_id_aux = 23396352 or #item_id_aux = 23134208 or #item_id_aux = 40632320 or #item_id_aux = 20381696 or #item_id_aux = 20643840 or #item_id_aux = 20316160 or #item_id_aux = 21299200 or #item_id_aux = 20905984 or #item_id_aux = 40042496 or #item_id_aux = 20578304 or #item_id_aux = 20840448 or #item_id_aux = 19726336 or #item_id_aux = 21495808 or #item_id_aux = 21102592 or #item_id_aux = 40239104 or #item_id_aux = 20512768 or #item_id_aux = 20774912 or #item_id_aux = 19660800 or #item_id_aux = 21430272 or #item_id_aux = 21037056 or #item_id_aux = 40173568 or #item_id_aux = 20447232 or #item_id_aux = 20709376 or #item_id_aux = 19595264 or #item_id_aux = 21364736 or #item_id_aux = 20971520 or #item_id_aux = 40108032 or #item_id_aux = 21757952 or #item_id_aux = 21823488 or #item_id_aux = 21889024 or #item_id_aux = 22020096 or #item_id_aux = 21954560 or #item_id_aux = 40304640 or #item_id_aux = 19857408 or #item_id_aux = 38207488 or #item_id_aux = 23461888 or #item_id_aux = 24707072 or #item_id_aux = 19791872 or #item_id_aux = 37748736 or (#item_id_aux > 19922943 and #item_id_aux < 19922988) or (#item_id_aux > 28114943 and #item_id_aux < 28114987)))",
									"target_property_name": "#enabled" }
							] }
			}
		] },

	"empty_tab_panel": {
		"size": [ 20, 20 ],
		"offset": [ 0, 0 ],
		"anchor_from": "top_left",
		"anchor_to": "top_left" },

	"left_tab@common_toggles.light_ui_toggle": {

		"$default_texture": "textures/ui/sidebar/button_borderless_light",
		"$hover_texture": "textures/ui/sidebar/button_borderless_light",
		"$pressed_texture": "textures/ui/sidebar/button_borderless_lighthover",
		"$pressed_no_hover_texture": "textures/ui/sidebar/button_borderless_lighthover",

		"$toggle_focus_enabled": true,
		"$toggle_name": "navigation_tab",
		"$toggle_group_default_selected": "$construction_index",
		"$button_type_panel": "crafting.empty_tab_panel",
		// "$tab_view_binding_name": "$toggle_view_binding_name",
		"size": [ "100%", 24 ],
		"controls": [
			{	"$toggle_view_binding_name@$template_toggle": {
					"controls": [
						{ "unchecked@$unchecked_control": { } },
						{ "checked@$checked_control": { } },
						{ "unchecked_hover@$unchecked_hover_control": { } },
						{ "checked_hover@$checked_hover_control": { } },
						{ "unchecked_locked@$unchecked_locked_control": { } },
						{ "checked_locked@$checked_locked_control": { } },
						{ "unchecked_locked_hover@$unchecked_locked_hover_control": { } },
						{ "checked_locked_hover@$checked_locked_hover_control": { } },
						{	"accent_divider": {
								"type": "collection_panel",
								"size": [ 2, "100%" ],
								"anchor_from": "top_left",
								"anchor_to": "top_left",
								"propagate_alpha": true,
								"layer": 10,
								"factory": {
									"name": "divider_factory",
									"control_name": "settings_common.tab_divider",
									"max_children_size": 1 },
								"bindings": [
									{	"binding_type": "view",
										"source_control_name": "$toggle_view_binding_name",
										"source_property_name": "#toggle_state",
										"target_property_name": "#toggle_state" },
									{	"binding_type": "view",
										"source_property_name": "(1 * #toggle_state)",
										"target_property_name": "#alpha" },
									{	"binding_type": "view",
										"source_property_name": "(1 * #toggle_state)",
										"target_property_name": "#collection_length" }
								] }
						}, {	"accent_divider_reverse": {
								"type": "collection_panel",
								"size": [ 2, "100%" ],
								"anchor_from": "top_left",
								"anchor_to": "top_left",
								"propagate_alpha": true,
								"layer": 10,
								"factory": {
									"name": "divider_reverse_factory",
									"control_name": "settings_common.tab_divider_reverse",
									"max_children_size": 1 },
								"bindings": [
									{	"binding_type": "view",
										"source_control_name": "$toggle_view_binding_name",
										"source_property_name": "#toggle_state",
										"target_property_name": "#toggle_state" },
									{	"binding_type": "view",
										"source_property_name": "(1 * (not #toggle_state))",
										"target_property_name": "#alpha" },
									{	"binding_type": "view",
										"source_property_name": "(1 * (not #toggle_state))",
										"target_property_name": "#collection_length" }
								] }
						}
					] }
			}, {	"background_image": {
					"type": "image",
					"texture": "textures/ui/white_background",
					"color": "$surface_color",
					"alpha": 0.5 }
			}
		] },

  "search_left_tab@crafting.left_tab": {
    "$is_bottom_most_tab": true,
    "$toggle_view_binding_name": "search_tab_toggle",
    "$tab_icon": "crafting.search_icon",
    "$toggle_group_forced_index": "$search_index",

    "$toggle_binding_type": "global",
    "$toggle_state_binding_name": "#is_left_tab_search",

    "$focus_id": "search_tab",
    "$focus_override_left": "nature_tab",
    "$focus_override_up": "FOCUS_OVERRIDE_STOP"
  },

  "construction_left_tab@crafting.left_tab": {
    "$is_top_most_tab": true,
    "$toggle_view_binding_name": "construction_tab_toggle",
    "$tab_icon": "crafting.construction_icon",
    "$toggle_group_forced_index": "$construction_index",

    "$toggle_binding_type": "global",
    "$toggle_state_binding_name": "#is_left_tab_construct",

    "$focus_id": "construction_tab",
    "$focus_override_left": "help_button",
    "$focus_override_right": "equipment_tab",
    "$focus_override_up": "FOCUS_OVERRIDE_STOP"
  },

  "equipment_left_tab@crafting.left_tab": {
    "$toggle_view_binding_name": "equipment_tab_toggle",
    "$tab_icon": "crafting.equipment_icon",
    "$toggle_group_forced_index": "$equipment_index",

    "$toggle_binding_type": "global",
    "$toggle_state_binding_name": "#is_left_tab_equipment",

    "$focus_id": "equipment_tab",
    "$focus_override_left": "construction_tab",
    "$focus_override_right": "items_tab",
    "$focus_override_up": "FOCUS_OVERRIDE_STOP"
  },

  "nature_left_tab@crafting.left_tab": {
    "$toggle_view_binding_name": "nature_tab_toggle",
    "$tab_icon": "crafting.nature_icon",
    "$toggle_group_forced_index": "$nature_index",

    "$toggle_binding_type": "global",
    "$toggle_state_binding_name": "#is_left_tab_nature",

    "$focus_id": "nature_tab",
    "$focus_override_left": "items_tab",
    "$focus_override_right": "search_tab",
    "$focus_override_up": "FOCUS_OVERRIDE_STOP"
  },

  "items_left_tab@crafting.left_tab": {
    "$toggle_view_binding_name": "items_tab_toggle",
    "$tab_icon": "crafting.miscellaneous_icon",
    "$toggle_group_forced_index": "$items_index",

    "$toggle_binding_type": "global",
    "$toggle_state_binding_name": "#is_left_tab_items",

    "$focus_id": "items_tab",
    "$focus_override_left": "equipment_tab",
    "$focus_override_right": "nature_tab",
    "$focus_override_up": "FOCUS_OVERRIDE_STOP"
  },

  "tab_navigation_panel_layout": {
    "type": "stack_panel",
    "orientation": "vertical", // "horizontal"
    "size": [ 24, "100%" ], // horizontal default: 27

    //"$is_search_right_most_tab|default": true,

    "controls": [
      {
        "navigation_tabs": {
          "type": "panel",
          "size": [ "100%", "100%" ],
          "controls": [
            {
              "content": {
                "type": "stack_panel",
                "orientation": "vertical", // "horizontal"
                "size": [ "100%", "100%" ],
								"offset": [ 2, 0 ],
								"$button_image_size": [ "100%", "100%" ],
                "anchor_to": "left_middle",
                "anchor_from": "left_middle",
                "controls": [
                  {
                    "construction_tab@crafting.construction_left_tab": {
                      
                    }
                  },
                  {
                    "equipment_tab@crafting.equipment_left_tab": {
                      
                    }
                  },
                  {
                    "items_tab@crafting.items_left_tab": {
                      
                    }
                  },
                  {
                    "nature_tab@crafting.nature_left_tab": {
                      
                    }
                  },
                  {
                    "fill_panel_0": {
                      "type": "panel",
                      "size": [ "100%", "fill" ]
                    }
                  },
                  {
                    "search_tab_end_creative@crafting.search_left_tab": {
                      
                    }
                  },
                  {
                    "search_tab_holder": {
                      "ignored": true,
                      "type": "panel",
                      "size": [ "100%", 24 ],
                      "controls": [
                        {
                          "search_tab_end_creative@crafting.search_tab": {
                            "$focus_override_right": "creative_layout_toggle",

                            "bindings": [
                              {
                                "binding_type": "global",
                                "binding_name": "#is_creative_and_recipe_book_layout",
                                "binding_name_override": "#visible"
                              }
                            ]
                          }
                        },
                        {
                          "search_tab_creative@crafting.search_tab": {
                            "$is_right_most_tab": false,
                            "$focus_override_right": "creative_layout_toggle",

                            "bindings": [
                              {
                                "binding_type": "global",
                                "binding_name": "#is_creative_and_creative_layout",
                                "binding_name_override": "#visible"
                              }
                            ]
                          }
                        },
                        {
                          "search_tab_survival@crafting.search_tab": {
                            "$focus_override_right": "recipe_book_layout_toggle",

                            "bindings": [
                              {
                                "binding_type": "global",
                                "binding_name": "(not #is_creative_mode)",
                                "binding_name_override": "#visible"
                              }
                            ]
                          }
                        },
                        {
                          "open_search_tab@game_tip.open_search_tab_factory": {
                          }
                        }
                      ]
                    }
                  }
                ]
              }
            }
          ]
        }
      }
    ]
  },

	"recipe_book/tab_navigation_panel": {
		"size": [ 24, "100%" ],
          "offset": [ -2, 0 ],
          "anchor_to": "right_middle",
          "anchor_from": "left_middle" },
/*
	"cell_image_classic": {
		"ignored": true },
*/
	"player_inventory/common_panel": {
		"$dialog_background": "container_dialog_bg",
		"$shadow_texture": "textures/ui/dialog_shadow_no_right" },

	"crafting_arrow": {
		"controls": [
			{	"auto_craft_button@common_buttons.light_content_button": {
					"$pressed_button_name": "button.crafting_output_tertiary",
					"$buttonBorderIgnore": false,
					"$default_button_texture": "",
					"$hover_button_texture": "",
					"$pressed_button_texture": "",
					"size": [ "100% + 4px", "100% + 4px" ],
					"offset": [ -2, -2 ],
					"anchor_from": "top_left",
					"anchor_to": "top_left",
					"property_bag": {
						"#collection_name": "crafting_output_items",
						"#collection_index": 0 },
					"layer": 2 }
			}
		] },

	"crafting_arrow_large": {
		"controls": [
			{	"auto_craft_button@common_buttons.light_content_button": {
					"$pressed_button_name": "button.crafting_output_tertiary",
					"$buttonBorderIgnore": false,
					"$default_button_texture": "",
					"$hover_button_texture": "",
					"$pressed_button_texture": "",
					"size": [ "100% + 4px", "100% + 4px" ],
					"offset": [ -2, -2 ],
					"anchor_from": "top_left",
					"anchor_to": "top_left",
					"property_bag": {
						"#collection_name": "crafting_output_items",
						"#collection_index": 0 },
					"layer": 2 }
			}
		] },
/*
	"crafting_grid_2x2_with_label": {
		"modifications": [
			{	"array_name": "controls",
				"operation": "insert_back",
				"value": [
					{	"grid_background@common.black_border": {
							"size": [ 36, 36 ],
							"offset": [ 0, 11 ],
							"anchor_from": "top_left",
							"anchor_to": "top_left",
							"layer": 2 }
					}
				] }
		] },

	"output_grid_2x2/work_bench_output": { },

	"output_grid_3x3/work_bench_output": { },

	"crafting_grid_3x3_with_label": {
		"modifications": [
			{	"array_name": "controls",
				"operation": "insert_back",
				"value": [
					{	"grid_background@common.black_border": {
							"size": [ 54, 54 ],
							"offset": [ 0, 11 ],
							"anchor_from": "top_left",
							"anchor_to": "top_left",
							"layer": 2 }
					}
				] }
		] },
*/
	"player_armor_panel/player_bg": {
		"type": "panel",
		"alpha": 0,
		"modifications": [
			{	"array_name": "controls",
				"operation": "insert_back",
				"value": [
					{	"hover_button": {
							"type": "button",
							"hover_control": "follow_button",
							"layer": 1,
							"controls": [
								{	"follow_button": {
										"type": "button",
										"size": [ 16, 16 ],
										"follows_cursor": true,
										"consume_hover_events": false,
										"layer": 1,
										"controls": [
											{	"inventory_player_state_panel@crafting.inventory_player_state_panel": {
													"offset": [ 8, -8 ],
													"anchor_from": "center",
													"anchor_to": "top_left" } }
										] }
								}
							] }
					}
				] }
		] },

	"player_armor_panel/player_preview_border": {
		"type": "image",
		"texture": "textures/ui/cell_image" },
/*
	"player_armor_panel/armor_grid/head_grid_item": {
		"$background_images": "empty_panel" },

	"player_armor_panel/armor_grid/chest_grid_item": {
		"$background_images": "empty_panel" },

	"player_armor_panel/armor_grid/legs_grid_item": {
		"$background_images": "empty_panel" },

	"player_armor_panel/armor_grid/feet_grid_item": {
		"$background_images": "empty_panel" },

	"player_armor_panel/offhand_grid/offhand_grid_item": {
		"$background_images": "empty_panel" },
*
	"player_armor_panel": {
		"modifications": [
			{	"array_name": "controls",
				"operation": "insert_back",
				"value": [
					{	"grid_background@common.black_border": {
							"texture": "textures/ui/inventory_armor_background",
							"size": [ 90, 72 ],
							"offset": [ 7, 7 ],
							"anchor_from": "top_left",
							"anchor_to": "top_left",
							"layer": 1 }
					}
				] }
		] },
*/

	"armor_durability_item": {
		"type": "panel",
		"size": [ "100%", 18 ],

		"collection_index": "$index",

		"bindings": [
			{	"binding_name": "#item_id_aux",
				"binding_type": "collection",
				"binding_collection_name": "$item_collection_name" },
			{	"binding_type": "view",
				"source_property_name": "(not (#item_id_aux = -1))",
				"target_property_name": "#visible" }
		],

		"controls": [
			{	"armor_icon@common.item_renderer": {
					"size": [ 16, 16 ],
					"offset": [ 0, 0 ],
					"anchor_from": "left_middle",
					"anchor_to": "left_middle" }
			}, {	"armor_durability_text": {
					"type": "label",
					"text": "#output_format",
					"text_alignment": "left",

					"size": [ "default", 10 ],
					"offset": [ 24, 0 ],
					"anchor_from": "left_middle",
					"anchor_to": "left_middle",

					"bindings": [
						{	"binding_name": "#item_durability_total_amount",
							"binding_type": "collection",
							"binding_collection_name": "$item_collection_name" },
						{	"binding_name": "#item_durability_current_amount",
							"binding_type": "collection",
							"binding_collection_name": "$item_collection_name" },
						{	"binding_type": "view",
							"source_property_name": "((#output_total_dura < #item_durability_total_amount) - (#output_total_dura > #item_durability_total_amount) + #output_total_dura)",
							"target_property_name": "#output_total_dura" },
						{	"binding_type": "view",
							"source_property_name": "((#output_current_dura < #item_durability_current_amount) - (#output_current_dura > #item_durability_current_amount) + #output_current_dura)",
							"target_property_name": "#output_current_dura" },
						{	"binding_type": "view",
							"source_property_name": "('§_' + #output_current_dura + '/' + #output_total_dura)",
							"target_property_name": "#output_format" },
						{	"binding_type": "view",
							"source_property_name": "(#item_durability_total_amount > 0)",
							"target_property_name": "#visible" }
					] }
			}, {	"item_count_text": {
					"type": "label",
					"text": "#output_format",
					"text_alignment": "left",

					"size": [ "default", 10 ],
					"offset": [ 24, 0 ],
					"anchor_from": "left_middle",
					"anchor_to": "left_middle",

					"bindings": [
						{	"binding_name": "#inventory_stack_count",
							"binding_type": "collection",
							"binding_collection_name": "$item_collection_name" },
						{	"binding_name": "#item_durability_total_amount",
							"binding_type": "collection",
							"binding_collection_name": "$item_collection_name" },
						{	"binding_type": "view",
							"source_property_name": "('x' + #inventory_stack_count)",
							"target_property_name": "#output_format" },
						{	"binding_type": "view",
							"source_property_name": "(#item_durability_total_amount = 0)",
							"target_property_name": "#visible" }
					] }
			}, {	"accent_divider": {
					"type": "image",

					"texture": "textures/ui/white_background",
					"fill": true,
					"color": "$accent_color",

					"size": [ 2, 10 ],
					"offset": [ 20, 0 ],
					"anchor_from": "left_middle",
					"anchor_to": "left_middle",

					"bindings": [
						{	"binding_name": "#item_durability_total_amount",
							"binding_type": "collection",
							"binding_collection_name": "$item_collection_name" },
						{	"binding_name": "#item_durability_current_amount",
							"binding_type": "collection",
							"binding_collection_name": "$item_collection_name" },
						{	"binding_type": "view",
							"source_property_name": "(#item_durability_total_amount = 0 or #item_durability_current_amount > 20)",
							"target_property_name": "#visible" }
					] }
			}, {	"error_divider": {
					"type": "image",

					"texture": "textures/ui/white_background",
					"fill": true,
					"color": "$error_color",

					"size": [ 2, 10 ],
					"offset": [ 20, 0 ],
					"anchor_from": "left_middle",
					"anchor_to": "left_middle",

					"bindings": [
						{	"binding_name": "#item_durability_total_amount",
							"binding_type": "collection",
							"binding_collection_name": "$item_collection_name" },
						{	"binding_name": "#item_durability_current_amount",
							"binding_type": "collection",
							"binding_collection_name": "$item_collection_name" },
						{	"binding_type": "view",
							"source_property_name": "(#item_durability_total_amount > 0 and #item_durability_current_amount < 21)",
							"target_property_name": "#visible" }
					] }
			}
		] },

	"offhand_durability_grid": {
		"type": "stack_panel",
		"orientation": "vertical",

		"size": [ "100%", "100%c" ],
		"offset": [ 0, 0 ],
		"anchor_from": "top_left",
		"anchor_to": "top_left",

		"$item_collection_name": "offhand_items",
		"collection_name": "$item_collection_name",
		"controls": [
			{ "0@crafting.armor_durability_item": { "$index": 0 } }
		] },

	"armor_durability_grid": {
		"type": "stack_panel",
		"orientation": "vertical",

		"size": [ "100%", "100%c" ],
		"offset": [ 0, 0 ],
		"anchor_from": "top_left",
		"anchor_to": "top_left",

		"$item_collection_name": "armor_items",
		"collection_name": "$item_collection_name",
		"controls": [
			{ "0@crafting.armor_durability_item": { "$index": 0 } },
			{ "1@crafting.armor_durability_item": { "$index": 1 } },
			{ "2@crafting.armor_durability_item": { "$index": 2 } },
			{ "3@crafting.armor_durability_item": { "$index": 3 } }
		] },

	"armor_and_offhand_panel": {
		"type": "stack_panel",
		"orientation": "vertical",

		"size": [ 128, "100%c" ],
		"offset": [ 24, 0 ],
		"anchor_from": "bottom_right",
		"anchor_to": "bottom_left",

		"controls": [
			{ "offhand_durability_grid@crafting.offhand_durability_grid": { } },
			{ "armor_durability_grid@crafting.armor_durability_grid": { } }
		] },

	"virtual_button@common.container_slot_button_prototype": {
		"consume_hover_events": false,
		"button_mappings": [
			{	"from_button_id": "button.menu_select",
				"to_button_id": "button.menu_select",
				"mapping_type": "pressed",
				"consume_event": false },
			{	"from_button_id": "button.menu_ok",
				"to_button_id": "button.menu_ok",
				"mapping_type": "focused",
				"consume_event": false }
		] },

	"container_player_renderer": {
		"type": "panel",
		"size": [ 36, 72 ],
		"offset": [ -64, 0 ],
		"anchor_from": "bottom_left",
		"anchor_to": "bottom_left",
		"controls": [
			{	"background": {
					"type": "image",
					"texture": "textures/ui/white_background",
					"fill": true,
					"color": "$surface_color",
					"alpha": 0.5,
					"size": [ "100%", "100%" ],
					"offset": [ 0, 0 ],
					"anchor_from": "top_left",
					"anchor_to": "top_left" }/*
			}, {	"armor_grid": {
					"type": "grid",
					"layer": 1,
					"size": [ 18, 72 ],
					"anchor_from": "top_left",
					"anchor_to": "top_left",
					"offset": [ 0, 0 ],
					"grid_dimensions": [ 1, 4 ],
					"$item_collection_name": "armor_items",
					"collection_name": "$item_collection_name",
					"grid_item_template": "common.container_item",
					"$button_ref": "crafting.virtual_button" }*/
			}, {	"renderer": {
					"type": "custom",
					"renderer": "live_player_renderer",
					"size": [ "60%", "30%" ],
					"offset": [ "20%", "20%" ],
					"anchor_from": "top_left",
					"anchor_to": "top_left",
					"property_bag": {
						"#look_at_cursor": true },
					"layer": 20 }
			}
		] },

	"fastmove_button": {
		"type": "button",
		"collection_index": "$index",

		"consume_hover_events": false,
		"size": [ 24, 24 ],
		"anchor_from": "bottom_left",
		"anchor_to": "bottom_left",

		"layer": 30,

		"bindings": [
			{	"binding_type": "collection_details",
				"binding_collection_name": "$item_collection_name",
				"binding_condition": "once" }
		],

		"button_mappings": [
			{	"from_button_id": "button.menu_select",
				"to_button_id": "button.container_auto_place",
				"mapping_type": "pressed",
				"consume_event": false }
		] },

	"player_inventory": {
		"$enabled_search": true,
		"modifications": [
			{	"array_name": "controls",
				"operation": "insert_back",
				"value": [
					{ "armor_and_offhand_panel@crafting.armor_and_offhand_panel": { } },
					// { "inventory_background@common.inventory_grid_bg": { "layer": 2 } },
					// { "hotbar_background@common.hotbar_grid_bg": { "layer": 2 } },
					{	"item_search_text_edit@common.item_search_text_edit": {
							"$place_holder_text": "inventory.searchTextBox.placeHolderText",
							"offset": [ 0, 4 ],
							"anchor_from": "bottom_right",
							"anchor_to": "top_right" }
					},
					{	"item_mode_panel": {
							"type": "stack_panel",
							"size": [ 24, "100%" ],
							"offset": [ 0, 0 ],
							"anchor_from": "top_right",
							"anchor_to": "top_left",
							"controls": [
								{	"drop_all_button@eui.right_tab_button": {
										"$is_top_most": true,
										"$pressed_button_name": "button.cursor_drop_all",
										"$icon": "textures/ui/container_drop_all" }
								}, {	"drop_one_button@eui.right_tab_button": {
										"$pressed_button_name": "button.cursor_drop_one",
										"$icon": "textures/ui/container_drop_one" }
								}, {	"destroy_button@eui.right_tab_button": {
										"$pressed_button_name": "button.destroy_selection",
										"$icon": "textures/ui/container_destroy" }
								}, {	"fill@eui.dialog_right_tabs_padding_bottom": { }
								}, {	"armordown_button@eui.right_tab_button": {
										"$pressed_button_name": "button.menu_select",
										"$icon": "elytra_common/icon_armordown" }
								}, {	"armordown": {
										"type": "collection_panel",
										"size": [ 24, 0 ],
										"$item_collection_name": "armor_items",
										"collection_name": "$item_collection_name",
										"controls": [
											{ "0@crafting.fastmove_button": { "$index": 0 } },
											{ "1@crafting.fastmove_button": { "$index": 1 } },
											{ "2@crafting.fastmove_button": { "$index": 2 } },
											{ "3@crafting.fastmove_button": { "$index": 3 } }
										] }
								}
							] }
					}
				] }
		] },

	// "container_cell_images/cell_classic": { "ignored": true },
/*
	"recipe_container_cell_images": {
		"bindings": [
			{	"binding_name": "#container_item_background_texture",
				"binding_type": "collection",
				"binding_collection_name": "$item_collection_name",
				"binding_condition": "$cell_images_binding_condition" },
			{	"binding_name": "#container_item_background_texture",
				"binding_name_override": "#texture",
				"binding_type": "collection",
				"binding_collection_name": "$item_collection_name",
				"binding_condition": "$cell_images_binding_condition" },
			{	"binding_type": "view",
				"source_property_name": "(not (#container_item_background_texture = 'textures/ui/cell_image_normal'))",
				"target_property_name": "#visible" }
		] },
*/
	"inventory_player_state_panel": {
		"type": "image",
		"texture": "textures/ui/dialog_background_opaque_transparent",
		"size": [ 89, 47 ],
		"layer": 50,
		"bindings": [
			{	"binding_type": "global",
				"binding_name": "(not #is_creative_mode)",
				"binding_name_override": "#visible" }
		],
		"controls": [
			{	"heart_renderer": {
					"type": "custom",
					"renderer": "heart_renderer",
					"size": [ 1, 1 ],
					"offset": [ 4, 5 ],
					"anchor_from": "top_left",
					"anchor_to": "top_left",
					"layer": 1 }
			}, {	"hunger_renderer": {
					"type": "custom",
					"renderer": "hunger_renderer",
					"size": [ 1, 1 ],
					"offset": [ 84, 15 ],
					"anchor_from": "top_left",
					"anchor_to": "top_left",
					"layer": 1 }
			}, {	"armor_renderer": {
					"type": "custom",
					"renderer": "armor_renderer",
					"size": [ 1, 1 ],
					"offset": [ 4, 35 ],
					"anchor_from": "top_left",
					"anchor_to": "top_left",
					"layer": 1 }
			}, {	"bubbles_renderer": {
					"type": "custom",
					"renderer": "bubbles_renderer",
					"size": [ 1, 1 ],
					"offset": [ 84, 35 ],
					"anchor_from": "top_left",
					"anchor_to": "top_left",
					"layer": 1 }
			}
		] },

	"recipe_inventory_screen_content": {

		"modifications": [
			{	"array_name": "controls",
				"operation": "insert_back",
				"value": [
					{	"hotbar_items": {
							"type": "grid",
							"size": [ 0, 0 ],
							"offset": [ 0, 0 ],
							"anchor_from": "bottom_right",
							"anchor_to": "bottom_right",
							"grid_dimensions": [ 9, 1 ],
							"grid_item_template": "crafting.to_inv_tkb",
							"collection_name": "hotbar_items",
							"layer": 6 }/*
					}, {	"hotbar_big_renderer": {
							"type": "grid",
							"size": [ 64, 64 ],
							"offset": [ 0, 0 ],
							"anchor_from": "bottom_right",
							"anchor_to": "bottom_right",
							"grid_dimensions": [ 1, 1 ],
							"$item_collection_name": "hotbar_items",
							"grid_item_template": "common.item_renderer",
							"collection_name": "hotbar_items",
							"layer": 990 }
					}, {	"hotbar_big_renderer_border": {
							"type": "image",
							"texture": "textures/ui/focus_border_white",
							"size": [ 66, 66 ],
							"offset": [ 1, 1 ],
							"anchor_from": "bottom_right",
							"anchor_to": "bottom_right",
							"layer": 990 }*/
					}, {	"inventory_items": {
							"type": "grid",
							"size": [ 0, 0 ],
							"offset": [ 0, 0 ],
							"anchor_from": "bottom_right",
							"anchor_to": "bottom_right",
							"grid_dimensions": [ 27, 1 ],
							"grid_item_template": "crafting.to_htb_tkb",
							"collection_name": "inventory_items",
							"layer": 6 }
					}, {	"drop_items_Fake@common_buttons.light_text_button": {
							"$button_text": "dropmode.pvp",
							"$default_button_texture": "",
							"$hover_button_texture": "",
							"$pressed_button_texture": "",
							"$border_default_alpha": 0.0,
							"size": [ 24, 24 ],
							"offset": [ 0, 0 ],
							"anchor_from": "bottom_right",
							"anchor_to": "bottom_right",
							"layer": 7,
							"$button_mappings": [
								{	"from_button_id": "button.menu_select",
									"to_button_id": "button.menu_select",
									"mapping_type": "pressed",
									"consume_event": false },
								{	"from_button_id": "button.menu_ok",
									"to_button_id": "button.menu_ok",
									"mapping_type": "focused",
									"consume_event": false }
							] }
					}
				] }
		] },

	"inventory_screen_base": { },

	"crafting_screen": {
		"$screen_bg_content": "common.container_background",
		"close_on_player_hurt": false,
		"$screen_animations": [
			"@_euiNAnim.inventory_exit_animation_push_alpha_outer",
			"@_euiNAnim.inventory_exit_animation_pop_alpha_outer",
			"@_euiNAnim.inventory_entrance_animation_push_alpha_outer",
			"@_euiNAnim.inventory_entrance_animation_pop_alpha_outer",

			"@_euiNAnim.inventory_exit_animation_push_offset_outer",
			"@_euiNAnim.inventory_exit_animation_pop_offset_outer",
			"@_euiNAnim.inventory_entrance_animation_push_offset_outer",
			"@_euiNAnim.inventory_entrance_animation_pop_offset_outer" ],
		"$background_animations": [
			"@_euiNAnim.inventory_exit_animation_push_alpha_outer",
			"@_euiNAnim.inventory_exit_animation_pop_alpha_outer",
			"@_euiNAnim.inventory_entrance_animation_push_alpha_outer",
			"@_euiNAnim.inventory_entrance_animation_pop_alpha_outer" ],
		"variables": [ ] },

	"inventory_screen": {
		"type": "screen",
		"close_on_player_hurt": false,
		"button_mappings": [
			{	"from_button_id": "button.menu_cancel",
				"to_button_id": "button.menu_exit",
				"mapping_type": "global" },
			{	"from_button_id": "button.menu_inventory_cancel",
				"to_button_id": "button.menu_exit",
				"mapping_type": "global" },
			{	"from_button_id": "button.menu_up",
				"to_button_id": "button.menu_up",
				"mapping_type": "global",
				"scope": "view" },
			{	"from_button_id": "button.menu_down",
				"to_button_id": "button.menu_down",
				"mapping_type": "global",
				"scope": "view" },
			{	"from_button_id": "button.menu_left",
				"to_button_id": "button.menu_left",
				"mapping_type": "global",
				"scope": "view" },
			{	"from_button_id": "button.menu_right",
				"to_button_id": "button.menu_right",
				"mapping_type": "global",
				"scope": "view" }
		],
		"$ScreenMain": "@elytra_screen_gameplay_crafting.crafting_layout",
		"$ScreenBackground": "@elytra_common.container_background",
		"controls": [
			{ "NFrameScreenBase@NFrameUI/NFrameScreenBase.NFrameScreenBase": { } }
		] }
}