{	"namespace": "mob_effect",

	"mob_effect_grid_item_2": {
		"type": "panel",
		"size": [ "100%", 24 ],
		"controls": [
{
  "effect_name": {
    "type": "label",
    "color": "$dark_button_default_text_color",
    "shadow": true,
    "anchor_from": "top_left",
    "anchor_to": "top_left",
    "offset": [ 27, 5 ],
    "text_alignment": "left",
    "text": "#mob_effect_name",
    "bindings": [
      {
        "binding_type": "collection",
        "binding_name": "#mob_effect_name",
        "binding_collection_name": "mob_effects_collection",
        "binding_condition": "visible"
      }
    ]
  }},{
  "effect_timer": {
    "type": "label",
    "anchor_from": "bottom_left",
    "anchor_to": "bottom_left",
    "offset": [ 27, -5 ],
    "text": "#mob_effect_timer",
    "color": "$dark_button_secondary_default_text_color",
    "text_alignment": "left",
    "bindings": [
      {
        "binding_type": "collection",
        "binding_name": "#mob_effect_timer",
        "binding_collection_name": "mob_effects_collection",
        "binding_condition": "always_when_visible"
      }
    ]
  }},{
  "effect_icon": {
    "type": "image",
    "size": [ "60%", "60%" ],
    "offset": [ -105, -1 ],
    "texture": "#texture",
    "bindings": [
      {
        "binding_type": "collection",
        "binding_name": "#texture",
        "binding_collection_name": "mob_effects_collection",
        "binding_condition": "visible"
      }
    ]
  }}]},

	"mob_effect_grid_2": {
		"type": "grid",
		"size": [ 240, "default" ],
		"offset": [ 0, 0 ],
		"anchor_from": "top_left",
		"anchor_to": "top_left",
		"grid_item_template": "mob_effect.mob_effect_grid_item_2",
		"grid_dimension_binding": "#mob_effect_grid_size",
		"collection_name": "mob_effects_collection",
		"bindings": [
			{ "binding_name": "#mob_effect_grid_size" }
		] },

	"mob_effect_screen_content": {},

  "mob_effect_screen@common.base_screen": {
    "button_mappings": [
      {
        "from_button_id": "button.menu_cancel",
        "to_button_id": "button.menu_continue",
        "mapping_type": "global"
      },
	    {
		    "from_button_id": "button.mobeffects",
		    "to_button_id": "button.menu_continue",
		    "mapping_type": "global"
	    }
    ],
    "close_on_player_hurt": true,
    "$screen_content": "mob_effect.main_screen"
  }
}