{	"namespace": "pack_infos",

	"_info_1": "QQ: Bugjump (3071882091)",
	"_info_2": "Bilibili: Minecraft君9a7z (1345634151)",

	"_info_3": "未经允许，禁止使用任何此资源包的代码（可参考，但禁止复制）",
	"_info_4": "原作者保留任何权益",

	"section_padding": {
		"type": "panel",
		"size": [ "100%", 2 ] },

	"section_header_panel": {
		"type": "panel",
		"size": [ "100%", 20 ],
		"$is_padding|default": false,
		"controls": [
			{	"background": {
					"ignored": "$is_padding",
					"type": "image",
					"texture": "$control_image",
					"alpha": 0.5,
					"size": [ "100% - 4px", "100% - 4px" ],
					"layer": 1 }
			}, {	"header_text": {
					"ignored": "$is_padding",
					"type": "label",
					"text": "$header_text",
					"color": "$body_text_color",
					"size": [ "default", "default" ],
					"layer": 2 }
			}
		] },

	"section_main_header_panel@pack_infos.section_header_panel": {
		"layer": 19,
		"size": [ "100%", 20 ],
		"anchor_from": "top_left",
		"anchor_to": "top_left" },

	"section_text_panel": {
		"type": "panel",
		"size": [ "100%", 10 ],
		"controls": [
			{	"text": {
					"type": "label",
					"text": "$text",
					"color": "$body_text_color",
					"size": [ "100% - 4px", "default" ],
					"layer": 2 }
			}
		] },

	"sidebar_content_default": {
		"type": "stack_panel",
		"size": [ "100%", "100%c" ],
		"controls": [
			{	"ui_navigation_tab@common.sidebar_tab_toggle": {
					"$toggle_view_binding_name": "elytra_ui_tab_toggle",
					"$toggle_ref_binding_name": "elytra_ui_tab_toggle_verbose",
					"$toggle_label_text": "Elytra UI",
					"$toggle_icon_texture": "elytra_common/pack_icon",
					"$toggle_group_forced_index": 0 }
			}, {	"versions_navigation_tab@common.sidebar_tab_toggle": {
					"$toggle_view_binding_name": "versions_navigation_tab_toggle",
					"$toggle_ref_binding_name": "versions_navigation_tab_toggle_verbose",
					"$toggle_label_text": "packinfos.elytra.sidebar.versions",
					"$toggle_icon_texture": "textures/ui/sidebar_icons/versions",
					"$toggle_group_forced_index": 1 }
			}, {	"addpacks_navigation_tab@common.sidebar_tab_toggle": {
					"$toggle_view_binding_name": "addpacks_navigation_tab_toggle",
					"$toggle_ref_binding_name": "addpacks_navigation_tab_toggle_verbose",
					"$toggle_label_text": "packinfos.elytra.sidebar.addpacks",
					"$toggle_icon_texture": "textures/ui/sidebar_icons/plugins",
					"$toggle_group_forced_index": 2 }
			}, {	"preview_navigation_tab@common.sidebar_tab_toggle": {
					"$toggle_view_binding_name": "preview_navigation_tab_toggle",
					"$toggle_ref_binding_name": "preview_navigation_tab_toggle_verbose",
					"$toggle_label_text": "packinfos.elytra.sidebar.debug",
					"$toggle_icon_texture": "textures/ui/debug_icon",
					"$toggle_group_forced_index": 3 }
			}, {	"debug_navigation_tab@common.sidebar_tab_toggle": {
					"$toggle_view_binding_name": "debug_navigation_tab_toggle",
					"$toggle_ref_binding_name": "debug_navigation_tab_toggle_verbose",
					"$toggle_label_text": "packinfos.elytra.sidebar.debug",
					"$toggle_icon_texture": "textures/ui/debug_icon",
					"$toggle_group_forced_index": 4 }
			}, {	"rail_info_navigation_tab@common.sidebar_tab_toggle": {
					"$toggle_view_binding_name": "rail_info_navigation_tab_toggle",
					"$toggle_ref_binding_name": "rail_info_navigation_tab_toggle_verbose",
					"$toggle_label_text": "packinfos.elytra.sidebar.rail_info",
					"$toggle_icon_texture": "textures/ui/rail_info_icon",
					"$toggle_group_forced_index": 5 }
			}, {	"input_navigation_tab@common.sidebar_tab_toggle": {
					"$toggle_name": "input_toggles",
					"$toggle_view_binding_name": "input_navigation_tab_toggle",
					"$toggle_ref_binding_name": "input_navigation_tab_toggle_verbose",
					"$toggle_label_text": "packinfos.elytra.sidebar.input",
					"$toggle_icon_texture": "",
					"$toggle_group_forced_index": 1,
					"visible": false }
			}, { "divider@sidebar_navigation.sidebar_divider_panel": { } }
		] },

	"sidebar_content_verbose": {
		"type": "stack_panel",
		"size": [ "100%", "100%c" ],
		"controls": [
			{	"ui_tab@common.sidebar_tab_toggle": {
					"$toggle_view_binding_name": "elytra_ui_tab_toggle_verbose",
					"$toggle_ref_binding_name": "elytra_ui_tab_toggle",
					"$toggle_label_text": "Elytra UI",
					"$toggle_icon_texture": "elytra_common/pack_icon",
					"$toggle_group_forced_index": 0 }
			}, {	"versions_navigation_tab@common.sidebar_tab_toggle": {
					"$toggle_view_binding_name": "versions_navigation_tab_toggle_verbose",
					"$toggle_ref_binding_name": "versions_navigation_tab_toggle",
					"$toggle_label_text": "packinfos.elytra.sidebar.versions",
					"$toggle_icon_texture": "textures/ui/sidebar_icons/versions",
					"$toggle_group_forced_index": 1 }
			}, {	"addpacks_navigation_tab@common.sidebar_tab_toggle": {
					"$toggle_view_binding_name": "addpacks_navigation_tab_toggle_verbose",
					"$toggle_ref_binding_name": "addpacks_navigation_tab_toggle",
					"$toggle_label_text": "packinfos.elytra.sidebar.addpacks",
					"$toggle_icon_texture": "textures/ui/sidebar_icons/plugins",
					"$toggle_group_forced_index": 2 }
			}, {	"preview_navigation_tab@common.sidebar_tab_toggle": {
					"$toggle_view_binding_name": "preview_navigation_tab_toggle_verbose",
					"$toggle_ref_binding_name": "preview_navigation_tab_toggle",
					"$toggle_label_text": "packinfos.elytra.sidebar.debug",
					"$toggle_icon_texture": "textures/ui/debug_icon",
					"$toggle_group_forced_index": 3 }
			}, {	"debug_navigation_tab@common.sidebar_tab_toggle": {
					"$toggle_view_binding_name": "debug_navigation_tab_toggle_verbose",
					"$toggle_ref_binding_name": "debug_navigation_tab_toggle",
					"$toggle_label_text": "packinfos.elytra.sidebar.debug",
					"$toggle_icon_texture": "textures/ui/debug_icon",
					"$toggle_group_forced_index": 4 }
			}, {	"rail_info_navigation_tab@common.sidebar_tab_toggle": {
					"$toggle_view_binding_name": "rail_info_navigation_tab_toggle_verbose",
					"$toggle_ref_binding_name": "rail_info_navigation_tab_toggle",
					"$toggle_label_text": "packinfos.elytra.sidebar.rail_info",
					"$toggle_icon_texture": "textures/ui/rail_info_icon",
					"$toggle_group_forced_index": 5 }
			}, {	"input_navigation_tab@common.sidebar_tab_toggle": {
					"$toggle_name": "input_toggles",
					"$toggle_view_binding_name": "input_navigation_tab_toggle_verbose",
					"$toggle_ref_binding_name": "input_navigation_tab_toggle",
					"$toggle_label_text": "packinfos.elytra.sidebar.input",
					"$toggle_icon_texture": "",
					"$toggle_group_forced_index": 1 }
			}, { "divider@sidebar_navigation.sidebar_divider_panel": { } }
		] },

	"input_dialog": {
		"type": "input_panel",
		"size": [ "100%", "100%" ],
		"layer": 1000,
		"modal": true,
		"bindings": [
			{	"binding_type": "view",
				"source_control_name": "input_navigation_tab_toggle",
				"source_property_name": "#toggle_state",
				"target_property_name": "#visible" }
		],
		"controls": [
			{	"input_confirm_stack": {
					"type": "stack_panel",
					"orientation": "vertical",
					"size": [ "100%", "100%" ],
					"controls": [
						{	"exit_toggle@common_toggles.light_text_toggle": {
								"$button_text": "Exit",
								"size": [ 80, 20 ],
								"$toggle_name": "input_toggles",
								"$radio_toggle_group": true,
								"$toggle_group_forced_index": 0 }
						}, {	"input_button@common_buttons.light_text_button": {
								"$button_text": "Input",
								"size": [ 80, 20 ],
								"property_bag": {
									"#output_on_env": "INPUTS" },
								"layer": 1 }
						}, {	"input_box@common.text_edit_box": {
								"max_length": 2147483647,
								"size": [ "100%", 20 ],
								"$text_edit_text_control": "raw_path_oEnv_text_control" }
						}, {	"result_Texture": {
								"type": "image",
								"texture": "#texture",
								"force_texture_reload": true,
								"texture_file_system": "RawPath",
								"size": [ "100%", 80 ],
								"bindings": [
									{	"binding_type": "view",
										"source_control_name": "raw_path_oEnv_text_control",
										"source_property_name": "#item_name",
										"target_property_name": "#texture" }
								] }
						}, {	"test_button@common_buttons.light_text_button": {
								"$button_text": "gui.cancel",
								"size": [ 80, 20 ],
								"layer": 1 }
						}, {	"result_label": {
								"type": "label",
								"text": "#output_on_env",
								"bindings": [
									{ "binding_name": "#output_on_env" }
								] }
						}
					] }
			}
		] },

	"version_panel": {
		"type": "stack_panel",
		"size": [ "100%", "100%c" ],
		"controls": [
			{	"version_title": {
					"type": "label",
					"text": "$version_header",
					"size": [ "100%", "default" ],
					"font_scale_factor": 1.5 }
			}, {	"version_description": {
					"type": "label",
					"text": "$version_description",
					"size": [ "100%", "default" ],
					"font_scale_factor": 1.0 }
			}
		] },

	"versions_content": {
		"type": "stack_panel",
		"size": [ "100%", "100%c" ],
		"controls": [
			{	"v2.6.99@pack_infos.version_panel": {
					"$version_header": "v2.6.99",
					"$version_description": "更新内容:\n    1. HUD 设置加了一堆功能\n    2. null" }
			}, {	"v2.1.4@pack_infos.version_panel": {
					"$version_header": "v2.1.4",
					"$version_description": "更新内容:\n    1. 更新了界面图标\n    2. 加入了这个界面\n    3. 基本上完全更改了 HUD 的设置面板\n    4. 更新了此 UI 的图标 （添加圆角）\n    5. 添加了滚动面板到头的提示" }
			}
		] },

	"elytra_addpacks_content": {
		"type": "stack_panel",
		"orientation": "vertical",
		"size": [ "100%", "100%c" ],
		"controls": [
			{ "order_panel_padding@pack_infos.section_header_panel": { "$is_padding": true, "$header_text": "elytra.addpacks.order" } },
			{ "section_padding@pack_infos.section_padding": { } },
			{ "pack_list@elytra_addpacks.pack_list": { } }
		] },

	"vertical_fill@common.empty_panel": {
		"size": [ "100%", "fill" ] },

	"horizontal_8_padding@common.empty_panel": {
		"size": [ 8, "100%" ] },

	"horizontal_24_padding@common.empty_panel": {
		"size": [ 24, "100%" ] },

	"style_preview_content": {
		"type": "stack_panel",
		"size": [ "100%", "100%c" ],
		"controls": [
			{ "button_banner@pack_infos.section_header_panel": { "$header_text": "preview.button" } },
			{ "button@common_buttons.light_text_button": { "size": [ "100%", 24 ],  "$button_text": "preview.button.control" } },
			{ "switch_banner@pack_infos.section_header_panel": { "$header_text": "preview.switch" } },
			{ "switch@settings_common.option_toggle": { "$option_label": "preview.switch.control" } },
			{ "slider_banner@pack_infos.section_header_panel": { "$header_text": "preview.slider" } },
			{ "slider@settings_common.option_slider": { "$option_label": "preview.slider.control" } },
			{ "progress_bar_indeterminate_banner@pack_infos.section_header_panel": { "$header_text": "preview.progress_bar_indeterminate" } },
			{ "progress_bar_indeterminate@progress_bar.progress_bar_indeterminate": { } },
			{ "progress_bar_determinate_banner@pack_infos.section_header_panel": { "$header_text": "preview.progress_bar_determinate" } },
			{ "progress_bar_determinate@progress_bar.progress_bar_determinate_mock": { "$start_value": [ "50%", "100%" ], "$end_value": [ "50%", "100%" ] } },

			{ "SidebarView@SidebarView.SidebarView": { "size": [ "100%", 200 ] } },

			{	"font_xxxhdpi": {
					"type": "label",
					"text": "preview.font.glyphall",
					"size": [ "100%", "default" ],
					"font_scale_factor": 4.0 }
			}, {	"font_xxhdpi": {
					"type": "label",
					"text": "preview.font.glyphall",
					"size": [ "100%", "default" ],
					"font_scale_factor": 3.0 }
			}, {	"font_xhdpi": {
					"type": "label",
					"text": "preview.font.glyphall",
					"size": [ "100%", "default" ],
					"font_scale_factor": 2.0 }
			}, {	"font_hdpi": {
					"type": "label",
					"text": "preview.font.glyphall",
					"size": [ "100%", "default" ],
					"font_scale_factor": 1.5 }
			}, {	"font_mdpi": {
					"type": "label",
					"text": "preview.font.glyphall",
					"size": [ "100%", "default" ],
					"font_scale_factor": 1.0 }
			}, {	"font_ldpi": {
					"type": "label",
					"text": "preview.font.glyphall",
					"size": [ "100%", "default" ],
					"font_scale_factor": 0.75 }
			}, {	"font_default": {
					"type": "label",
					"text": "preview.font.enAndZh",
					"size": [ "100%", "default" ],
					"font_type": "default" }
			}, {	"font_unicode": {
					"type": "label",
					"text": "preview.font.enAndZh",
					"size": [ "100%", "default" ],
					"font_type": "unicode" }
			}, {	"font_OldSmoothFont": {
					"type": "label",
					"text": "preview.font.enAndZh",
					"size": [ "100%", "default" ],
					"font_type": "OldSmoothFont" }
			}, {	"font_smooth": {
					"type": "label",
					"text": "preview.font.enAndZh",
					"size": [ "100%", "default" ],
					"font_type": "smooth" }
			}, {	"panel": {
					"type": "image",
					"texture": "textures/ui/white_background",
					"color": "white",
					"$accent_color": "green",
					"size": [ "100%", 100 ],
					"controls": [
						{ "progress_bar_indeterminate@progress_bar.progress_bar_indeterminate": { "alpha": 1.0, "color": "black", "size": [ 24, 2 ] } }
					] }
			},

            {
              "cast_image_cycler@common.image_cycler": {
                "size": [ "80%", 60 ],
                "images": [
                  {
                    "texture_path": "textures/ui/default_cast/ftue/00_dcast_lineup.png"
                  },
                  {
                    "texture_path": "textures/ui/default_cast/ftue/01_dcast_lineup_zuri.png"
                  },
                  {
                    "texture_path": "textures/ui/default_cast/ftue/02_dcast_lineup_noor.png"
                  },
                  {
                    "texture_path": "textures/ui/default_cast/ftue/03_dcast_lineup_kai.png"
                  },
                  {
                    "texture_path": "textures/ui/default_cast/ftue/04_dcast_lineup_ari.png"
                  },
                  {
                    "texture_path": "textures/ui/default_cast/ftue/05_dcast_lineup_steve.png"
                  },
                  {
                    "texture_path": "textures/ui/default_cast/ftue/06_dcast_lineup_alex.png"
                  },
                  {
                    "texture_path": "textures/ui/default_cast/ftue/07_dcast_lineup_efe.png"
                  },
                  {
                    "texture_path": "textures/ui/default_cast/ftue/08_dcast_lineup_makena.png"
                  },
                  {
                    "texture_path": "textures/ui/default_cast/ftue/09_dcast_lineup_sunny.png"
                  }
                ]
              }
            },
                        {
                          "text_cycler@common.text_cycler": {
                            "size": [ "100% - 4px", "default" ],
                            "layer": 2,
                            "offset": [ 0, 8 ],
                            "text_alignment": "center",
                            "target_cycler_to_compare": "cast_image_cycler",
                            "text_labels": [
                              "menu.character_cast.ftue_page1",
                              "skin.Standard.Zuri",
                              "skin.Standard.Noor",
                              "skin.Standard.Kai",
                              "skin.Standard.Ari",
                              "skin.Standard.Steve",
                              "skin.Standard.Alex",
                              "skin.Standard.Efe",
                              "skin.Standard.Makena",
                              "skin.Standard.Sunny"
                            ],
                            "$next_page_button_event": "button.next",
                            "$prev_page_button_event": "button.prev"
                          }
                        },
			{ "yao_code@yao_code.screen_panel": { "size": [ "100%", 240 ] } }
		] },

	"main_area": {
		"type": "stack_panel",
		"orientation": "vertical",
		"size": [ "100%", "100%" ],
		"controls": [
			{	"elytra_ui_content": {
					"type": "stack_panel",
					"orientation": "vertical",
					"size": [ "100%", "100%" ],
					"bindings": [
						{	"binding_type": "view",
							"source_control_name": "elytra_ui_tab_toggle",
							"source_property_name": "#toggle_state",
							"target_property_name": "#visible" }
					],
					"controls": [
						{	"header_panel": {
								"type": "stack_panel",
								"orientation": "horizontal",
								"size": [ "100%", 80 ],
								"controls": [
									{ "left_padding@pack_infos.horizontal_24_padding": { } },
									{	"icon": {
											"type": "image",
											"texture": "elytra_common/pack_icon",
											"size": [ "100%y", "100%" ] }
									},
									{ "icon_padding@pack_infos.horizontal_8_padding": { } },
									{	"label_stack_panel": {
											"type": "stack_panel",
											"orientation": "vertical",
											"size": [ "fill", "100%" ],
											"controls": [
												{ "top_padding@pack_infos.vertical_fill": { } },
												{	"elytra_ui_label": {
														"type": "label",
														"text": "Elytra UI",
														"size": [ "default", "default" ],
														"font_scale_factor": 2.0 }
												}, {	"version_label": {
														"type": "label",
														"text": "$elytra_ui_version_label",
														"size": [ "default", "default" ],
														"alpha": 0.5,
														"font_scale_factor": 1.5 }
												},
												{ "bottom_padding@pack_infos.vertical_fill": { } }
											] }
									}
								] }
						}, { "version@pack_infos.section_header_panel": { "$header_text": "$elytra_ui_label" } },
						{ "lib_include@pack_infos.section_header_panel": { "$header_text": "yao_lib.include" } },
						{ "lib_version@pack_infos.section_header_panel": { "$header_text": "$yao_lib_label" } },
						{ "copyrignt_qq@pack_infos.section_header_panel": { "$header_text": "elytra.copyright.qq" } },
						{ "copyrignt_bilibili@pack_infos.section_header_panel": { "$header_text": "elytra.copyright.bilibili" } }
					] }
			},
			{	"devTC": {
					"ignored": true,
					"type": "stack_panel",
					"orientation": "vertical",
					"size": [ "100%", "100%" ],
					"bindings": [
						{	"binding_type": "view",
							"source_control_name": "server_navigation_tab_toggle",
							"source_property_name": "#toggle_state",
							"target_property_name": "#visible" }
					],
					"controls": [
						{ "ads_panel@insert_ads.ads_panel": { } },
{
              "ts@common.text_edit_box": {
                "$option_label": "",
                "$option_place_holder_text": "",
                "$text_edit_text_control": "indev",
                "size": [ "100%", 30 ],
                "offset": [ 0, 0 ],
                "anchor_from": "top_left",
                "anchor_to": "top_left"
              }},{
              "cable@common.text_edit_box": {
                "$option_label": "",
                "$option_place_holder_text": "",
		"$text_edit_text_control_ref": "common.text_edit_box_label_custom_bindings",
                "$text_edit_text_control": "icable",
                "size": [ "100%", 30 ],
                "offset": [ 0, 0 ],
                "anchor_from": "top_left",
                "anchor_to": "top_left",
                "$custom_bindings": [
    
      
                  {
                    "binding_type": "view",
                    "source_control_name": "indev",
                    "source_property_name": "((%.2s * #item_name) - (%.1s * #item_name))",
                    "target_property_name": "#item_name"
                  },
      {
        "binding_type": "$text_color_binding_type",
        "binding_name": "$text_color_binding_name",
        "binding_name_override": "#color"
      },
      {
        "binding_name": "#newline_refresh"
      }
    ]
              }},
              {"label":{"type":"label",
              "text":"#text",
              "size": [ "100%", 20 ],"bindings":[
                  {
                    "binding_type": "view",
                    "source_control_name": "indev",
                    "source_property_name": "(('[已加密§e§p§t§r]§' + (%.1s * #item_name)) + ('§' + ((%.2s * #item_name) - (%.1s * #item_name))) + ('§' + ((%.3s * #item_name) - (%.2s * #item_name))) + ('§' + ((%.4s * #item_name) - (%.3s * #item_name))))",
                    "target_property_name": "#text"
                  }]}},
						//{ "@elytra_addpacks.pack_list": { } },
						/*{ 
  "rotating_text": {
    "type": "carousel_label",
    "shadow": false,
    "color": [ 1.0, 1.0, 1.0, 1.0 ],
    "text": "Override this text, this is the default!",
								"size": [ "100%", 20 ],
    "always_rotate": false,
    "rotate_speed": 0.1,
    "hover_color": [ 1.0, 1.0, 0.2, 1.0 ],
    "hover_alpha": 1.0,
    "pressed_color": [ 1.0, 1.0, 0.2, 1.0 ],
    "pressed_alpha": 0.65,

    "button_mappings": [
      {
        "from_button_id": "button.menu_select",
        "to_button_id": "button.menu_select",
        "mapping_type": "pressed"
      },
      {
        "from_button_id": "button.menu_ok",
        "to_button_id": "button.menu_select",
        "mapping_type": "focused"
      }
    ]
  }
 },*/
            {
              "cast_image_cycler@common.image_cycler": {
                "size": [ "80%", 60 ],
                "images": [
                  {
                    "texture_path": "textures/ui/default_cast/ftue/00_dcast_lineup.png"
                  },
                  {
                    "texture_path": "textures/ui/default_cast/ftue/01_dcast_lineup_zuri.png"
                  },
                  {
                    "texture_path": "textures/ui/default_cast/ftue/02_dcast_lineup_noor.png"
                  },
                  {
                    "texture_path": "textures/ui/default_cast/ftue/03_dcast_lineup_kai.png"
                  },
                  {
                    "texture_path": "textures/ui/default_cast/ftue/04_dcast_lineup_ari.png"
                  },
                  {
                    "texture_path": "textures/ui/default_cast/ftue/05_dcast_lineup_steve.png"
                  },
                  {
                    "texture_path": "textures/ui/default_cast/ftue/06_dcast_lineup_alex.png"
                  },
                  {
                    "texture_path": "textures/ui/default_cast/ftue/07_dcast_lineup_efe.png"
                  },
                  {
                    "texture_path": "textures/ui/default_cast/ftue/08_dcast_lineup_makena.png"
                  },
                  {
                    "texture_path": "textures/ui/default_cast/ftue/09_dcast_lineup_sunny.png"
                  }
                ]
              }
            },
                        {
                          "text_cycler@common.text_cycler": {
                            "size": [ "100% - 4px", "default" ],
                            "layer": 2,
                            "offset": [ 0, 8 ],
                            "text_alignment": "center",
                            "target_cycler_to_compare": "cast_image_cycler",
                            "text_labels": [
                              "menu.character_cast.ftue_page1",
                              "skin.Standard.Zuri",
                              "skin.Standard.Noor",
                              "skin.Standard.Kai",
                              "skin.Standard.Ari",
                              "skin.Standard.Steve",
                              "skin.Standard.Alex",
                              "skin.Standard.Efe",
                              "skin.Standard.Makena",
                              "skin.Standard.Sunny"
                            ],
                            "$next_page_button_event": "button.next",
                            "$prev_page_button_event": "button.prev"
                          }
                        },
						{ "@progress_bar.progress_bar_indeterminate": { } },
						{ "h1@pack_infos.section_header_panel": { "$header_text": "HEAD1" } },
						{ "i1@pack_infos.section_text_panel": { "$text": "MSG1" } },
						{ "i1@pack_infos.section_text_panel": { "$text": "MSG2" } },
						{ "h1@pack_infos.section_header_panel": { "$header_text": "HEAD2" } },
						{ "i1@pack_infos.section_text_panel": { "$text": "MSG1" } },
						{ "i1@pack_infos.section_text_panel": { "$text": "MSG2" } },
						{	"text_edit_box_button@common_buttons.text_edit_box_button": {
								"size": [ "100%", 30 ] }
						},
						{	"render": {
						
								"type": "custom",
								"renderer": "live_horse_renderer",
								"size": [ "100%", 1 ],
								"property_bag": {
									"#entity_id": "minecraft:pig"
								} }
						},
						{	"render2": {
						
								"type": "custom",
								"renderer": "web_view_renderer",
								"size": [ "100%", 50 ],
								"property_bag": {
									"#webview_update": false,
									"#webview_url": "https://bing.cn",
									"#web_view_url": "https://bing.cn",
									"#url": "https://bing.cn"
								} }
						},
						{	"render3": {
						
								"type": "custom",
								"renderer": "vignette_renderer",
								"opacity_override": 1,
								"gui_scale": 2.0,
								"screen_offset": [ 100, 100 ],
								"size": [ "100%", 1 ]
						}
						
						}
					] }
			}, {	"versions_content@common.scrolling_panel": {
					"bindings": [
						{	"binding_type": "view",
							"source_control_name": "versions_navigation_tab_toggle",
							"source_property_name": "#toggle_state",
							"target_property_name": "#visible" }
					],
					"$scrolling_content": "pack_infos.versions_content",
					"$show_background": false }
			}, {	"elytra_addpacks_content@common.scrolling_panel": {
					"bindings": [
						{	"binding_type": "view",
							"source_control_name": "addpacks_navigation_tab_toggle",
							"source_property_name": "#toggle_state",
							"target_property_name": "#visible" }
					],
					"$scrolling_content": "pack_infos.elytra_addpacks_content",
					"$show_background": false,
					"$scrollbar_size_mouse": [ "default", "100% - 20px" ],
					"$scrollbar_offset": [ 0, 20 ] }
			}, {	"style_preview_content@common.scrolling_panel": {
					"bindings": [
						{	"binding_type": "view",
							"source_control_name": "preview_navigation_tab_toggle",
							"source_property_name": "#toggle_state",
							"target_property_name": "#visible" }
					],
					"$scrolling_content": "pack_infos.style_preview_content",
					"$show_background": false }

			}
		] },

	"sds": {
		"type": "panel",
		"size": [ "100%", 400 ],
		"controls": [
			{ "railLines_rec@rail_map.zz_R": { } },
			{ "railLines_1@rail_map.zz_1": { } },
			{ "railLines_1@rail_map.zz_2": { } },
			{ "railLines_1@rail_map.zz_3": { } }
		] },

	"zzs": {
		"type": "panel",
		"size": [ "100%", 400 ],
		"controls": [
			{ "railLines_rec@rail_map.zz_R": { } },
			{ "railLines_1@rail_map.zz_1": { } },
			{ "railLines_2@rail_map.zz_2": { } },
			{ "railLines_3@rail_map.zz_3": { } },
			{ "railLines_4@rail_map.zz_4": { } }
		] },

	"main_content_panel": {
		"type": "panel",
		"controls": [
			{	"main_panel@pack_infos.main_area": {
					"anims": [
						"@common.panel_exit_animation_push",
						"@common.panel_exit_animation_pop",
						"@common.panel_entrance_animation_push",
						"@common.panel_entrance_animation_pop" ],
					"animation_reset_name": "screen_animation_reset",
					"disable_anim_fast_forward": true }
			}, {	"elytra_addpacks_header_content@pack_infos.section_main_header_panel": {
					"$header_text": "elytra.addpacks.order",
					"bindings": [
						{	"binding_type": "view",
							"source_control_name": "addpacks_navigation_tab_toggle",
							"source_property_name": "#toggle_state",
							"target_property_name": "#visible" }
					] }
			}, {	"debug_content@startup.startup_screen": {
					"bindings": [
						{	"binding_type": "view",
							"source_control_name": "debug_navigation_tab_toggle",
							"source_property_name": "#toggle_state",
							"target_property_name": "#visible" }
					] }
			}, {	"rail_info_content": {
					"$0": [ 0.8, 0.8, 0.8 ],
					"$1": [ 0.8, 0.2, 0.2 ],
					"$2": [ 0.2, 0.4, 0.8 ],
					"$3": [ 0.8, 0.8, 0.2 ],
					"$4": [ 0.0, 0.6, 0.2 ],
					"type": "panel",
					// "texture": "textures/ui/white_background",
					// "color": [ 0.2, 0.2, 0.2 ],
					// "keep_ratio": false,
					"size": [ "100%", "100%" ],
					"controls": [
						{ "stations_search_text_edit@rail_map.stations_search_text_edit": { } },
						{	"tabs_panel": {
								"type": "stack_panel",
								"orientation": "horizontal",
								"size": [ "100%", 20 ],
								"offset": [ 0, 0 ],
								"anchor_from": "top_left",
								"anchor_to": "top_left",
								"controls": [
									{	"p_l": {
											"type": "panel",
											"size": [ 4, 0 ] }
									}, {	"sd_r_tab@common.mtl_tab": {
											"$label_text": "山岛地铁",
											"$toggle_name": "rail_sel_tabs",
											"$toggle_group_forced_index": 0,
											"$radio_toggle_group": true,
											"size": [ 80, "100%" ] }
									}, {	"zz_r_tab@common.mtl_tab": {
											"$label_text": "沼泽地铁",
											"$toggle_name": "rail_sel_tabs",
											"$toggle_group_forced_index": 1,
											"$radio_toggle_group": true,
											"size": [ 80, "100%" ] }
									}
								] }
						}, {	"dividerTop": {
								"type": "image",
								"texture": "textures/ui/white_background",
								"color": [ 0.8, 0.8, 0.8 ],
								"keep_ratio": false,
								"size": [ "100%", 1 ],
								"offset": [ 0, 44 ],
								"anchor_from": "top_left",
								"anchor_to": "top_left" }
						}, {	"n_ps": {
								"type": "stack_panel",
								"orientation": "horizontal",
								"size": [ "100%", 20 ],
								"offset": [ 0, 24 ],
								"anchor_from": "top_left",
								"anchor_to": "top_left",
								"controls": [
									{ "1@rail_map.line_indicator": { "$line_main_color": "$1", "$line_code_str": "1" } },
									{ "2@rail_map.line_indicator": { "$line_main_color": "$2", "$line_code_str": "2" } },
									{ "3@rail_map.line_indicator": { "$line_main_color": "$3", "$line_code_str": "3" } },
									{ "4@rail_map.line_indicator": { "$line_main_color": "$4", "$line_code_str": "4" } }
								] }
						}, {	"sd_map@common.scrolling_panel": {
								"size": [ "100%", "100% - 45px" ],
								"offset": [ 0, 45 ],
								"anchor_from": "top_left",
								"anchor_to": "top_left",
								"$scrolling_content": "pack_infos.sds",
								"$show_background": false,
								"bindings": [
									{	"binding_type": "view",
										"source_control_name": "sd_r_tab",
										"source_property_name": "#toggle_state",
										"target_property_name": "#visible" }
								] }
						}, {	"zz_map@common.scrolling_panel": {
								"size": [ "100%", "100% - 45px" ],
								"offset": [ 0, 45 ],
								"anchor_from": "top_left",
								"anchor_to": "top_left",
								"$scrolling_content": "pack_infos.zzs",
								"$show_background": false,
								"bindings": [
									{	"binding_type": "view",
										"source_control_name": "zz_r_tab",
										"source_property_name": "#toggle_state",
										"target_property_name": "#visible" }
								] }/*
						}, {	"1": {
								"type": "image",
								"texture": "yjk",
								"size": [ "200%", "100%" ],
								"color": [ 2.0, 2.0, 2.0 ],
								"keep_ratio": false }*/
						}
					],
					"bindings": [
						{	"binding_type": "view",
							"source_control_name": "rail_info_navigation_tab_toggle",
							"source_property_name": "#toggle_state",
							"target_property_name": "#visible" }
					] }
			}
		] },

	"pack_infos_screen_content": {
		"type": "panel",
		"layer": 2,
		"controls": [
			{ "@pack_infos.input_dialog": { } },
			{	"container": {
					"type": "input_panel",
					"size": [ "100%", "100%" ],
					"offset": [ 0, 0 ],
					"anchor_from": "top_left",
					"anchor_to": "top_left",
					"controls": [
						{	"content@common.navigation_topbar_layout": {
								"$main_control": "@common.sidebar_view",
								"size": [ "100%", "100%" ],
								"offset": [ 0, 0 ],
								"anchor_from": "top_left",
								"anchor_to": "top_left",
								"$screen_main_panel_ref": "@pack_infos.main_content_panel",
								"$default_sidebar_content": "pack_infos.sidebar_content_default",
								"$verbose_sidebar_content": "pack_infos.sidebar_content_verbose",
								"$show_sidebar_button": false,
								"$button_text": "menu.packinfos",
								"$sidebar_button_pressed_button_name": "button.editor_settings",
								"$sidebar_button_button_text": "Go Settings" }
						}
					] }
			
			}/*,
			{	"1@common_buttons.light_content_button": {
					"size": [ 80, 60 ],
					"offset": [ 0, 0 ],
					"anchor_from": "top_left",
					"anchor_to": "top_left",
					"consume_events": false,
					"consume_hover_events": false,
					"layer": 1000 }
			},
			{	"2@common_buttons.light_content_button": {
					"size": [ 80, 60 ],
					"offset": [ 40, 20 ],
					"anchor_from": "top_left",
					"anchor_to": "top_left",
					"consume_events": false,
					"consume_hover_events": false,
					"layer": 1001 }
			}*/
		] }
}