{	"namespace": "pack_settings",

	"_info.1": "QQ: Bugjump (3071882091)",
	"_info.2": "Bilibili: Minecraft君9a7z (1345634151)",

	"_info_3": "未经允许，禁止使用任何此资源包的代码（可参考，但禁止复制）",
	"_info_4": "原作者保留任何权益",

	"scrollable_screen_content": {
		"type": "panel",
		"size": [ "100%", "100%c" ],
		"controls": [
			{	"scrolling_content@pack_settings.consume_scrolling_content": {
					"size": [ 320, "100%c" ],
					"anchor_from": "top_middle",
					"anchor_to": "top_middle" }
			}
		] },

	"consume_scrolling_content": {
		"type": "input_panel",
		"layer": 30,
		"controls": [
			{ "scrolling_content@pack_settings.scrolling_content": { "size": [ "100%", "100%c" ] } }
		] },

	"wm": {
		"type": "panel",
		"controls": [
			{	"common.scrolling_panel@common.scrolling_panel": {
					"$scrolling_content": "pack_settings.scrollable_screen_content",
					"$show_background": false,
					"$scontent_size": [ "100%", "100%c + 100% - 44px" ],
					"$scrolling_content_anchor_from": "bottom_left",
					"$scrolling_content_anchor_to": "bottom_left",
					"$touch_control": false }
			}, {	"show_on_ui": {
					"type": "input_panel",
					"modal": true,
					"layer": 100,
					"button_mappings": [
						{	"from_button_id": "button.menu_cancel",
							"to_button_id": "button.menu_exit",
							"mapping_type": "global" }
					],
					"bindings": [
						{	"binding_name": "(not ((#pack_settings_title - $elytra_ui_label) = #pack_settings_title))",
							"binding_name_override": "#visible",
							"binding_type": "global",
							"binding_condition": "once" }
					],
					"controls": [
						{	"background_with_content": {
								"type": "image",
								"texture": "textures/ui/white_background",
								"fill": true,
								"color": "$accent_color",
								"size": [ "100%", "100%" ],
								"offset": [ 0, 0 ],
								"anchor_from": "top_left",
								"anchor_to": "top_left",
								"layer": 10,
								"controls": [
									{	"item_name": {
											"type": "label",
											"text": "选择主题",
											"color": "$on_accent_color",
											"size": [ "default", "default" ],
											"offset": [ 0, 42 ],
											"anchor_from": "center",
											"anchor_to": "center",
											"layer": 1 }
									}, {	"confirm_button@common_buttons.light_text_button": {
											"size": [ 80, 24 ],
											"offset": [ 0, 64 ],
											"anchor_from": "center",
											"anchor_to": "center",
											"$pressed_button_name": "button.menu_exit",
											"$button_text": "下一步" }
									}, {	"content_tier_slider@common.slider": {
											"size": [ 128, 64 ],
											"offset": [ 0, 0 ],
											"anchor_from": "center",
											"anchor_to": "center",
											"$slider_box_size": [ 0, 0 ],
											"$slider_name": "content_tier_slider",

											"layer": -9,

											"$slider_binding_type": "global",
											"$slider_value_binding_name": "#content_tier_value",

											"$slider_steps_binding_type": "global",
											"$slider_steps_binding_name": "#content_tier_steps" }
									}, {	"tier_thumbs": {
											"type": "stack_panel",
											"orientation": "horizontal",
											"layer": 3,
											"size": [ 136, 64 ],
											"offset": [ 0, 0 ],
											"anchor_from": "center",
											"anchor_to": "center",
											"controls": [
												{	"Theme.DarkTrans": {
														"type": "image",
														"texture": "elytra_common/Theme.DarkTrans",
														"size": [ 64, 64 ],
														"controls": [
															{	"thumb_selected_background": {
																	"type": "image",
																	"texture": "textures/ui/white_background",
																	"color": "$on_accent_color",
																	"size": [ "100% + 8px", "100% + 8px" ],
																	"offset": [ 0, 0 ],
																	"anchor_from": "center",
																	"anchor_to": "center",
																	"layer": -1,
																	"bindings": [
																		{	"binding_type": "view",
																			"source_control_name": "content_tier_slider",
																			"source_property_name": "(#slider_value = 0)",
																			"target_property_name": "#visible" }
																	] }
															}
														] }
												}, {	"spacer_1": {
														"type": "panel",
														"size": [ 8, 64 ] }
												}, {	"Theme.LightTrans": {
														"type": "image",
														"texture": "elytra_common/Theme.LightTrans",
														"size": [ 64, 64 ],
														"controls": [
															{	"thumb_selected_background": {
																	"type": "image",
																	"texture": "textures/ui/white_background",
																	"color": "$on_accent_color",
																	"size": [ "100% + 8px", "100% + 8px" ],
																	"offset": [ 0, 0 ],
																	"anchor_from": "center",
																	"anchor_to": "center",
																	"layer": -1,
																	"bindings": [
																		{	"binding_type": "view",
																			"source_control_name": "content_tier_slider",
																			"source_property_name": "(#slider_value = 1)",
																			"target_property_name": "#visible" }
																	] }
															}
														] }/*
												}, {	"spacer_2": {
														"type": "panel",
														"size": [ 8, 64 ] }
												}, {	"Theme.CoreMode": {
														"type": "image",
														"texture": "elytra_common/Theme.CoreMode",
														"size": [ 64, 64 ],
														"controls": [
															{	"thumb_selected_background": {
																	"type": "image",
																	"texture": "textures/ui/white_background",
																	"color": "$on_accent_color",
																	"size": [ "100% + 8px", "100% + 8px" ],
																	"offset": [ 0, 0 ],
																	"anchor_from": "center",
																	"anchor_to": "center",
																	"layer": -1,
																	"bindings": [
																		{	"binding_type": "view",
																			"source_control_name": "content_tier_slider",
																			"source_property_name": "(#slider_value = 2)",
																			"target_property_name": "#visible" }
																	] }
															}
														] }*/
												}
											] }
									}
								] }
						}
					] }
			}
		] },

	"screen": {
		"force_render_below": true,
		"$screen_content": "pack_settings.wm",
		"$screen_bg_content": "common.fade_background_with_button",
		"$fade_background_button_name": "button.menu_exit",
		"$screen_animations": [
			"@common.panel_exit_animation_push",
			"@common.panel_exit_animation_pop",
			"@common.panel_entrance_animation_push",
			"@common.panel_entrance_animation_pop" ] }
}
