{	"namespace": "pause",

	"_info.1": "QQ: Bugjump (3071882091)",
	"_info.2": "Bilibili: Minecraft君9a7z (1345634151)",

	"_info_3": "未经允许，禁止使用任何此资源包的代码（可参考，但禁止复制）",
	"_info_4": "原作者保留任何权益",

  "players_grid_scroll_panel@common.scrolling_panel": {
    "$scrolling_content": "pause.players_grid",
    "$show_background": false,
    "$scroll_track_size": [ 5, "100% - 4px" ],
    "$scroll_track_offset": [ -4, 2 ]
  },

	"take_screenshot_icon": { "size": [ 15, 11 ] },

	"button_panel_exit_base": {
		"anim_type": "size",
		"easing": "out_cubic",
		"duration": 0.5,
		"from": [ "100%", "100%c + 2px" ],
		"to": [ "100%", 0 ],
		"end_event": "screen.exit_end" },

	"button_panel_exit_push@pause.button_panel_exit_base": {
		"play_event": "screen.exit_push" },

	"button_panel_exit_pop@pause.button_panel_exit_base": {
		"play_event": "screen.exit_pop" },

	"button_panel_entrance_base": {
		"anim_type": "size",
		"easing": "out_cubic",
		"duration": 0.5,
		"from": [ "100%", 0 ],
		"to": [ "100%", "100%c + 2px" ],
		"end_event": "screen.entrance_end" },

	"button_panel_entrance_push@pause.button_panel_entrance_base": {
		"play_event": "screen.entrance_push" },

	"button_panel_entrance_pop@pause.button_panel_entrance_base": {
		"play_event": "screen.entrance_pop" },

	"skin_panel_exit_base": {
		"anim_type": "offset",
		"easing": "out_cubic",
		"duration": 0.5,
		"from": [ 0, 0 ],
		"to": [ 100, 0 ],
		"end_event": "screen.exit_end" },

	"skin_panel_exit_push@pause.skin_panel_exit_base": {
		"play_event": "screen.exit_push" },

	"skin_panel_exit_pop@pause.skin_panel_exit_base": {
		"play_event": "screen.exit_pop" },

	"skin_panel_entrance_base": {
		"anim_type": "offset",
		"easing": "out_cubic",
		"duration": 0.5,
		"from": [ 100, 0 ],
		"to": [ 0, 0 ],
		"end_event": "screen.entrance_end" },

	"skin_panel_entrance_push@pause.skin_panel_entrance_base": {
		"play_event": "screen.entrance_push" },

	"skin_panel_entrance_pop@pause.skin_panel_entrance_base": {
		"play_event": "screen.entrance_pop" },

	"skin_viewer_panel/paper_doll_name_tag": {
		"ignored": false,
		"anchor_to": "top_middle" },

	"skin_viewer_panel/paper_doll_panel/paper_doll": {
		"anims": [ ] },

	"player_permission_button": {
		"$default_button_texture": "textures/ui/button_borderless_light",
		"$hover_button_texture": "textures/ui/button_borderless_lighthover",
		"$pressed_button_texture": "textures/ui/button_borderless_lightpressed" },

	"player_button": {
		"$default_button_texture": "textures/ui/button_borderless_light",
		"$hover_button_texture": "textures/ui/button_borderless_lighthover",
		"$pressed_button_texture": "textures/ui/button_borderless_lightpressed",

		"ignored": false,
		"visible": true,
		"bindings": [
			{	"binding_type": "collection_details",
				"binding_collection_name": "players_collection" }
		] },

	"player_banner": {
		"ignored": true },

	"player_grid_banner_no_focus": {
		"texture": "textures/ui/button_borderless_light" },

  "pause_screen_content_panel": {
    "type": "panel",
    "size": [ "100%", "100%" ],
    "controls": [
			{	"players_grid_modal@common.toggle": {
					"layer": 200,
					"modal": true,
					"$radio_toggle_group": true,
					"$toggle_name": "showing_players_grid_toggle_group",
					"$toggle_group_forced_index": 0,
					"button_mappings": [
						{	"from_button_id": "button.menu_select",
							"to_button_id": "button.menu_select",
							"mapping_type": "global",
							"consume_event": false },
						{	"from_button_id": "button.menu_cancel",
							"to_button_id": "button.menu_cancel",
							"mapping_type": "global",
							"consume_event": false }
					],
					"bindings": [
						{	"binding_type": "view",
							"source_control_name": "showing_players_grid_toggle",
							"source_property_name": "#toggle_state",
							"target_property_name": "#visible" }
					],
					"controls": [
						{	"players_grid@pause.players_grid_scroll_panel": {
								"type": "input_panel",
								"anchor_from": "right_middle",
								"anchor_to": "right_middle",
								"$scroll_panel_consume_hover_events": false,
								"button_mappings": [
									{	"from_button_id": "button.menu_select",
										"to_button_id": "button.menu_select",
										"mapping_type": "pressed" }
								],
								"size": [ 192, "100%" ],
								"layer": 6 }
						}, {	"global_background": {
								"type": "image",
								"texture": "$control_texture",
								"alpha": 0.5,
								"anchor_from": "top_left",
								"anchor_to": "top_left",
								"size": [ "100%", "100%" ],
								"layer": 1 }
						}, {	"list_background": {
								"type": "image",
								"texture": "textures/ui/dialog_background_opaque",
								"anchor_from": "right_middle",
								"anchor_to": "right_middle",
								"size": [ 192, "100%" ],
								"layer": 2 }
						}
					] }
			},
			{ "quit_confirm_dialog_popup@popup_dialog.quit_confirm_dialog_popup": {} },

			// { "ads_content_panel@common.ads_content_panel": { } },

			{	"skin_viewer_panel_container": {
					"type": "panel",
					"size": [ 100, "100%" ],
					"offset": [ 20, 0 ],
					"anchor_from": "left_middle",
					"anchor_to": "left_middle",
					"clips_children": true,
					"controls": [
						{	"skin_viewer@pause.skin_viewer_panel": {
								"size": [ 100, 200 ],
								"anchor_from": "right_middle",
								"anchor_to": "right_middle",
								"anims": [
									"@pause.skin_panel_exit_push",
									"@pause.skin_panel_exit_pop",
									"@pause.skin_panel_entrance_push",
									"@pause.skin_panel_entrance_pop"
								],
								"animation_reset_name": "screen_animation_reset",
								"disable_anim_fast_forward": true }
						}
					] }
			}, {	"button_panel": {
					"type": "panel",
					"size": [ "100%", "100%c + 2px" ],
					"clips_children": true,
					"anims": [
						"@pause.button_panel_exit_push",
						"@pause.button_panel_exit_pop",
						"@pause.button_panel_entrance_push",
						"@pause.button_panel_entrance_pop"
					],
					"animation_reset_name": "screen_animation_reset",
					"disable_anim_fast_forward": true,
					"controls": [
      {
        "java_ui_panel": {
          "type": "stack_panel",
          "orientation": "vertical",
          "size": [ 200, "100%c" ],
          "controls": [
            {
              "continue_and_screenshort": {
                "type": "stack_panel",
                "orientation": "horizontal",
                "size": [ "100%", 20 ],
                "controls": [
                  {
                    "continue_button@common_buttons.light_text_button": {
                      "$pressed_button_name": "button.menu_continue",
                      "$button_text": "menu.returnToGame",
                      "size": [ "fill", "100%" ]
                    }
                  },
                  {
                    "padding": {
                      "ignored": "($is_holographic)",
                      "type": "panel",
                      "size": [ 4, "100%" ]
                    }
                  },
                  {
                    "take_screenshot_button@common_buttons.light_glyph_button": {
                      "ignored": "($is_holographic)",
                      "$pressed_button_name": "button.screenshot",
                      "$button_tts_header": "key.screenshot",
                      "size": [ "100%y", "100%" ],
                      "$button_content": "pause.take_screenshot_icon",
                      "$pressed_alpha": 0.65,
                      "sound_name": "random.screenshot",
                      "sound_volume": 1.0,
                      "sound_pitch": 1.0
                    }
                  }
                ]
              }
            },
            {
              "padding_1": {
                "type": "panel",
                "size": [ "100%", 4 ]
              }
            },
            {
              "achievements_and_store": {
                "type": "stack_panel",
                "orientation": "horizontal",
                "size": [ "100%", 20 ],
                "controls": [
                  {
                    "achievements_button@common_buttons.light_text_button": {
                      "$pressed_button_name": "button.menu_achievements",
                      "$button_text": "gui.achievements",
                      "size": [ "fill", "100%" ]
                    }
                  },
                  {
                    "padding": {
                      "ignored": "($is_holographic)",
                      "type": "panel",
                      "size": [ 4, "100%" ]
                    }
                  },
                  {
                    "store_button@common_buttons.light_text_button": {
                      "ignored": "$is_secondary_client",
                      "$pressed_button_name": "button.menu_store",
                      "$button_text": "$store_button_text",
                      "size": [ "fill", "100%" ],
                      "visible": true,
                      "bindings": [
                        {
                          "binding_name": "#store_button_visible",
                          "binding_name_override": "#visible",
                          "binding_type": "global"
                        }
                      ]
                    }
                  },
                  {
                    "store_disabled_button@common_buttons.light_text_button": {
                      "ignored": "$is_secondary_client",
                      "enabled": false,
                      "$button_text": "Store Is Disabled",
                      "size": [ "fill", "100%" ],
                      "visible": false,
                      "bindings": [
                        {
                          "binding_name": "(not #store_button_visible)",
                          "binding_name_override": "#visible",
                          "binding_type": "global"
                        }
                      ]
                    }
                  },
                  {
                    "store_secondary_button@common_buttons.light_text_button": {
                      "ignored": "(not $is_secondary_client)",
                      "enabled": false,
                      "$button_text": "Not Have Store Button In Secondary Client",
                      "size": [ "fill", "100%" ]
                    }
                  }
                ]
              }
            },
            {
              "padding_2": {
                "type": "panel",
                "size": [ "100%", 4 ]
              }
            },
            {
              "settings_and_dressing_room": {
                "type": "stack_panel",
                "orientation": "horizontal",
                "size": [ "100%", 20 ],
                "controls": [
                  {
                    "settings_button@common_buttons.light_text_button": {
                      "$pressed_button_name": "button.menu_settings",
                      "$button_text": "menu.settings",
                      "size": [ "fill", "100%" ]
                    }
                  },
                  {
                    "padding": {
                      "type": "panel",
                      "size": [ 4, "100%" ]
                    }
                  },
                  {
                    "dressing_room_button@common_buttons.light_text_button": {
                      "$pressed_button_name": "button.to_profile_or_skins_screen",
                      "$button_text": "profileScreen.header",
                      "size": [ "fill", "100%" ]
                    }
                  }
                ]
              }
            },
            {
              "padding_3": {
                "type": "panel",
                "size": [ "100%", 4 ]
              }
            },
            {
              "invite_players_and_player_permission_panel": {
                "type": "stack_panel",
                "orientation": "horizontal",
                "size": [ "100%", 20 ],
                "controls": [
                  {
                    "invite_players_button@common_buttons.light_text_button": {
                      "$pressed_button_name": "button.menu_invite_players",
                      "$button_text": "pauseScreen.invite",
                      "size": [ "50% - 2px", "100%" ],
                      "bindings": [
                        {
                          "binding_name": "#invite_button_visible",
                          "binding_name_override": "#visible",
                          "binding_type": "global"
                        },
                        {
                          "binding_name": "#invite_button_enabled",
                          "binding_name_override": "#enabled"
                        }
                      ]
                    }
                  },
                  {
                    "invite_players_padding": {
                      "type": "panel",
                      "size": [ "50% - 2px", "100%" ],
                      "bindings": [
                        {
                          "binding_name": "(not #invite_button_visible)",
                          "binding_name_override": "#visible",
                          "binding_type": "global"
                        }
                      ]
                    }
                  },
                  {
                    "padding": {
                      "type": "panel",
                      "size": [ 4, "100%" ]
                    }
                  },
                  {
                    "pack_infos_button@common_buttons.light_text_button": {
                      "$pressed_button_name": "button.menu_buy_game",
                      "$button_text": "menu.packinfos",
                      "size": [ "50% - 2px", "100%" ]
                    }
                  }
                ]
              }
            },
            {
              "padding_4": {
                "type": "panel",
                "size": [ "100%", 4 ]
              }
            },
            {
              "quit_and_players_panel": {
                "type": "stack_panel",
                "orientation": "horizontal",
                "size": [ "100%", 20 ],
                "controls": [
            {
              "quit_button@common_buttons.light_text_button": {
                "$pressed_button_name": "button.menu_quit",
                "$button_text": "pauseScreen.quit",
                "size": [ "100% - 48px", 20 ],
								"bindings": [
									{	"binding_type": "view",
										"source_control_name": "quit_confirm_dialog_button_toggle",
										"source_property_name": "#toggle_state",
										"target_property_name": "#visible" } ]
              }
            },
						{	"quit_button_v2@common_toggles.light_text_toggle": {
								"$toggle_name": "quit_confirm_dialog",
								"$toggle_view_binding_name": "quit_confirm_dialog_button_toggle",
								"$radio_toggle_group": true,
								"$toggle_group_forced_index": 1,
								"$pressed_button_name": "button.menu_quit",
								"$button_text": "pauseScreen.quit",
								"size": [ "100% - 48px", 20 ],
								"$button_mappings": [
									{	"from_button_id": "button.menu_select",
										"to_button_id": "button.menu_click_quit_button",
										"mapping_type": "pressed" },
									{	"from_button_id": "button.menu_ok",
										"to_button_id": "button.menu_click_quit_button",
										"mapping_type": "focused" }
								],
								"bindings": [
									{	"binding_type": "view",
										"source_control_name": "quit_confirm_dialog_button_toggle",
										"source_property_name": "(not #toggle_state)",
										"target_property_name": "#visible" } ] }
						},
                  {
                    "padding": {
                      
                      "type": "panel",
                      "size": [ 4, "100%" ]
                    }
                  },
			{	"showing_players_grid_toggle_button@common_toggles.light_content_toggle": {
					"$toggle_view_binding_name": "showing_players_grid_toggle",
					"size": [ 20, 20 ],
					"$radio_toggle_group": true,
					"$toggle_name": "showing_players_grid_toggle_group",
					"$toggle_group_forced_index": 1,
					"$button_content": "pause.player_list_image",
								"$toggle_bindings": [
									{	"binding_type": "view",
										"source_property_name": "(not #toggle_state)",
										"target_property_name": "#visible" } ]
					}
			},
                  {
                    "padding2": {
                      
                      "type": "panel",
                      "size": [ 4, "100%" ]
                    }
                  },
			{	"music_toggle_button@common_toggles.light_content_toggle": {
					"$toggle_view_binding_name": "music_toggle",
					"size": [ 20, 20 ],
					"$radio_toggle_group": true,
					"$toggle_name": "music_toggle_group",
					"$toggle_group_forced_index": 1,
					"$button_content": "pause.music_image",
					"$button_mappings": [
						{	"from_button_id": "button.menu_select",
							"to_button_id": "button.musicbar_expand",
							"mapping_type": "pressed" },
						{	"from_button_id": "button.menu_cancel",
							"to_button_id": "button.musicbar_expand",
							"mapping_type": "focused" }
					],
								"$toggle_bindings": [
									{	"binding_type": "view",
										"source_property_name": "(not #toggle_state)",
										"target_property_name": "#visible" } ]
					}
			}
          ]
        }
      }
          ]
        }
      }
          ]
        }
      }/*
      {
        "screenshort_mode_toggle@common_toggles.light_ui_toggle": {
          "$toggle_view_binding_name": "screenshort_mode",
          "size": [ 20, 20 ],
          "anchor_from": "top_left",
          "anchor_to": "top_left",
          "offset": [ 20, 20 ]
        }
      }*/
    ]
  },

	"player_list_image": {
		"type": "image",
		"texture": "textures/ui/player_list",
		"color": "$glyph_color",
		"size": [ 16, 16 ] },

	"music_image": {
		"type": "image",
		"texture": "textures/ui/music",
		"color": "$glyph_color",
		"size": [ 16, 16 ] },


	"pause_bg@common.container_background": {
					"bindings": [
						{	"binding_type": "view",
							"source_control_name": "panel_toggle",
							"source_property_name": "(not #toggle_state)",
							"target_property_name": "#visible_0" },
						{	"binding_type": "view",
							"source_control_name": "drag_toggle",
							"source_property_name": "(not #toggle_state)",
							"target_property_name": "#visible_1" },
						{	"binding_type": "view",
							"source_property_name": "(#visible_0 and #visible_1)",
							"target_property_name": "#visible" }
]},

	"pause_screen": {
		"absorbs_input": false,
		"$screen_content": "pause.pause_screen_main_panel",
		"$screen_bg_content": "pause.pause_bg",
		"variables": [ ],
		"$screen_animations": [ ],
		"force_render_below": true },

	"pause_screen_main_panel": {
		"type": "panel",
		"controls": [
			{ "music_panel@yao_music.music_panel": { } },
			{	"pause_screen_content@pause.pause_screen_content_panel": {
					"$screen_main_panel_ref": "@pause.pause_screen_content_panel",
					"bindings": [
						{	"binding_type": "view",
							"source_control_name": "panel_toggle",
							"source_property_name": "(not #toggle_state)",
							"target_property_name": "#visible_0" },
						{	"binding_type": "view",
							"source_control_name": "drag_toggle",
							"source_property_name": "(not #toggle_state)",
							"target_property_name": "#visible_1" },
						{	"binding_type": "view",
							"source_property_name": "(#visible_0 and #visible_1)",
							"target_property_name": "#visible" }
					] }
			}, {	"cancel_eating_panel": {
					"type": "input_panel",
					"button_mappings": [
						{	"from_button_id": "button.menu_cancel",
							"to_button_id": "button.menu_cancel",
							"mapping_type": "global" }
					],
					"bindings": [
						{	"binding_type": "view",
							"source_control_name": "panel_toggle",
							"source_property_name": "#toggle_state",
							"target_property_name": "#visible_0" },
						{	"binding_type": "view",
							"source_control_name": "drag_toggle",
							"source_property_name": "#toggle_state",
							"target_property_name": "#visible_1" },
						{	"binding_type": "view",
							"source_property_name": "(#visible_0 or #visible_1)",
							"target_property_name": "#visible" }
					] }
			}, {	"panel_toggle_item@common_toggles.light_ui_toggle": {
					"$toggle_view_binding_name": "panel_toggle",
					"$button_type_panel": "common.empty_panel",
					"size": [ 20, 20 ],
					"offset": [ 20, -20 ],
					"anchor_from": "bottom_left",
					"anchor_to": "bottom_left",
					"$default_texture": "elytra_common/option",
					"$hover_texture": "elytra_common/option",
					"$pressed_texture": "elytra_common/option",
					"$pressed_no_hover_texture": "elytra_common/option",
					"$locked_texture": "elytra_common/option",
					"$locked_alpha": 0.5,
					"$default_border_visible": false,
					"$buttonBorderIgnore": false,
					"$button_mappings": [
						{	"from_button_id": "button.menu_select",
							"to_button_id": "button.menu_select",
							"mapping_type": "double_pressed" }
					],
					"bindings": [
						{	"binding_type": "view",
							"source_control_name": "drag_toggle",
							"source_property_name": "(not #toggle_state)",
							"target_property_name": "#enabled" }
					] }
			}, {	"drag_toggle_item@common_toggles.light_ui_toggle": {
					"$toggle_view_binding_name": "drag_toggle",
					"$button_type_panel": "common.empty_panel",
					"size": [ 20, 20 ],
					"offset": [ 60, -20 ],
					"anchor_from": "bottom_left",
					"anchor_to": "bottom_left",
					"$default_texture": "elytra_common/edit",
					"$hover_texture": "elytra_common/edit",
					"$pressed_texture": "elytra_common/edit",
					"$pressed_no_hover_texture": "elytra_common/edit",
					"$locked_texture": "elytra_common/edit",
					"$locked_alpha": 0.5,
					"$default_border_visible": false,
					"$buttonBorderIgnore": false,
					"$button_mappings": [
						{	"from_button_id": "button.menu_select",
							"to_button_id": "button.menu_select",
							"mapping_type": "double_pressed" }
					],
					"bindings": [
						{	"binding_type": "view",
							"source_control_name": "panel_toggle",
							"source_property_name": "(not #toggle_state)",
							"target_property_name": "#enabled" }
					] }
			}
		] }
}