{	"namespace": "pdp",

	"_info.1": "QQ: Bugjump (3071882091)",
	"_info.2": "Bilibili: Minecraft君9a7z (1345634151)",

	"_info_3": "未经允许，禁止使用任何此资源包的代码（可参考，但禁止复制）",
	"_info_4": "原作者保留任何权益",

	"smooth_buttons_panel": {
		"ignored": false,
		"visible": true,
		"bindings": [ ],
		"modifications": [
			{	"array_name": "controls",
				"control_name": "interact_filling_button",
				"operation": "insert_after",
				"value": [
					{	"free_download_button@common_buttons.light_text_button": {
							"layer": 3,
							"$button_focus_precedence": 9,
							"$pressed_button_name": "button.download_button",
							"$button_text": "FreeDownload",
							"$focus_id": "$interact_button_id",
							"$button_binding_condition": "visible",
							"$button_text_binding_type": "global",
							"$button_text_max_size": [ "100%", 8 ],
							"$is_purchase_button": true,
							"size": [ "100%", 20 ],
							"anchor_from": "top_middle",
							"anchor_to": "top_middle" }
					}
				]
			}
		] },

	"smooth_buttons_panel/purchase_buttons_panel": {
		"ignored": false,
		"visible": true,
		"bindings": [ ] },
/*
	"smooth_buttons_panel/deactivated_purchase_buttons_panel": {
		"ignored": false,
		"visible": true,
		"bindings": [ ] },
*/
	"smooth_buttons_panel/interact_filling_button": {
		"ignored": false,
		"visible": true,
		"bindings": [ ] },

	"smooth_buttons_panel/interact_exit_world_filling_button": {
		"ignored": false,
		"visible": true,
		"bindings": [ ] }
}