{
  "namespace": "persona",

	"select_custom_skin_2@common_buttons.light_text_button": {
		"size": [ 100, 20 ],
		"$ignore_choose_skin|default": true,
		"ignored": "$ignore_choose_skin",
		"anchor_from": "bottom_left",
		"anchor_to": "bottom_left",
		"$pressed_button_name": "button.choose_custom_skin",
		"$button_text": "dr.classic_skins.choose_custom_skin" },

	"select_custom_skin_stack": {
		"controls": [
			{ "select_skin@persona.select_custom_skin_2": { } },
			{ "extra_info@info_popup_button": { } }
		] },


  "persona_screen_content": {
    "type": "panel",
    "size": [ "100%", "100%" ],

		"modifications": [{
			"array_name": "controls",
			"control_name": "main_panel",
			"operation": "replace",
			"value": [{	"content@common.navigation_topbar_layout": {
			"$back_button_pressed_button_name": "button.try_exiting",
			
			"$main_control": "@persona.persona_screen_main_panel",
			"$large_screen": false,
			"$disable_sidebar_offset_mode": true,
			"$screen_main_panel_ref": "@persona.persona_screen_main_panel",
			"$sidebar_content_name": "sidebar_option_factory",
			"$default_sidebar_content": "common_store.sidebar_option_factory",
			"$verbose_sidebar_content": "common_store.sidebar_option_factory",
					"$title_controls": [
						{	"label": {
								"type": "label",
								"text": "#screen_header_title",
								"size": [ "default", "default" ],
								"offset": [ 0, 0 ],
								"anchor_from": "top_left",
								"anchor_to": "top_left",
								"bindings": [
									{ "binding_name": "#screen_header_title" }
								] }
						}
					] }
			}, {	"blur_container_left": {
					"type": "panel",
					"size": [ "100%", "100%" ],
					"offset": [ 32, 25 ],
					"anchor_from": "top_left",
					"anchor_to": "top_left",
					"layer": 50,
					"clips_children": true,
					"bindings": [
						{	"binding_name": "(not #preview_appearance_on)",
							"binding_name_override": "#visible",
							"binding_condition": "always" }
					],
					"controls": [
						{	"container": {
								"type": "panel",
								"size": [ "100%", "100%" ],
								"offset": [ "-50% - 15px", -27 ],
								"anchor_from": "top_left",
								"anchor_to": "top_left",
								"clips_children": true,
								"controls": [
									{	"background_image_blur@common.background_image_blur": {
											"size": [ "100%", "100%" ],
											"offset": [ "50% - 16.5px", 2 ],
											"anchor_from": "top_left",
											"anchor_to": "top_left" }
									}
								] }
						}
					] }
			}, {	"blur_container_right": {
					"type": "panel",
					"size": [ "100%", "100%" ],
					"offset": [ "50% + 18.5px", "100% - 65px" ],
					"anchor_from": "top_left",
					"anchor_to": "top_left",
					"layer": 50,
					"clips_children": true,
					"bindings": [
						{	"binding_name": "(not #preview_appearance_on)",
							"binding_name_override": "#visible",
							"binding_condition": "always" }
					],
					"controls": [
						{	"container": {
								"type": "panel",
								"size": [ "100%", "100%" ],
								"offset": [ "-50% - 20px", "-100% + 63px" ],
								"anchor_from": "top_left",
								"anchor_to": "top_left",
								"clips_children": true,
								"controls": [
									{	"background_image_blur@common.background_image_blur": {
											"size": [ "100%", "100%" ],
											"offset": [ 2.5, 2 ],
											"anchor_from": "top_left",
											"anchor_to": "top_left" }
									}
								] }
						}
					] }
						}
					
			]}]
  },

	"category_toggle": {
		"$checked_toggle_icon": "textures/ui/chevron_white_up",
		"$checked_hover_toggle_icon": "textures/ui/chevron_white_up",
		"$unchecked_toggle_icon": "textures/ui/chevron_white_down",
		"$unchecked_hover_toggle_icon": "textures/ui/chevron_white_down" },

	"persona_category_factory": {
		"factory": {
			"name": "store_section_factory",
			"control_ids": {
				"category_content": "@persona.category_content" },
			"factory_variables": [
				"$category_collection_prefix",
				"$category_collection_name",
				"$accent_color" ] }
	},

	"dialog_background_object_content": {
		"texture": "" },

	"dialog_background_object": {
		"color": [ 0.0, 0.0, 0.0 ],
		"alpha": 0.25 },

	"information_and_selection_stack": {
		"$title_bar_color|default": [ 0.0, 0.0, 0.0 ],
		"$title_bar_alpha|default": 0.5 },

  "persona_screen": {

    "$screen_bg_content": "common.background_image"
  }
}
