{	"namespace": "play",

	"_info_1": "QQ: Bugjump (3071882091)",
	"_info_2": "Bilibili: Minecraft君9a7z (1345634151)",

	"_info_3": "未经允许，禁止使用任何此资源包的代码（可参考，但禁止复制）",
	"_info_4": "原作者保留任何权益",

	"server_toggle_base": {
		"bindings": [
			{	"binding_type": "collection_details",
				"binding_collection_name": "$collection_name" },
			{	"binding_name": "#cross_platform_enabled",
				"binding_name_override": "#enabled" },
			{	"binding_type": "collection",
				"binding_name": "#is_server_info_available_collection",
				"binding_name_override": "#enabled",
				"binding_collection_name": "$collection_name" },
			{	"binding_type": "collection",
				"binding_name": "$toggle_index_binding_name",
				"binding_collection_name": "$collection_name" }
		],
		"$button_mappings": [
			{	"from_button_id": "button.menu_select",
				"to_button_id": "button.menu_select",
				"mapping_type": "pressed" },
			{	"from_button_id": "button.menu_ok",
				"to_button_id": "button.menu_ok",
				"mapping_type": "focused" },
			// 双击事件
			{	"from_button_id": "button.menu_select",
				"to_button_id": "$dobule_pressed_event",
				"mapping_type": "double_pressed" }
		] },

	"featured_server_world_item/server_button": { "$dobule_pressed_event": "button.menu_network_server_item" },
	"more_servers_world_item/additional_server_toggle_base": { "$dobule_pressed_event": "button.menu_network_server_item" },

	"common_scrolling_panel": {
		"$scrolling_pane_size": [ "100%", "100%" ],
		"$fast_scrollbar": true },

	"scrolling_offsets": {
		"size": [ "100%", "100%" ],
		"offset": [ 0, 0 ] },

	"common_scroll_pane": {
		"size": [ "100%", "100%cm" ],
		"offset": [ 0, 0 ] },

	"worlds_scroll_panel": {
		"controls": [
			{ "worlds_list_stack_panel@play.worlds_stack_panel": { } }
		] },

	"server_toggle_base": {
		"$default_texture": "textures/ui/sidebar/button_borderless_light",
		"$hover_texture": "textures/ui/sidebar/button_borderless_lightpressednohover",
		"$pressed_texture": "textures/ui/sidebar/button_borderless_lighthover",
		"$pressed_no_hover_texture": "textures/ui/sidebar/button_borderless_lightpressed" },

	"network_server_world_edit_button": {
		"$default_button_texture": "textures/ui/button_borderless_light",
		"$hover_button_texture": "textures/ui/button_borderless_lighthover",
		"$pressed_button_texture": "textures/ui/button_borderless_lightpressed" },

	"network_world_item_button": {
		"$default_button_texture": "textures/ui/button_borderless_light",
		"$hover_button_texture": "textures/ui/button_borderless_lighthover",
		"$pressed_button_texture": "textures/ui/button_borderless_lightpressed" },

	"worlds_stack_panel": {
		"modifications": [
			{	"array_name": "controls",
				"control_name": "worlds_label",
				"operation": "insert_before",
				"value": [
					{	"last_world_panel": {
							// "ignored": "$pocket_edition",
							"type": "collection_panel",
							"size": [ "100%", 144 ],

							"collection_name": "local_worlds",

							"controls": [
								{	"banner": {
										"type": "image",

										"texture": "textures/ui/white_background",
										"color": "$accent_color",
										"fill": true,
										"layer": 1,

										"size": [ "100%", "100%" ],
										"offset": [ 0, 0 ],
										"anchor_from": "top_left",
										"anchor_to": "top_left" }
								},
								{ "last_played_world@play.last_played_world": { } }
							] }
					}
				] },
			{	"array_name": "controls",
				"control_name": "grid",
				"operation": "insert_after",
				"value": [
					{ "local_world_item_grid_as_search@play.local_world_item_grid_as_search": { } }
				] }
		] },

	"last_played_world": {
		"type": "panel",
		"size": [ "100%", "100%" ],
		"max_size": [ 640, "100%" ],
		"collection_index": 0,
		"layer": 2,
		"controls": [
			{	"border": {
					"type": "image",

					"texture": "textures/ui/white_background",
					"color": [ 0.0, 0.0, 0.0 ],
					"fill": true,
					"layer": 0,

					"size": [ "100%", "100%" ],
					"offset": [ 0, 0 ],
					"anchor_from": "top_left",
					"anchor_to": "top_left" }
			}, {	"screenshot_picture": {
					"type": "image",

					"fill": true,
					"layer": 1,
					"force_texture_reload": true,
					"size": [ "100% - 2px", "100% - 2px" ],
					"offset": [ 1, 1 ],
					"keep_ratio": true,

					"anchor_from": "top_left",
					"anchor_to": "top_left",

					"bindings": [
						{	"binding_name": "#local_world_image",
							"binding_name_override": "#texture",
							"binding_type": "collection",
							"binding_collection_name": "local_worlds" },
						{	"binding_name": "#local_world_texture_source",
							"binding_name_override": "#texture_file_system",
							"binding_type": "collection",
							"binding_collection_name": "local_worlds" }
					] }
			}, {	"button_top_padding": {
					"type": "image",

					"texture": "textures/ui/white_background",
					"fill": true,
					"color": "$surface_color",
					"alpha": 0.5,

					"size": [ "100%", 12 ],
					"offset": [ 0, "100% - 37px" ],
					"anchor_from": "top_left",
					"anchor_to": "top_left",

					"layer": 2 }
			}, {	"button_left_padding": {
					"type": "image",

					"texture": "textures/ui/white_background",
					"fill": true,
					"color": "$surface_color",
					"alpha": 0.5,

					"size": [ "100% - 86px", 20 ],
					"offset": [ 1, "100% - 25px" ],
					"anchor_from": "top_left",
					"anchor_to": "top_left",

					"layer": 2 }
			}, {	"button_right_padding": {
					"type": "image",

					"texture": "textures/ui/white_background",
					"fill": true,
					"color": "$surface_color",
					"alpha": 0.5,

					"size": [ 4, 20 ],
					"offset": [ "100% - 5px", "100% - 25px" ],
					"anchor_from": "top_left",
					"anchor_to": "top_left",

					"layer": 2 }
			}, {	"button_bottom_padding": {
					"type": "image",

					"texture": "textures/ui/white_background",
					"fill": true,
					"color": "$surface_color",
					"alpha": 0.5,

					"size": [ "100%", 4 ],
					"offset": [ 0, "100% - 5px" ],
					"anchor_from": "top_left",
					"anchor_to": "top_left",

					"layer": 2 }
			}, {	"play_button@common_buttons.light_text_button": {
					"$pressed_button_name": "button.menu_start_local_world",
					"$button_text": "playScreen.playOnLast.play",

					"$button_image_size": [ "100%", "100%" ],

					"size": [ 80, 20 ],
					"offset": [ -5, -5 ],
					"anchor_from": "bottom_right",
					"anchor_to": "bottom_right",

					"layer": 2,

					"bindings": [
						{	"binding_type": "collection_details",
							"binding_collection_name": "local_worlds" }
					] }
			}, {	"local_world_name": {
					"type": "label",
					"text": "#local_world_name",
					"localize": false,
					"font_scale_factor": 2.0,
					"size": [ "default", 20 ],
					"offset": [ 5, -15 ],
					"anchor_from": "bottom_left",
					"anchor_to": "bottom_left",
					"layer": 3,
					"bindings": [
						{	"binding_name": "#local_world_name",
							"binding_type": "collection",
							"binding_collection_name": "local_worlds" }
					] }
			}, {	"last_play_label": {
					"type": "label",
					"text": "playScreen.playOnLast",
					"size": [ "default", 10 ],
					"offset": [ 5, -5 ],
					"anchor_from": "bottom_left",
					"anchor_to": "bottom_left",
					"layer": 3 }

			}
		] },

	"swipe_exit_slider@common.slider": { },

	"friends_scroll_panel/stack_panel/header_button": {
		"controls": [
      {
        "padding_0": {
          "type": "panel",
          "size": [ "100%", 2 ]
        }
      },
      {
        "find_friends_label": {
          "type": "label",
          "size": [ "100%", 10 ],
          "color": "$body_text_color",
          "layer": 1,
          "text": "xbox.friendfinder.findFriends"
        }
      },
      {
        "padding_1": {
          "type": "panel",
          "size": [ "100%", 2 ]
        }
      },
			{	"add_friend_button@common_buttons.text_edit_box_button": {
    "layer": 2,
          "$place_holder_text": "xbox.friendfinder.enterGamertag",
          "$text_edit_box_label_anchor_point": "left_middle",
          "$text_edit_box_label_offset": [ 2, 0 ],
          "$text_edit_box_label_size": [ "100% - 6px", 10 ],
    "$pressed_button_name": "button.menu_network_add_friend",
    "$button_text": "networkWorld.add_friend",
    "$button_focus_precedence": 10,
    "$focus_override_up": "close_button",
					"ignored": "((not $supports_add_friend) or $nx_os or $is_ps4)",
          "size": [ "100%", 20 ],
          "bindings": [
            {
              "binding_name": "#add_friend_button_visible",
              "binding_name_override": "#visible",
              "binding_type": "global"
            },
            {
              "binding_name": "#cross_platform_enabled",
              "binding_name_override": "#enabled"
            }
          ]
        }
      },
			{	"padding_2": {
					"type": "panel",
					"size": [ "100%", 2 ] }
			},
      { "join_by_code_popup_header_text@play.join_by_code_popup_header_text": {} },
			{	"panel": {
					"type": "stack_panel",
					"orientation": "horizontal",
					"size": [ "100%", 20 ],
					"controls": [
      {
        "join_by_code_popup_code_text_field@play.join_by_code_popup_code_text_field": {
          "size": [ "fill", "100%" ],
          "anchor_from": "top_left",
          "anchor_to": "top_left"
        }
      },
      {
        "spacing": {
          "type": "panel",
          "size": [ 1, 0 ]
        }
      },
      {
        "join_by_code_popup_join_button@play.join_by_code_popup_join_button": {
          "size": [ 80, "100%" ],
          "anchor_from": "top_left",
          "anchor_to": "top_left"
        }
      }] }
			},
      {
        "info_text@play.join_by_code_popup_help_text": {
					"size": [ "100%", "default" ]
        }
      }
		] },

	"navigation_sectiond_expand_animation": {
		"anim_type": "size",
		"duration": 0.5,
		"easing": "out_cubic",
		"from": [ "100%", 0 ],
		"to": [ "100%", "100%c" ] },

	"navigation_sectiond_collapse_animation": {
		"anim_type": "size",
		"duration": 0.5,
		"easing": "out_cubic",
		"to": [ "100%", 0 ],
		"from": [ "100%", "100%c" ] },

	"world_navigation_sectiond": {
		"type": "stack_panel",
		"orientation": "vertical",
		"size": [ "100%", "100%c" ],
		"bindings": [
			{	"binding_type": "view",
				"source_control_name": "world_navigation_tab_toggle",
				"source_property_name": "#toggle_state",
				"target_property_name": "#visible" }
		],
		"anims": [
			"@play.navigation_sectiond_expand_animation" ],
		"controls": [
			{	"new_world_button@common.inline_sidebar_tab_button": {
					"$pressed_button_name": "button.menu_local_world_create",
					"$toggle_label_text": "selectWorld.createNew",
					"$toggle_icon_texture": "textures/ui/sidebar_icons/new_world" }
			}, {	"quick_play_button@common.inline_sidebar_tab_button": {
					"$pressed_button_name": "button.menu_quick_play",
					"$toggle_label_text": "menu.quickplay",
					"$toggle_icon_texture": "textures/ui/sidebar_icons/play" }
			}, {	"import_world_button@common.inline_sidebar_tab_button": {
					"$pressed_button_name": "button.menu_import_level",
					"$toggle_label_text": "accessibility.play.importWorld",
					"$toggle_icon_texture": "textures/ui/sidebar_icons/import" }
			}, { "divider2@sidebar_navigation.sidebar_divider_panel": { }
			}
		] },

	"world_navigation_sectiond_reverse@play.world_navigation_sectiond": {
		"bindings": [
			{	"binding_type": "view",
				"source_control_name": "world_navigation_tab_toggle",
				"source_property_name": "(not #toggle_state)",
				"target_property_name": "#visible" }
		],
		"anims": [
			"@play.navigation_sectiond_collapse_animation"
		] },

	"sidebar_item_extra_number": {
		"type": "panel",
		"size": [ 30, 24 ],

		"controls": [
			{	"background": {
					"type": "image",
					"texture": "textures/ui/white_background",
					"fill": true,
					"color": "$surface_color",

					"size": [ "100%sm", "100%sm" ],
					"offset": [ 16, 4 ],
					"anchor_from": "top_left",
					"anchor_to": "top_left",

					"layer": 3 }
			}, {	"text": {
					"type": "label",
					"text": "$number_name",
					"color": "$accent_color",

					"size": [ "default", "default" ],
					"offset": [ 16, 4 ],
					"anchor_from": "top_left",
					"anchor_to": "top_left",

					"layer": 4,

					"bindings": [
						{ "binding_name": "$number_name" }
					] }
			}
		] },

	"sidebar_content_default": {
		"type": "stack_panel",
		"size": [ "100%", "100%c" ],
		"controls": [
			{	"last_play_navigation_tab@common.sidebar_tab_toggle": {
					"visible": false,
					"$toggle_view_binding_name": "last_play_navigation_tab_toggle",
					"$toggle_ref_binding_name": "last_play_navigation_tab_toggle_verbose",
					"$toggle_label_text": "selectWorld.tab.lastPlay",
					"$toggle_icon_texture": "textures/ui/sidebar_icons/world_icon",
					"$toggle_group_forced_index": -1 }
			}, {	"world_navigation_tab@common.sidebar_tab_toggle": {
					"$extra_control": "@play.sidebar_item_extra_number",
					"$number_name": "#world_item_count",
					"$toggle_view_binding_name": "world_navigation_tab_toggle",
					"$toggle_ref_binding_name": "world_navigation_tab_toggle_verbose",
					"$toggle_label_text": "selectWorld.tab.worlds",
					"$toggle_icon_texture": "textures/ui/sidebar_icons/world_icon",
					"$toggle_group_forced_index": 0 }
			}, {	"world_navigation_sectiond": {
					"type": "collection_panel",
					"size": [ "100%", "100%c" ],
					"anchor_from": "bottom_left",
					"anchor_to": "bottom_left",
					"clips_children": true,
					"layer": 10,
					"factory": {
						"name": "world_navigation_sectiond_factory",
						"control_name": "play.world_navigation_sectiond",
						"max_children_size": 1 },
					"bindings": [
						{	"binding_type": "view",
							"source_control_name": "world_navigation_tab_toggle",
							"source_property_name": "#toggle_state",
							"target_property_name": "#toggle_state" },
						{	"binding_type": "view",
							"source_property_name": "(1 * #toggle_state)",
							"target_property_name": "#collection_length" }
					] }
			}, {	"world_navigation_sectiond_reverse": {
					"type": "collection_panel",
					"size": [ "100%", "100%c" ],
					"anchor_from": "bottom_left",
					"anchor_to": "bottom_left",
					"clips_children": true,
					"layer": 10,
					"factory": {
						"name": "world_navigation_sectiond_reverse_factory",
						"control_name": "play.world_navigation_sectiond_reverse",
						"max_children_size": 1 },
					"bindings": [
						{	"binding_type": "view",
							"source_control_name": "world_navigation_tab_toggle",
							"source_property_name": "#toggle_state",
							"target_property_name": "#toggle_state" },
						{	"binding_type": "view",
							"source_property_name": "(1 * (not #toggle_state))",
							"target_property_name": "#collection_length" }
					] }
			}, {	"friends_navigation_tab@common.sidebar_tab_toggle": {
					"$toggle_view_binding_name": "friends_navigation_tab_toggle",
					"$toggle_ref_binding_name": "friends_navigation_tab_toggle_verbose",
					"$toggle_label_text": "selectWorld.tab.friends",
					"$toggle_icon_texture": "textures/ui/sidebar_icons/friends_icon",
					"$toggle_group_forced_index": 1 }
			}, {	"server_navigation_tab@common.sidebar_tab_toggle": {
					"$toggle_view_binding_name": "server_navigation_tab_toggle",
					"$toggle_ref_binding_name": "server_navigation_tab_toggle_verbose",
					"$toggle_label_text": "selectWorld.tab.thirdParty",
					"$toggle_icon_texture": "textures/ui/sidebar_icons/server_icon",
					"$toggle_group_forced_index": 2 }
			}, { "divider1@sidebar_navigation.sidebar_divider_panel": { }
			}
		] },

	"sidebar_content_verbose": {
		"type": "stack_panel",
		"size": [ "100%", "100%c" ],
		"controls": [
			{	"last_play_navigation_tab@common.sidebar_tab_toggle": {
					"visible": false,
					"$toggle_view_binding_name": "last_play_navigation_tab_toggle_verbose",
					"$toggle_ref_binding_name": "last_play_navigation_tab_toggle",
					"$toggle_label_text": "selectWorld.tab.lastPlay",
					"$toggle_icon_texture": "textures/ui/sidebar_icons/world_icon",
					"$toggle_group_forced_index": -1 }
			}, {	"world_navigation_tab@common.sidebar_tab_toggle": {
					"$toggle_view_binding_name": "world_navigation_tab_toggle_verbose",
					"$toggle_ref_binding_name": "world_navigation_tab_toggle",
					"$toggle_label_text": "selectWorld.tab.worlds",
					"$toggle_icon_texture": "textures/ui/sidebar_icons/world_icon",
					"$toggle_group_forced_index": 0 }
			}, {	"world_navigation_sectiond": {
					"type": "stack_panel",
					"orientation": "vertical",
					"size": [ "100%", "100%c" ],
					"bindings": [
						{	"binding_type": "view",
							"source_control_name": "world_navigation_tab_toggle",
							"source_property_name": "#toggle_state",
							"target_property_name": "#visible" }
					],
					"controls": [
						{	"new_world_button@common.inline_sidebar_tab_button": {
								"$pressed_button_name": "button.menu_local_world_create",
								"$toggle_label_text": "selectWorld.createNew",
								"$toggle_icon_texture": "textures/ui/sidebar_icons/new_world" }
						}, {	"quick_play_button@common.inline_sidebar_tab_button": {
								"$pressed_button_name": "button.menu_quick_play",
								"$toggle_label_text": "menu.quickplay",
								"$toggle_icon_texture": "textures/ui/sidebar_icons/play" }
						}, {	"import_world_button@common.inline_sidebar_tab_button": {
								"$pressed_button_name": "button.menu_import_level",
								"$toggle_label_text": "accessibility.play.importWorld",
								"$toggle_icon_texture": "textures/ui/sidebar_icons/import" }
						}, { "divider2@sidebar_navigation.sidebar_divider_panel": { }
						}
					] }
			}, {	"friends_navigation_tab@common.sidebar_tab_toggle": {
					"$toggle_view_binding_name": "friends_navigation_tab_toggle_verbose",
					"$toggle_ref_binding_name": "friends_navigation_tab_toggle",
					"$toggle_label_text": "selectWorld.tab.friends",
					"$toggle_icon_texture": "textures/ui/sidebar_icons/friends_icon",
					"$toggle_group_forced_index": 1 }
			}, {	"server_navigation_tab@common.sidebar_tab_toggle": {
					"$toggle_view_binding_name": "server_navigation_tab_toggle_verbose",
					"$toggle_ref_binding_name": "server_navigation_tab_toggle",
					"$toggle_label_text": "selectWorld.tab.thirdParty",
					"$toggle_icon_texture": "textures/ui/sidebar_icons/server_icon",
					"$toggle_group_forced_index": 2 }
			}, { "divider1@sidebar_navigation.sidebar_divider_panel": { }
			}
		] },

	"play_screen": {
		"type": "screen",
		"button_mappings": [
			{	"from_button_id": "button.menu_cancel",
				"to_button_id": "button.menu_exit",
				"mapping_type": "global" },
			{	"from_button_id": "button.menu_up",
				"to_button_id": "button.menu_up",
				"mapping_type": "global",
				"scope": "view" },
			{	"from_button_id": "button.menu_down",
				"to_button_id": "button.menu_down",
				"mapping_type": "global",
				"scope": "view" },
			{	"from_button_id": "button.menu_left",
				"to_button_id": "button.menu_left",
				"mapping_type": "global",
				"scope": "view" },
			{	"from_button_id": "button.menu_right",
				"to_button_id": "button.menu_right",
				"mapping_type": "global",
				"scope": "view" }
		],
		"$ScreenMain": "@elytra_screen_play.play_content",
		"$ScreenBackground": "@elytra_common.background_image",
		"controls": [
			{ "NFrameScreenBase@NFrameUI/NFrameScreenBase.NFrameScreenBase": { } }
		] },

	"play_screen_content_with_startUI": {
		"type": "panel",
		"layer": 2,
		"controls": [
			{ "base@play_screen_content": { } },
			{	"start_sidebar_blur": {
					"type": "image",
					"texture": "elytra_common/start/sidebar_blur",
					"size": [ 40, 192 ],
					"anchor_from": "top_left",
					"anchor_to": "top_left",
					"anims": "$background_animations",
					"animation_reset_name": "screen_animation_reset",
					"disable_anim_fast_forward": true,
					"layer": -1 }
			}, {	"generic_sidebar_blur": {
					"type": "image",
					"texture": "elytra_common/sidebar_blur_fill",
					"keep_ratio": false,
					"size": [ 40, "100% - 192px" ],
					"anchor_from": "bottom_left",
					"anchor_to": "bottom_left",
					"anims": "$background_animations",
					"animation_reset_name": "screen_animation_reset",
					"disable_anim_fast_forward": true,
					"layer": -1 }
			}, {	"start_text_panel_images": {
					"type": "stack_panel",
					"orientation": "horizontal",
					"size": [ "100%", 21 ],
					"anchor_from": "bottom_left",
					"anchor_to": "bottom_left",
					"anims": "$background_animations",
					"animation_reset_name": "screen_animation_reset",
					"disable_anim_fast_forward": true,
					"propagate_alpha": true,
					"layer": -2,
					"controls": [
						{	"left_margin": {
								"type": "image",
								"texture": "elytra_common/start/start_label_fill_blur",
								"size": [ 31, 21 ],
								"keep_ratio": false }
						}, {	"left_text": {
								"type": "image",
								"texture": "elytra_common/start/start_label_left_blur",
								"size": [ 128, 21 ],
								"keep_ratio": false }
						}, {	"middle_fill": {
								"type": "image",
								"texture": "elytra_common/start/start_label_fill_blur",
								"size": [ "fill", 21 ],
								"keep_ratio": false }
						}, {	"right_text": {
								"type": "image",
								"texture": "elytra_common/start/start_label_right_blur",
								"size": [ 80, 21 ],
								"keep_ratio": false }
						}
					] }
			}
		] },

	"play_screen_view@common.sidebar_view": {
		"$screen_main_panel_ref": "@play.play_screen_content_panel",
		"$default_sidebar_content": "play.sidebar_content_default",
		"$verbose_sidebar_content": "play.sidebar_content_verbose",
		"$screen_bg_content": "" },

	"exit_event@common_buttons.light_content_button": {
		"$pressed_button_name": "button.menu_exit",
		"$button_content": "common.empty_panel",
		"$button_image_visible": false,
		"$border_visible": false,
		"layer": -30 },

	"local_world_item_grid": {
		"anchor_from": "top_left",
		"anchor_to": "top_left",
		"grid_item_template": "play.local_world_grid_item",
		"grid_rescaling_type": "horizontal",
		"maximum_grid_items": "#maximum_grid_items",
		"size": [ "100% - 1px", "100%c" ],
		"collection_name": "local_worlds",
		"bindings": [
			{ "binding_name": "#world_item_count" },
			{	"binding_type": "view",
				"source_property_name": "(#world_item_count * 1)",
				"target_property_name": "#maximum_grid_items" }
		] },

	"worlds_search_text_edit@common.text_edit_box": {
		"$text_edit_text_control": "worlds_search_text_edit_text_control",
		"$place_holder_text": "worlds.searchTextBox.placeHolderText",
		"enabled": false,
		"$text_clear_button_enabled": false,
		"$magnifying_glass_enabled": false,
		"size": [ 120, 16 ],
		"offset": [ -4, 4 ],
		"anchor_from": "top_right",
		"anchor_to": "top_right",
		"layer": 2 },

	"worlds_search_text_edit_panel": {
		"type": "panel",
		"size": [ "fill", "100%" ],
		"controls": [
			{ "worlds_search_text_edit@play.worlds_search_text_edit": { } }
		] },

	"local_world_item_grid_as_search": {
		"type": "stack_panel",
		"size": [ "100%", "100%c" ],
		"anchor_from": "top_left",
		"anchor_to": "top_left",
		"collection_name": "local_worlds",
		"factory": {
			"name": "search_world_item_factory",
			"control_name": "play.local_world_grid_item_for_searching" },
		"bindings": [
			{ "binding_name": "#world_item_count" },
			{	"binding_type": "view",
				"source_property_name": "(#world_item_count * 1)",
				"target_property_name": "#collection_length" }
		] },

	"local_world_item_grid_resizer": {
		"type": "grid",
		"grid_item_template": "play.local_world_grid_item_sizebase",
		"grid_dimension_binding": "#local_world_item_grid_dimension",
		"size": [ "100% - 1px", "default" ],
		"bindings": [
			{ "binding_name": "#local_world_item_grid_dimension" }
		] },

	"local_world_grid_item_sizebase": {
		"type": "panel",
		"size": [ 134, 82.75 ] },

	"local_world_grid_item": {
		"type": "panel",
		"size": [ 134, "100%c - 1px" ],
		"controls": [
			{ "control_core@play.local_world_grid_item_core": { } }
		],
		"bindings": [
			{	"binding_type": "collection_details",
				"binding_collection_name": "local_worlds" },
			{	"binding_type": "collection",
				"binding_name": "#world_button_focus_identifier",
				"binding_name_override": "#focus_identifier",
				"binding_collection_name": "local_worlds" }
		] },

	"local_world_grid_item_core": {
		"type": "panel",
		"size": [ "100% + 1px", 83.75 ],
		"anchor_from": "top_left",
		"anchor_to": "top_left",

		"controls": [
			{	"world_button@play.local_world_grid_item_button": {}
			}, {	"edit_button@common_buttons.light_content_button": {
					"$pressed_button_name": "button.menu_local_world_item_edit",
					"size": [ 20, 20 ],
					"offset": [ -4, -4 ],
					"anchor_from": "bottom_right",
					"anchor_to": "bottom_right",

					"$buttonBorderIgnore": false,

					"$default_button_texture": "elytra_common/edit",
					"$hover_button_texture": "elytra_common/edit",
					"$pressed_button_texture": "elytra_common/edit",
					"$border_default_alpha": 0.0,
					"$button_content": "common.empty_panel",
					"consume_hover_events": false,
					"layer": 17,
					"bindings": [
      {
        "binding_type": "collection_details",
        "binding_collection_name": "local_worlds"
      },
      {
        "binding_type": "collection",
        "binding_name": "#world_button_focus_identifier",
        "binding_name_override": "#focus_identifier",
        "binding_collection_name": "local_worlds"
      }
    ] }
			}
		]/*,

		"bindings": [
			{	"binding_type": "view",
				"source_control_name": "worlds_search_text_edit_text_control",
				"source_property_name": "#item_name",
				"target_property_name": "#search_text" },
			{	"binding_type": "collection_details",
				"binding_collection_name": "local_worlds" },
			{	"binding_name": "#local_world_name",
				"binding_type": "collection",
				"binding_collection_name": "local_worlds" },
			{	"binding_name": "(not (#local_world_name - search_text = local_world_name))",
				"binding_name_override": "#enabled",
				"binding_type": "collection",
				"binding_collection_name": "local_worlds" }
		]*/ },

	"local_world_grid_item_button@common_buttons.light_content_button": {
		"size": [ "100%", "100%" ] ,
		"$button_content": "play.local_world_button_content",
		"anchor_from": "top_left",
		"anchor_to": "top_left",
		
    "$pressed_button_name": "button.menu_start_local_world",
    "bindings": [
      {
        "binding_type": "collection_details",
        "binding_collection_name": "local_worlds"
      },
      {
        "binding_type": "collection",
        "binding_name": "#world_button_focus_identifier",
        "binding_name_override": "#focus_identifier",
        "binding_collection_name": "local_worlds"
      },
			{	"binding_name": "(not (#local_world_date = ''))",
				"binding_name_override": "#visible",
				"binding_type": "collection",
				"binding_collection_name": "local_worlds" }

    ] },

	"local_world_button_content": {
		"type": "panel",
		"size": [ "100% - 2px", "100% - 2px" ],
		"controls": [
			{	"border_image": {
					"type": "image",
					"texture": "textures/ui/focus_border_white",
					"color": "$border_color",
					"size": [ "100% + 2px", "100% + 2px" ],
					"layer": 4 }
			}, {	"screenshot_picture": {
					"type": "image",
					"fill": true,
          "layer": 1,
          "force_texture_reload": true,
          "size": [ "100%", "100%" ],
          "offset": [ 0, 0 ],
          "keep_ratio": true,
          "anchor_from": "top_left",
          "anchor_to": "top_left",
          "bindings": [
            {
              "binding_name": "#local_world_image",
              "binding_name_override": "#texture",
              "binding_type": "collection",
              "binding_collection_name": "local_worlds"
            },
            {
              "binding_name": "#local_world_texture_source",
              "binding_name_override": "#texture_file_system",
              "binding_type": "collection",
              "binding_collection_name": "local_worlds"
            }
          ]}},
			{	"text_background": {
					"type": "image",
					"texture": "$control_image",
					"alpha": 0.5,
					"size": [ "100%", 20 ],
					"anchor_from": "bottom_left",
					"anchor_to": "bottom_left",
					"layer": 2 }
			}, {	"edit_divider": { "ignored": true,
					"type": "image",
					"texture": "textures/ui/white_background",
					"fill": true,
					"alpha": 0.5,
					"color": "$text_color",
					"size": [ 1, 20 ],
					"offset": [ -20, 0 ],
					"anchor_from": "bottom_right",
					"anchor_to": "bottom_right",
					"layer": 3 }
			}, {	"local_world_name@play.world_list_text": {
					"text": "#local_world_name",
					"localize": false,
					"color": "$text_color",
					"size": [ "default", 10 ],
					"max_size": [ 60, 10 ],
					"offset": [ 1, -10 ],
					"anchor_from": "bottom_left",
					"anchor_to": "bottom_left",
					"layer": 3,
					"bindings": [
						{	"binding_name": "#local_world_name",
							"binding_type": "collection",
							"binding_collection_name": "local_worlds" },
						{	"binding_name": "(#local_world_name - ('_disabled' or '_disableButton' or '_disableEdit'))",
							"binding_name_override": "#text",
							"binding_type": "collection",
							"binding_collection_name": "local_worlds" }
					] }
			}, {	"local_world_game_mode@play.world_list_text": {
					"text": "#local_world_game_mode",
					"localize": true,
					"color": "$text_color",
					"alpha": 0.6,
					"size": [ "default", 10 ],
					"offset": [ 1, 0 ],
					"anchor_from": "bottom_left",
					"anchor_to": "bottom_left",
					"layer": 3,
					"bindings": [
						{	"binding_name": "#local_world_game_mode",
							"binding_type": "collection",
							"binding_collection_name": "local_worlds" }
					] }
			}, {	"local_world_date@play.world_list_text": {
					"text": "#local_world_date",
					"localize": false,
					"color": "$text_color",
					"size": [ "default", 10 ],
					"offset": [ -20, -10 ],
					"anchor_from": "bottom_right",
					"anchor_to": "bottom_right",
					"layer": 3,
					"bindings": [
						{	"binding_name": "#local_world_date",
							"binding_type": "collection",
							"binding_collection_name": "local_worlds" }
					] }
			}, {	"local_world_filesize@play.world_list_text": {
					"text": "#local_worldfile_size",
					"localize": true,
					"color": "$text_color",
					"alpha": 0.6,
					"size": [ "default", 10 ],
					"offset": [ -20, 0 ],
					"anchor_from": "bottom_right",
					"anchor_to": "bottom_right",
					"layer": 3,
					"bindings": [
						{	"binding_name": "#local_worldfile_size",
							"binding_type": "collection",
							"binding_collection_name": "local_worlds" }
					] }
			}
		] },

	"local_world_grid_item_for_searching": {
		"type": "panel",
		"size": [ "100%", 20 ],
		"visible": false,
		"controls": [
			{	"text_background": {
					"type": "image",
					"texture": "$control_image",
					"alpha": 0.5,
					"size": [ "100%", "100%" ],
					"anchor_from": "bottom_left",
					"anchor_to": "bottom_left",
					"layer": 2 }
			}, {	"local_world_name@play.world_list_text": {
					"text": "#local_world_name",
					"localize": false,
					"color": "$text_color",
					"size": [ "default", 10 ],
					"max_size": [ 60, 10 ],
					"offset": [ 1, -10 ],
					"anchor_from": "bottom_left",
					"anchor_to": "bottom_left",
					"layer": 3,
					"bindings": [
						{	"binding_name": "#local_world_name",
							"binding_type": "collection",
							"binding_collection_name": "local_worlds" },
						{	"binding_name": "(#local_world_name - ('_disabled' or '_disableButton' or '_disableEdit'))",
							"binding_name_override": "#text",
							"binding_type": "collection",
							"binding_collection_name": "local_worlds" }
					] }
			}, {	"local_world_game_mode@play.world_list_text": {
					"text": "#local_world_game_mode",
					"localize": true,
					"color": "$text_color",
					"alpha": 0.6,
					"size": [ "default", 10 ],
					"offset": [ 1, 0 ],
					"anchor_from": "bottom_left",
					"anchor_to": "bottom_left",
					"layer": 3,
					"bindings": [
						{	"binding_name": "#local_world_game_mode",
							"binding_type": "collection",
							"binding_collection_name": "local_worlds" }
					] }
			}, {	"local_world_date@play.world_list_text": {
					"text": "#local_world_date",
					"localize": false,
					"color": "$text_color",
					"size": [ "default", 10 ],
					"offset": [ -20, -10 ],
					"anchor_from": "bottom_right",
					"anchor_to": "bottom_right",
					"layer": 3,
					"bindings": [
						{	"binding_name": "#local_world_date",
							"binding_type": "collection",
							"binding_collection_name": "local_worlds" }
					] }
			}, {	"local_world_filesize@play.world_list_text": {
					"text": "#local_worldfile_size",
					"localize": true,
					"color": "$text_color",
					"alpha": 0.6,
					"size": [ "default", 10 ],
					"offset": [ -20, 0 ],
					"anchor_from": "bottom_right",
					"anchor_to": "bottom_right",
					"layer": 3,
					"bindings": [
						{	"binding_name": "#local_worldfile_size",
							"binding_type": "collection",
							"binding_collection_name": "local_worlds" }
					] }
			}
		] },

"play_screen_content_panel": {
"type": "panel",
	"controls": [
	{	"tab_content@play.default_tab_content_panel_layout": {
		"size": [ "100%", "100%" ],
		"offset": [ 0, 0 ],
		"anchor_from": "center",
		"anchor_to": "center"
	}
	}
	]
},

	"common_tab_content_panel_type": {
		"size": [ "100%", "100%" ] },

	"worlds_stack_panel/header_button/buttons": {
		"ignored": "(not $disabled_sidebar)" },

	"worlds_stack_panel/realms_panel": {
		"ignored": true },

	"worlds_stack_panel/worlds_label": {
		"ignored": true },
/*
	"common_content_expand_animation": {
		"anim_type": "size",
		"duration": 0.5,
		"easing": "out_cubic",
		"from": [ "100%", 0 ],
		"to": [ "100%", "100%" ] },

	"common_content_collapse_animation": {
		"anim_type": "size",
		"duration": 0.5,
		"easing": "out_cubic",
		"to": [ "100%", 0 ],
		"from": [ "100%", "100%" ] },

	"common_content": {
		"anims": "$anims" },
*/
	"common_tab_content_panel": {
		"controls": [/*
			{	"common_tab_content_factory": {
					"type": "collection_panel",
					"size": [ "100%", "100%" ],
					"anchor_from": "bottom_left",
					"anchor_to": "bottom_left",
					"propagate_alpha": true,
					"layer": 10,
					"$anims": [
						"@play.common_content_expand_animation" ],
					"factory": {
						"name": "tabview_factory",
						"control_name": "$scroll_tab_content",
						"max_children_size": 1 },
					"bindings": [
						{	"binding_type": "view",
							"source_control_name": "$visible_bind_toggle_source_control",
							"source_property_name": "#toggle_state",
							"target_property_name": "#toggle_state" },
						{	"binding_type": "view",
							"source_property_name": "(1 * #toggle_state)",
							"target_property_name": "#collection_length" },
						{	"binding_type": "view",
							"source_property_name": "(1 * #toggle_state)",
							"target_property_name": "#enabled" },
						{	"binding_type": "view",
							"source_property_name": "(1 * #toggle_state)",
							"target_property_name": "#alpha" }
					] }
			}, {	"common_tab_content_reverse_factory": {
					"type": "collection_panel",
					"size": [ "100%", "100%" ],
					"anchor_from": "bottom_left",
					"anchor_to": "bottom_left",
					"propagate_alpha": true,
					"layer": 10,
					"$anims": [
						"@play.common_content_collapse_animation" ],
					"factory": {
						"name": "tabview_reverse_factory",
						"control_name": "$scroll_tab_content",
						"max_children_size": 1 },
					"bindings": [
						{	"binding_type": "view",
							"source_control_name": "$visible_bind_toggle_source_control",
							"source_property_name": "(not #toggle_state)",
							"target_property_name": "#toggle_state" },
						{	"binding_type": "view",
							"source_property_name": "(1 * #toggle_state)",
							"target_property_name": "#collection_length" },
						{	"binding_type": "view",
							"source_property_name": "(1 * #toggle_state)",
							"target_property_name": "#enabled" },
						{	"binding_type": "view",
							"source_property_name": "(1 * #toggle_state)",
							"target_property_name": "#alpha" }
					] }
			}*/
			{ "$scroll_tab_content@$scroll_tab_content": { } }
		],
		"$_bindings": [ ] },

	"text_info_panel": {
		"type": "image",
		"texture": "$control_image",
		"size": [ "100%", 12 ],
		"anchor_from": "bottom_middle",
		"anchor_to": "bottom_middle",
		"alpha": 0.5,
		"controls": [
			{	"stack_panel": {
					"type": "stack_panel",
					"orientation": "horizontal",
					"size": [ "100% - 2px", 10 ],
					"controls": [
						{	"minecraft_version": {
								"type": "label",
								"text": "#version",
								"color": "$body_text_color",
								"bindings": [ { "binding_name": "#version" } ] }
						}, {	"padding_label": {
								"type": "label",
								"text": " | ",
								"color": "$body_text_color" }
						}, {	"mojang_copyright_label": {
								"type": "label",
								"text": "menu.copyright",
								"color": "$body_text_color" }
						}, {	"text_padding": {
								"type": "panel",
								"size": [ "fill", "100%" ] }
						}, {	"elytra_ui_label": {
								"type": "label",
								"text": "$elytra_ui_label",
								"color": "$body_text_color" }
						}
					] }
			}
		] },

	"play_screen_content": {
		"layer": 30,
		"clips_children": true,
		"size": [ "100%", "100%" ],
		"modifications": [{
			"array_name": "controls",
			"control_name": "main_control",
			"operation": "replace",
			"value": [
					// { "dialog_content@manifest_validation.material_dialog_panel": { "bindings": [ ] } },
					// { "SwipeDismissLayout@SwipeDismissLayout.SwipeDismissLayout": { } },
					// { "mp@chat.mp": { } },
					{	"generic_container": {
							"type": "panel",
							"clips_children": true,
							"controls": [
			//{ "swipe_exit_slider@swipe_exit_slider": { } },
			{	"text_panel@play.text_info_panel": { "ignored": true }
			}, {	"trial_nav@play.sidebar_content_default": {
					"ignored": "(not $eui_is_trial_ui)",
					"$sidebar_toggle_size": [ 64, 23 ],
					"size": [ 192, 23 ],
					"offset": [ 72, 0 ],
					"anchor_from": "top_left",
					"anchor_to": "top_left",
					"orientation": "horizontal",
					"controls": [
			{	"world_navigation_tab@common.sidebar_tab_toggle": {
					"$toggle_view_binding_name": "world_navigation_tab_toggle",
					"$toggle_ref_binding_name": "",
					"$toggle_label_text": "selectWorld.tab.worlds",
					"$toggle_icon_texture": "textures/ui/sidebar_icons/world_icon",
					"$toggle_group_forced_index": 0 }
			}, {	"friends_navigation_tab@common.sidebar_tab_toggle": {
					"$toggle_view_binding_name": "friends_navigation_tab_toggle",
					"$toggle_ref_binding_name": "",
					"$toggle_label_text": "selectWorld.tab.friends",
					"$toggle_icon_texture": "textures/ui/sidebar_icons/friends_icon",
					"$toggle_group_forced_index": 1 }
			}, {	"server_navigation_tab@common.sidebar_tab_toggle": {
					"$toggle_view_binding_name": "server_navigation_tab_toggle",
					"$toggle_ref_binding_name": "",
					"$toggle_label_text": "selectWorld.tab.thirdParty",
					"$toggle_icon_texture": "textures/ui/sidebar_icons/server_icon",
					"$toggle_group_forced_index": 2 }
			}
					] }
			}, {	"view@common.navigation_topbar_layout": {
					"ignored": "(not ($ui_style = 'full') or $_is_watch)",
					"$button_text": "menu.play",
					"$main_control": "@common.sidebar_view",
					"$screen_main_panel_ref": "@play.play_screen_content_panel",
					"$disabled_sidebar": "$eui_is_trial_ui",
								"$header_content_panel": "@play.worlds_search_text_edit_panel",

					"$default_sidebar_content": "play.sidebar_content_default",
					"$verbose_sidebar_content": "play.sidebar_content_verbose",
					"$show_sidebar_button": true,
					"$sidebar_button_pressed_button_name": "button.editor_settings",
					"$sidebar_button_button_text": "menu.settings",
								"$sidebar_button_toggle_icon_texture": "textures/ui/sidebar_icons/settings_icon",
					"layer": 80 }
			}, {	"blur_container": {
					"ignored": "(not ($ui_style = 'dialog') or $_is_watch)",
					"type": "panel",
					"size": [ "100%", "100%" ],
					"offset": [ "50% - 160px", 0 ],
					"anchor_from": "top_left",
					"anchor_to": "top_left",
					"layer": 50,
					"clips_children": true,
					"controls": [
						{	"container": {
								"type": "panel",
								"size": [ "100%", "100%" ],
								"offset": [ "-100% + 320px", 0 ],
								"anchor_from": "top_left",
								"anchor_to": "top_left",
								"clips_children": true,
								"controls": [
									{	"background_image_blur@common.background_image_blur_always": {
											"size": [ "100%", "100%" ],
											"offset": [ "50% - 160px", 0 ],
											"anchor_from": "top_left",
											"anchor_to": "top_left" }
									}
								] }
						}
					] }/*
			}, {	"blur_container_fullscreenheader": {
					"ignored": "(not ($ui_style = 'full'))",
					"type": "panel",
					"size": [ "100%", "100%" ],
					"offset": [ 0, 0 ],
					"anchor_from": "top_left",
					"anchor_to": "top_left",
					"layer": 50,
					"clips_children": true,
					"controls": [
						{	"container": {
								"type": "panel",
								"size": [ "100%", "100%" ],
								"offset": [ 0, "-100% + 23px" ],
								"anchor_from": "top_left",
								"anchor_to": "top_left",
								"clips_children": true,
								"controls": [
									{	"background_image_blur@common.background_image_blur": {
											"size": [ "100%", "100%" ],
											"offset": [ 0, "100% - 23px" ],
											"anchor_from": "top_left",
											"anchor_to": "top_left" }
									}
								] }
						}
					] }/*
			}, {	"container": {
					"type": "stack_panel",
					"orientation": "horizontal",
					"size": [ "100%", "100%" ],
					"controls": [
						{	"left_padding": {
								"type": "panel",
								"size": [ "50% - 160px", "100%" ] }
						}*/
			}, {	"container": {
					"ignored": "(not ($ui_style = 'dialog') or $_is_watch)",
					"type": "input_panel",
					"size": [ 320, "100%" ],
					"offset": [ 0, 0 ],
					"anchor_from": "center",
					"anchor_to": "center",
					"controls": [
						{	"common_panel@common.common_panel": {
								"$button_text": "menu.play",
								"$dialog_background": "dialog_background_hollow_3",
								"$fill_alpha": 0.5 }
						}, {	"content@common.sidebar_view": {
								"size": "$dialog_content_size",
								"offset": "$dialog_content_offset",
								"anchor_from": "top_left",
								"anchor_to": "top_left",
								"$disabled_sidebar": "$eui_is_trial_ui",
								"$screen_main_panel_ref": "@play.play_screen_content_panel",
								"$default_sidebar_content": "play.sidebar_content_default",
								"$verbose_sidebar_content": "play.sidebar_content_verbose",
								"$show_sidebar_button": true,
								"$sidebar_button_pressed_button_name": "button.editor_settings",
								"$sidebar_button_button_text": "menu.settings",
								"$sidebar_button_toggle_icon_texture": "textures/ui/sidebar_icons/settings_icon" }
						}
					] }
			
			
			}, {	"containerwatch": {
					"ignored": "(not $_is_watch)",
					"type": "input_panel",
					"size": [ "100%", "100%" ],
					"offset": [ 0, 0 ],
					"anchor_from": "center",
					"anchor_to": "center",
					"controls": [
						{	"common_panel@common.common_panel": { "ignored":true,
								"$dialog_background": "dialog_background_hollow_3",
								"$fill_alpha": 0.5 }
						}, {	"createNewWorld_button@common_buttons.light_text_button": {
								"size": [ "100%", 80 ],
								"anchor_from": "bottom_left",
								"anchor_to": "bottom_left",
								"$button_font_scale_factor": 3.0,
								"$button_text_max_size": [ "100%", "100%" ],
								"$pressed_button_name": "button.menu_local_world_create",
								"$button_text": "+" }
						}, {	"content@common.sidebar_view": {
								// "size": "$dialog_content_size",
								// "offset": "$dialog_content_offset",
								"size": [ "100% + 31px", "100% - 80px" ],
								"offset": [ -31, 0 ],
								"anchor_from": "top_left",
								"anchor_to": "top_left",
								"$disabled_sidebar": false,
								"$screen_main_panel_ref": "@play.play_screen_content_panel",
								"$default_sidebar_content": "play.sidebar_content_default",
								"$verbose_sidebar_content": "play.sidebar_content_verbose",
								"$show_sidebar_button": true,
								"$sidebar_button_pressed_button_name": "button.editor_settings",
								"$sidebar_button_button_text": "menu.settings",
								"$sidebar_button_toggle_icon_texture": "textures/ui/sidebar_icons/settings_icon" }
						}
					] }
			
			}]
		}
			

					
			}]
		}]
		}
}