{	"namespace": "popup_dialog",

	"_info.1": "QQ: Bugjump (3071882091)",
	"_info.2": "Bilibili: Minecraft君9a7z (1345634151)",

	"_info_3": "未经允许，禁止使用任何此资源包的代码（可参考，但禁止复制）",
	"_info_4": "原作者保留任何权益",

	"popup_background_alpha_animation": {
		"anim_type": "alpha",
		"easing": "out_cubic",
		"duration": 0.5,
		"from": 0.0,
		"to": 1.0 },

	"destructive_button_content": {
		"type": "panel",
		"controls": [
			{ "text@common_buttons.new_ui_binding_button_label": {} },
			{	"hover_tooltip@common.static_tooltip_popup_with_image_and_text": {
					"ignored": "(not $hover_state)",
					"$tooltip_text_binding_name": "popup.doubleClickContinue",
					"$tooltip_button_collection_name": "",
					"$tooltip_button_binding_type": "",
					"$ignore_tooltip_popup_image": true }
			}
		] },

	"dialog_whenpopup_background@common.background_image_blur": {
		"alpha": "@popup_dialog.popup_background_alpha_animation",
		"propagate_alpha": true,
		"layer": 750 },

	"dialog_button_style": {
		"type": "panel",
		"controls": [
			{	"button_text": {
					"type": "panel",
					"size": [ "default", "default" ] }
			}
		] },

	"modal_dialog_popup": {
		"type": "input_panel",
		"modal": true,
		"layer": 800,
		"alpha": "@popup_dialog.popup_background_alpha_animation",
		"propagate_alpha": true,
		"button_mappings": [
			{	"from_button_id": "button.menu_cancel",
				"to_button_id": "popup_dialog.escape",
				"mapping_type": "global" }
		],
		"controls": [
			{	"popup_background": {
					"visible": "(not $is_holographic)",
					"type": "image",
					"texture": "$control_image",
					"size": [ "200%", "200%" ],
					"alpha": 0.25,
					"allow_clipping": false,
					"layer": 1 }
			}, {	"blur_container": {
					"type": "panel",
					"size": [ "100%", "100%" ],
					"offset": [ "50% - 100px", "50% - 60px" ],
					"anchor_from": "top_left",
					"anchor_to": "top_left",
					"layer": 6,
					"clips_children": true,
					"controls": [
						{	"container": {
								"type": "panel",
								"size": [ "100%", "100%" ],
								"offset": [ "-100% + 200px", "-100% + 120px" ],
								"anchor_from": "top_left",
								"anchor_to": "top_left",
								"clips_children": true,
								"controls": [
									{	"background_image_blur@common.background_image_blur": {
											"size": [ "100%", "100%" ],
											"offset": [ "50% - 100px", "50% - 60px" ],
											"anchor_from": "top_left",
											"anchor_to": "top_left",
											"layer": 0 }
									}
								] }
						}
					] }
			}, {	"popup_main_panel": {
					"type": "panel",
					"size": [ 200, 120 ],
					"layer": 20,
					"controls": [
						{	"common_panel@common.common_panel": {
								"$dialog_background": "dialog_background_hollow_3",
								"$show_close_button": false }
						}, {	"main_vertical_stack": {
								"type": "stack_panel",
								"orientation": "vertical",
								"size": [ "100%", "100%" ],
								"layer": 10,
								"controls": [
									{	"title_bar": {
											"type": "panel",
											"size": [ "100%", 23 ],
											"controls": [
												{	"title_text": {
														"type": "label",
														"text": "#modal_title_text",
														"color": "$text_color",
														"size": [ "100% - 27px", "default" ],
														"offset": [ 4, 0 ],
														"anchor_from": "left_middle",
														"anchor_to": "left_middle" }
												},
												{ "dialog_title_close_button@common.dialog_title_close_button": { "$pressed_button_name": "popup_dialog.escape" } }
											] }
									}, {	"main_content": {
											"type": "label",
											"text": "#modal_label_text",
											"color": "$text_color",
											"size": [ "100%", "fill" ],
											"offset": [ 0, 0 ],
											"anchor_from": "top_left",
											"anchor_to": "top_left" }
									}, {	"buttons_top_padding": {
											"ignored": "$no_buttons_visible",
											"type": "image",
											"texture": "textures/ui/white_background",
											"fill": true,
											"color": "$surface_color",
											"alpha": 0.5,
											"size": [ "100%", 4 ],
											"offset": [ 0, 0 ],
											"anchor_from": "top_left",
											"anchor_to": "top_left" }
									}, {	"buttons_stack": {
											"ignored": "$no_buttons_visible",
											"type": "stack_panel",
											"orientation": "horizontal",
											"size": [ "100%", 20 ],
											"offset": [ 0, 0 ],
											"anchor_from": "top_left",
											"anchor_to": "top_left",
											"controls": [
												{	"buttons_left_padding": {
														"type": "image",
														"texture": "textures/ui/white_background",
														"fill": true,
														"color": "$surface_color",
														"alpha": 0.5,
														"size": [ 4, "100%" ],
														"offset": [ 0, 0 ],
														"anchor_from": "top_left",
														"anchor_to": "top_left" }
												}, {	"main_button@common_buttons.light_text_button": {
														"ignored": "(not $two_buttons_visible and not $three_buttons_visible)",
														"$pressed_button_name": "popup_dialog.left_button",
														"$button_text": "#modal_left_button_text",
														"$button_image_size": [ "100%", "100%" ],
														"size": [ "fill", "100%" ] }
												}, {	"main_destructive_button@common_buttons.light_text_button": {
														"ignored": "(not $destructive_three_buttons_visible and not $destructive_two_buttons_visible)",
														"$button_type_panel": "popup_dialog.destructive_button_content",
														"$pressed_button_name": "popup_dialog.left_button",
														"$button_text": "#modal_left_button_text",
														"$button_image_size": [ "100%", "100%" ],
														"size": [ "fill", "100%" ],
														"button_mappings": [
															{	"from_button_id": "button.menu_select",
																"to_button_id": "button.menu_select",
																"mapping_type": "pressed" },
															{	"from_button_id": "button.menu_select",
																"to_button_id": "$pressed_button_name",
																"mapping_type": "double_pressed" },
															{	"from_button_id": "button.menu_ok",
																"to_button_id": "$pressed_button_name",
																"mapping_type": "double_pressed" }
														] }
												}, {	"buttons_main_padding": {
														"ignored": "(not $two_buttons_visible and not $three_buttons_visible and not $destructive_three_buttons_visible and not $destructive_two_buttons_visible)",
														"type": "image",
														"texture": "textures/ui/white_background",
														"fill": true,
														"color": "$surface_color",
														"alpha": 0.5,
														"size": [ 4, "100%" ],
														"offset": [ 0, 0 ],
														"anchor_from": "top_left",
														"anchor_to": "top_left" }
												}, {	"secondary_button@common_buttons.light_text_button": {
														"ignored": "(not $three_buttons_visible and not $destructive_three_buttons_visible)",
														"$pressed_button_name": "popup_dialog.middle_button",
														"$button_text": "#modal_middle_button_text",
														"$button_image_size": [ "100%", "100%" ],
														"size": [ "fill", "100%" ] }
												}, {	"buttons_end_padding": {
														"ignored": "(not $three_buttons_visible and not $destructive_three_buttons_visible)",
														"type": "image",
														"texture": "textures/ui/white_background",
														"fill": true,
														"color": "$surface_color",
														"alpha": 0.5,
														"size": [ 4, "100%" ],
														"offset": [ 0, 0 ],
														"anchor_from": "top_left",
														"anchor_to": "top_left" }
												}, {	"end_button@common_buttons.light_text_button": {
														"$pressed_button_name": "popup_dialog.rightcancel_button",
														"$button_text": "#modal_rightcancel_button_text",
														"$button_image_size": [ "100%", "100%" ],
														"size": [ "fill", "100%" ] }
												}, {	"buttons_right_padding": {
														"type": "image",
														"texture": "textures/ui/white_background",
														"fill": true,
														"color": "$surface_color",
														"alpha": 0.5,
														"size": [ 4, "100%" ],
														"offset": [ 0, 0 ],
														"anchor_from": "top_left",
														"anchor_to": "top_left" }
												}
											] }
									}, {	"buttons_bottom_padding": {
											"ignored": "$no_buttons_visible",
											"type": "image",
											"texture": "textures/ui/white_background",
											"fill": true,
											"color": "$surface_color",
											"alpha": 0.5,
											"size": [ "100%", 4 ],
											"offset": [ 0, 0 ],
											"anchor_from": "top_left",
											"anchor_to": "top_left" }
									}
								] }
						}
					] }/*
			}, {	"modal_title_text": {
					"type": "label",
					"text": "#modal_title_text",
					"color": "$title_text_color",
					"font_scale_factor": 2.0,
					"size": [ "default", "default" ],
					"max_size": [ "100%", "100%" ],
					"offset": [ 0, "-15% - 10px" ],
					"anchor_from": "center",
					"anchor_to": "center",
					"layer": 20,
					"bindings": [
						{	"binding_type": "view",
							"source_control_name": "modal_title_text",
							"source_property_name": "#modal_title_text",
							"target_property_name": "#text" } ] }
			}, {	"modal_label_text": {
					"type": "label",
					"text": "#text",
					"color": "$title_text_color",
					"font_scale_factor": 1.5,
					"size": [ "default", "default" ],
					"max_size": [ "100%", "100%" ],
					"offset": [ 0, "-15% + 6px" ],
					"anchor_from": "center",
					"anchor_to": "center",
					"layer": 20,
					"bindings": [
						{	"binding_type": "view",
							"source_control_name": "modal_label_text",
							"source_property_name": "#modal_label_text",
							"target_property_name": "#text" },
						{	"binding_type": "view",
							"source_control_name": "modal_title_text",
							"source_property_name": "(not #modal_title_text = '')",
							"target_property_name": "#visible" } ] }
			}, {	"modal_label_text_override_title": {
					"type": "label",
					"text": "#text",
					"color": "$title_text_color",
					"font_scale_factor": 2.0,
					"size": [ "default", "default" ],
					"max_size": [ "100%", "100%" ],
					"offset": [ 0, "-15% - 10px" ],
					"anchor_from": "center",
					"anchor_to": "center",
					"layer": 20,
					"bindings": [
						{	"binding_type": "view",
							"source_control_name": "modal_label_text_override_title",
							"source_property_name": "#modal_label_text",
							"target_property_name": "#text" },
						{	"binding_type": "view",
							"source_control_name": "modal_title_text",
							"source_property_name": "(#modal_title_text = '')",
							"target_property_name": "#visible" } ] }
			}, {	"title_label": {
					"type": "label",
					"text": "#text",
					"font_scale_factor": 2.0,
					"size": [ "default", "default" ],
					"max_size": [ "100%", "100%" ],
					"offset": [ 0, "-25% - 10px" ],
					"anchor_from": "center",
					"anchor_to": "center",
					"layer": 20,
					"bindings": [
						{	"binding_type": "view",
							"source_control_name": "modal_bg_buttons",
							"source_property_name": "#modal_label_text",
							"target_property_name": "#text" } ] }
			}, {	"click_cancel_label": {
					"ignored": "($no_buttons_visible or $single_button_visible)",
					"type": "label",
					"text": "popup.clickOutToCancel",
					"color": "$title_text_color",
					"font_scale_factor": 1.5,
					"size": [ "default", "default" ],
					"max_size": [ "100%", "100%" ],
					"offset": [ 0, "25%" ],
					"anchor_from": "center",
					"anchor_to": "center",
					"layer": 20 }
			}, {	"click_continue_label": {
					"ignored": "($no_buttons_visible or not $single_button_visible)",
					"type": "label",
					"text": "popup.clickOutToContinue",
					"color": "$title_text_color",
					"font_scale_factor": 1.5,
					"size": [ "default", "default" ],
					"max_size": [ "100%", "100%" ],
					"offset": [ 0, "25%" ],
					"anchor_from": "center",
					"anchor_to": "center",
					"layer": 20 }
			}, {	"main_button@common_buttons.light_text_button": {
					"ignored": "(not $two_buttons_visible and not $three_buttons_visible)",
					"$pressed_button_name": "popup_dialog.left_button",
					"$button_text": "#modal_left_button_text",
					"size": [ 80, 24 ],
					"offset": [ 0, "10% - 10px" ],
					"anchor_from": "center",
					"anchor_to": "center",
					"layer": 30,
					"bindings": [ { "binding_name": "#modal_left_button_text" } ] }
			}, {	"main_destructive_button@common_buttons.light_text_button": {
					"ignored": "(not $destructive_three_buttons_visible and not $destructive_two_buttons_visible)",
					"$button_type_panel": "popup_dialog.destructive_button_content",
					"$pressed_button_name": "popup_dialog.left_button",
					"$button_text": "#modal_left_button_text",
					"size": [ 80, 24 ],
					"offset": [ 0, "10% - 10px" ],
					"anchor_from": "center",
					"anchor_to": "center",
					"layer": 30,
					"button_mappings": [
						{	"from_button_id": "button.menu_select",
							"to_button_id": "button.menu_select",
							"mapping_type": "pressed" },
						{	"from_button_id": "button.menu_select",
							"to_button_id": "$pressed_button_name",
							"mapping_type": "double_pressed" },
						{	"from_button_id": "button.menu_ok",
							"to_button_id": "$pressed_button_name",
							"mapping_type": "double_pressed" }
					],
					"bindings": [ { "binding_name": "#modal_left_button_text" } ] }
			}, {	"secondary_button@common_buttons.light_text_button": {
					"ignored": "(not $three_buttons_visible and not $destructive_three_buttons_visible)",
					"$pressed_button_name": "popup_dialog.middle_button",
					"$button_text": "#modal_middle_button_text",
					"size": [ 80, 24 ],
					"offset": [ 0, "10% + 18px" ],
					"anchor_from": "center",
					"anchor_to": "center",
					"layer": 30,
					"bindings": [ { "binding_name": "#modal_middle_button_text" } ] }*/
			}
		] },

	"pocket_ui_warning": {
		"ignored": true,
		"type": "input_panel",
		"consume_hover_events": false,
		"modal": true,
		"layer": 740,
		"alpha": "@popup_dialog.popup_background_alpha_animation",
		"propagate_alpha": true,
		"button_mappings": [
			{	"from_button_id": "button.menu_cancel",
				"to_button_id": "button.menu_exit",
				"mapping_type": "global",
				"consume_event": false }
		],
		"bindings": [
			{	"binding_type": "view",
				"source_control_name": "main_toggle_no_sbox",
				"source_property_name": "(not #toggle_state)",
				"target_property_name": "#visible" }
		],
		"controls": [
			{	"popup_background": {
					"visible": "(not $is_holographic)",
					"type": "image",
					"texture": "$control_image",
					"size": [ "200%", "200%" ],
					"alpha": 0.25,
					"allow_clipping": false,
					"layer": 1 }
			}, {	"blur_container": {
					"type": "panel",
					"size": [ "100%", "100%" ],
					"offset": [ "50% - 100px", "50% - 60px" ],
					"anchor_from": "top_left",
					"anchor_to": "top_left",
					"layer": 6,
					"clips_children": true,
					"controls": [
						{	"container": {
								"type": "panel",
								"size": [ "100%", "100%" ],
								"offset": [ "-100% + 200px", "-100% + 120px" ],
								"anchor_from": "top_left",
								"anchor_to": "top_left",
								"clips_children": true,
								"controls": [
									{	"background_image_blur@common.background_image_blur": {
											"size": [ "100%", "100%" ],
											"offset": [ "50% - 100px", "50% - 60px" ],
											"anchor_from": "top_left",
											"anchor_to": "top_left",
											"layer": 0 }
									}
								] }
						}
					] }
			}, {	"popup_main_panel": {
					"type": "panel",
					"size": [ 200, 120 ],
					"layer": 20,
					"controls": [
						{	"common_panel@common.common_panel": {
								"$dialog_background": "dialog_background_hollow_3",
								"$show_close_button": false }
						}, {	"main_vertical_stack": {
								"type": "stack_panel",
								"orientation": "vertical",
								"size": [ "100%", "100%" ],
								"layer": 10,
								"controls": [
									{	"title_bar": {
											"type": "panel",
											"size": [ "100%", 23 ],
											"controls": [
												{	"title_text": {
														"type": "label",
														"text": "提示",
														"color": "$text_color",
														"size": [ "100% - 27px", "default" ],
														"offset": [ 4, 0 ],
														"anchor_from": "left_middle",
														"anchor_to": "left_middle" }
												},
												{ "dialog_title_close_button@common.dialog_title_close_button": { } }
											] }
									}, {	"main_content": {
											"type": "label",
											"text": "我根本做不出来纯资源包的潜影盒显示\n别指望我能做出来\n连合集名都不知道做个鬼\n密码是：UpsL",
											"size": [ "100%", "fill" ],
											"offset": [ 0, 0 ],
											"anchor_from": "top_left",
											"anchor_to": "top_left" }
									}, {	"text_edit_box@common.text_edit_box": {
											"size": [ "100%", 24 ],
											"$text_edit_text_control": "text_edit_box_text_control_by_no_sbox_password",
											"$place_holder_text": "请输入密码" }
									}, {	"buttons_top_padding": {
											"type": "image",
											"texture": "textures/ui/white_background",
											"fill": true,
											"color": "$surface_color",
											"alpha": 0.5,
											"size": [ "100%", 4 ],
											"offset": [ 0, 0 ],
											"anchor_from": "top_left",
											"anchor_to": "top_left" }
									}, {	"buttons_stack": {
											"type": "stack_panel",
											"orientation": "horizontal",
											"size": [ "100%", 20 ],
											"offset": [ 0, 0 ],
											"anchor_from": "top_left",
											"anchor_to": "top_left",
											"controls": [
												{	"buttons_left_padding": {
														"type": "image",
														"texture": "textures/ui/white_background",
														"fill": true,
														"color": "$surface_color",
														"alpha": 0.5,
														"size": [ 4, "100%" ],
														"offset": [ 0, 0 ],
														"anchor_from": "top_left",
														"anchor_to": "top_left" }
												}, {	"main_button@common_toggles.light_text_toggle": {
														"$toggle_view_binding_name": "main_toggle_no_sbox",
														"$button_text": "gui.confirm",
														"$button_image_size": [ "100%", "100%" ],
														"size": [ "fill", "100%" ],
														"enabled": false,
														"bindings": [
															{	"binding_type": "view",
																"source_control_name": "text_edit_box_text_control_by_no_sbox_password",
																"source_property_name": "(#item_name = 'UpsL')",
																"target_property_name": "#enabled" }
														] }
												}, {	"buttons_right_padding": {
														"type": "image",
														"texture": "textures/ui/white_background",
														"fill": true,
														"color": "$surface_color",
														"alpha": 0.5,
														"size": [ 4, "100%" ],
														"offset": [ 0, 0 ],
														"anchor_from": "top_left",
														"anchor_to": "top_left" }
												}
											] }
									}, {	"buttons_bottom_padding": {
											"type": "image",
											"texture": "textures/ui/white_background",
											"fill": true,
											"color": "$surface_color",
											"alpha": 0.5,
											"size": [ "100%", 4 ],
											"offset": [ 0, 0 ],
											"anchor_from": "top_left",
											"anchor_to": "top_left" }
									}
								] }
						}
					] }
			}
		] },

	"trial_dialog_popup": {
		"ignored": "(not $eui_is_trial_ui)",
		"type": "toggle",
		"modal": true,
		"layer": 800,
		"button_mappings": [
			{	"from_button_id": "button.menu_select",
				"to_button_id": "button.menu_select",
				"mapping_type": "pressed" },
			{	"from_button_id": "button.menu_cancel",
				"to_button_id": "button.menu_cancel",
				"mapping_type": "global" }
		],
		"bindings": [
			{	"binding_type": "view",
				"source_control_name": "trial_dialog_popup",
				"source_property_name": "(not #toggle_state)",
				"target_property_name": "#visible" } ],
		"controls": [
			{	"popup_background": {
					"visible": "(not $is_holographic)",
					"type": "image",
					"texture": "$control_image",
					"layer": 1 }
			}, {	"modal_title_text": {
					"type": "label",
					"text": "eui.unlock_trial.title",
					"color": "$title_text_color",
					"font_scale_factor": 2.0,
					"size": [ "default", "default" ],
					"max_size": [ "100%", "100%" ],
					"offset": [ 0, "-15% - 10px" ],
					"anchor_from": "center",
					"anchor_to": "center",
					"layer": 20 }
			}, {	"modal_label_text": {
					"type": "label",
					"text": "eui.unlock_trial.description",
					"color": "$title_text_color",
					"font_scale_factor": 1.5,
					"size": [ "default", "default" ],
					"max_size": [ "100%", "100%" ],
					"offset": [ 0, "-15% + 6px" ],
					"anchor_from": "center",
					"anchor_to": "center",
					"layer": 20 }
			}, {	"click_continue_label": {
					"type": "label",
					"text": "popup.clickOutToContinue",
					"color": "$title_text_color",
					"font_scale_factor": 1.5,
					"size": [ "default", "default" ],
					"max_size": [ "100%", "100%" ],
					"offset": [ 0, "25%" ],
					"anchor_from": "center",
					"anchor_to": "center",
					"layer": 20 }
			}, {	"qq_ads@common.qq_ads": {
					"size": [ 80, 80 ],
					"offset": [ 0, 0 ],
					"anchor_from": "right_middle",
					"anchor_to": "right_middle" }
			}
		] },

	"quit_confirm_dialog_popup": {
		"type": "toggle",
		"modal": true,
		"toggle_name": "quit_confirm_dialog",
		"radio_toggle_group": true,
		"toggle_group_forced_index": 0,
		"layer": 800,
		"alpha": "@popup_dialog.popup_background_alpha_animation",
		"animation_reset_name": "button.menu_click_quit_button",
		"propagate_alpha": true,/*
		"button_mappings": [
			{	"from_button_id": "button.menu_select",
				"to_button_id": "button.menu_select",
				"mapping_type": "pressed" },
			{	"from_button_id": "button.menu_cancel",
				"to_button_id": "button.menu_cancel",
				"mapping_type": "global" }
		],*/
		"bindings": [
			{	"binding_type": "view",
				"source_control_name": "quit_confirm_dialog_button_toggle",
				"source_property_name": "#toggle_state",
				"target_property_name": "#visible" } ],
		"controls": [
			{	"popup_background": {
					"visible": "(not $is_holographic)",
					"type": "image",
					"texture": "$control_texture",
					"alpha": 0.25,
					"layer": 1 }
			}, {	"popup_main_panel": {
					"type": "panel",
					"size": [ 200, 120 ],
					"layer": 20,
					"controls": [
						{	"common_panel@common.common_panel": {
								"$dialog_background": "dialog_background_hollow_3",
								"$show_close_button": false }
						}, {	"main_vertical_stack": {
								"type": "stack_panel",
								"orientation": "vertical",
								"size": [ "100%", "100%" ],
								"layer": 10,
								"controls": [
									{	"title_bar": {
											"type": "panel",
											"size": [ "100%", 23 ],
											"controls": [
												{	"title_text": {
														"type": "label",
														"text": "eui.confirm_quit.title",
														"color": "$text_color",
														"size": [ "100% - 27px", "default" ],
														"offset": [ 4, 0 ],
														"anchor_from": "left_middle",
														"anchor_to": "left_middle" }
												}
											] }
									}, {	"main_content": {
											"type": "label",
											"text": "eui.confirm_quit.description",
											"color": "$text_color",
											"size": [ "100%", "fill" ],
											"offset": [ 0, 0 ],
											"anchor_from": "top_left",
											"anchor_to": "top_left" }
									}, {	"buttons_top_padding": {
											"ignored": "$no_buttons_visible",
											"type": "image",
											"texture": "textures/ui/white_background",
											"fill": true,
											"color": "$surface_color",
											"alpha": 0.5,
											"size": [ "100%", 4 ],
											"offset": [ 0, 0 ],
											"anchor_from": "top_left",
											"anchor_to": "top_left" }
									}, {	"buttons_stack": {
											"ignored": "$no_buttons_visible",
											"type": "stack_panel",
											"orientation": "horizontal",
											"size": [ "100%", 20 ],
											"offset": [ 0, 0 ],
											"anchor_from": "top_left",
											"anchor_to": "top_left",
											"controls": [
												{	"buttons_left_padding": {
														"type": "image",
														"texture": "textures/ui/white_background",
														"fill": true,
														"color": "$surface_color",
														"alpha": 0.5,
														"size": [ 4, "100%" ],
														"offset": [ 0, 0 ],
														"anchor_from": "top_left",
														"anchor_to": "top_left" }
												}, {	"main_button@common_buttons.light_text_button": {
														"$pressed_button_name": "button.menu_quit",
														"$button_text": "gui.confirm",
														"$button_image_size": [ "100%", "100%" ],
														"size": [ "fill", "100%" ] }
												}, {	"buttons_main_padding": {
														"type": "image",
														"texture": "textures/ui/white_background",
														"fill": true,
														"color": "$surface_color",
														"alpha": 0.5,
														"size": [ 4, "100%" ],
														"offset": [ 0, 0 ],
														"anchor_from": "top_left",
														"anchor_to": "top_left" }
												}, {	"secondary_button@common_toggles.light_text_toggle": {
														"$button_text": "gui.cancel",
														"$button_image_size": [ "100%", "100%" ],
														"size": [ "fill", "100%" ],
														"$toggle_name": "quit_confirm_dialog",
														"$radio_toggle_group": true,
														"$toggle_group_forced_index": 0,
														"$button_mappings": [
															{	"from_button_id": "button.menu_select",
																"to_button_id": "button.menu_select",
																"mapping_type": "pressed" },
															{	"from_button_id": "button.menu_cancel",
																"to_button_id": "button.menu_cancel",
																"mapping_type": "global" }
														] }
												}, {	"buttons_right_padding": {
														"type": "image",
														"texture": "textures/ui/white_background",
														"fill": true,
														"color": "$surface_color",
														"alpha": 0.5,
														"size": [ 4, "100%" ],
														"offset": [ 0, 0 ],
														"anchor_from": "top_left",
														"anchor_to": "top_left" }
												}
											] }
									}, {	"buttons_bottom_padding": {
											"ignored": "$no_buttons_visible",
											"type": "image",
											"texture": "textures/ui/white_background",
											"fill": true,
											"color": "$surface_color",
											"alpha": 0.5,
											"size": [ "100%", 4 ],
											"offset": [ 0, 0 ],
											"anchor_from": "top_left",
											"anchor_to": "top_left" }
									}
								] }
						}
					] }
			}
		] }
}
