{	"namespace": "profile",

	"offer_info_background": {
		"color": [ 0.0, 0.0, 0.0 ],
		"alpha": 0.25 },

	"title_content_panel_background": {
		"color": [ 0.0, 0.0, 0.0 ],
		"alpha": 0.5 },

	"full_skin_toggle@common.title_bar_toggle": {
		"$toggle_view_binding_name": "full_skin_toggle" },

  "profile_screen_content": {
    "type": "panel",
    "size": [ "100%", "100%" ],

		"modifications": [{
			"array_name": "controls",
			"control_name": "main_panel",
			"operation": "replace",
			"value": [{	"content@common.navigation_topbar_layout": {
			"$back_button_pressed_button_name": "button.try_exiting",
			
			"$main_control": "@profile.profile_screen_main_panel",
			"$large_screen": false,
			"$disable_sidebar_offset_mode": true,
			"$screen_main_panel_ref": "@persona.persona_screen_main_panel",
			"$sidebar_content_name": "sidebar_option_factory",
			"$default_sidebar_content": "common_store.sidebar_option_factory",
			"$verbose_sidebar_content": "common_store.sidebar_option_factory",
					"$header_content_panel": "@profile.full_skin_toggle",
					"$title_controls": [
						{	"label": {
								"type": "label",
								"text": "#screen_header_title",
								"size": [ "default", "default" ],
								"offset": [ 0, 0 ],
								"anchor_from": "top_left",
								"anchor_to": "top_left",
								"bindings": [
									{ "binding_name": "#screen_header_title" }
								] }
						}
					] }
			}, {	"blur_container_bottom": {
					"type": "panel",
					"size": [ "100%", "100%" ],
					"offset": [ 35, "100% - 57px" ],
					"anchor_from": "top_left",
					"anchor_to": "top_left",
					"layer": 50,
					"clips_children": true,
					"bindings": [
						{	"binding_name": "(not #marketplace_disabled)",
							"binding_name_override": "#visible" }
					],
					"controls": [
						{	"container": {
								"type": "panel",
								"size": [ "100%", "100%" ],
								"offset": [ -40, "-100% + 56px" ],
								"anchor_from": "top_left",
								"anchor_to": "top_left",
								"clips_children": true,
								"controls": [
									{	"background_image_blur@common.background_image_blur": {
											"size": [ "100%", "100%" ],
											"offset": [ 35, 1 ],
											"anchor_from": "top_left",
											"anchor_to": "top_left" }
									}
								] }
						}
					] }

						}
					
			]}]
  },

	"profile_screen_main_content/featured_section": { "ignored": true },

	"profile_screen_main_content/featured_section_disabled_padding": {
		"ignored": false,
		"type": "stack_panel",
		"bindings": [ ],
		"controls": [
			{ "featured_section@profile.bottom_panel_framework": { } }
		] },

	"profile_screen": {
		"$screen_bg_content": "common.background_image" }
}