{	"namespace": "progress_panel_yao",

	"_info.1": "QQ: Bugjump (3071882091)",
	"_info.2": "Bilibili: Minecraft君9a7z (1345634151)",

	"_info_3": "未经允许，禁止使用任何此资源包的代码（可参考，但禁止复制）",
	"_info_4": "原作者保留任何权益",

	"durability_text_control": {
		"type": "label",
		"text": "$display_text",
		"bindings": [
			{	"binding_name": "#item_durability_total_amount",
				"binding_type": "collection",
				"binding_collection_name": "$item_collection_name" },
			{	"binding_name": "#item_durability_current_amount",
				"binding_type": "collection",
				"binding_collection_name": "$item_collection_name" },
			{	"binding_type": "view",
				"source_property_name": "(#item_durability_current_amount / #item_durability_total_amount)",
				"target_property_name": "#current_durability_percentage" },
			{	"binding_type": "view",
				"source_property_name": "((#current_durability_percentage > $min_value) and (#current_durability_percentage < $max_value))",
				"target_property_name": "#visible" }
		] },

	"exp_text_control": {
		"type": "label",
		"text": "$mDisplay",
		"$mDisplay": "(('§_' + (100 - ($display_text * 1))) + '%%')",
		"color": "$accent_color",
		"bindings": [
			{	"binding_name": "#exp_progress",
				"binding_type": "global" },
			{	"binding_type": "view",
				"source_property_name": "((#exp_progress > $min_value) and (#exp_progress < $max_value))",
				"target_property_name": "#visible" }
		] },

	"furnace_flame_text_control": {
		"type": "label",
		"text": "$display_text",
		"bindings": [
			{	"binding_name": "#furnace_flame_ratio",
				"binding_condition": "always",
				"binding_type": "global" },
			{	"binding_type": "view",
				"source_property_name": "(((#furnace_flame_ratio > $min_value) and (#furnace_flame_ratio < $max_value)) or (#furnace_flame_ratio = $min_value))",
				"target_property_name": "#visible",
				"binding_condition": "always" }
		] },

	"furnace_arrow_text_control": {
		"type": "label",
		"text": "$display_text",
		"bindings": [
			{	"binding_name": "#furnace_arrow_ratio",
				"binding_condition": "always",
				"binding_type": "global" },
			{	"binding_type": "view",
				"source_property_name": "(((#furnace_arrow_ratio > $min_value) and (#furnace_arrow_ratio < $max_value)) or (#furnace_arrow_ratio = $max_value))",
				"target_property_name": "#visible",
				"binding_condition": "always" }
		] },

	"custom_binding_text_control": {
		"type": "label",
		"text": "$mDisplay",
		"$mDisplay|default": "$display_text",
		"bindings": [
			{	"binding_name": "$binding_name",
				"binding_condition": "always",
				"binding_type": "global" },
			{	"binding_type": "view",
				"source_property_name": "((($binding_name > $min_value) and ($binding_name < $max_value)) or ($binding_name = $min_value))",
				"target_property_name": "#visible",
				"binding_condition": "always" }
		] },

	"percentage_panel": {
		"type": "panel",
		"$label_control|default": "progress_panel_yao.durability_text_control",
		"size": [ "100%c", "100%c" ],
		"layer": 2,
		"controls": [
			{ "0@$label_control": { "$min_value": -2147483648, "$max_value": 0.000000, "$display_text": "§4be > 0%%" } },
			{ "0@$label_control": { "$min_value": 0.000000, "$max_value": 0.005000, "$display_text": "0%%" } },
			{ "1@$label_control": { "$min_value": 0.004999, "$max_value": 0.015000, "$display_text": "1%%" } },
			{ "2@$label_control": { "$min_value": 0.014999, "$max_value": 0.025000, "$display_text": "2%%" } },
			{ "3@$label_control": { "$min_value": 0.024999, "$max_value": 0.035000, "$display_text": "3%%" } },
			{ "4@$label_control": { "$min_value": 0.034999, "$max_value": 0.045000, "$display_text": "4%%" } },
			{ "5@$label_control": { "$min_value": 0.044999, "$max_value": 0.055000, "$display_text": "5%%" } },
			{ "6@$label_control": { "$min_value": 0.054999, "$max_value": 0.065000, "$display_text": "6%%" } },
			{ "7@$label_control": { "$min_value": 0.064999, "$max_value": 0.075000, "$display_text": "7%%" } },
			{ "8@$label_control": { "$min_value": 0.074999, "$max_value": 0.085000, "$display_text": "8%%" } },
			{ "9@$label_control": { "$min_value": 0.084999, "$max_value": 0.095000, "$display_text": "9%%" } },
			{ "10@$label_control": { "$min_value": 0.094999, "$max_value": 0.105000, "$display_text": "10%%" } },
			{ "11@$label_control": { "$min_value": 0.104999, "$max_value": 0.115000, "$display_text": "11%%" } },
			{ "12@$label_control": { "$min_value": 0.114999, "$max_value": 0.125000, "$display_text": "12%%" } },
			{ "13@$label_control": { "$min_value": 0.124999, "$max_value": 0.135000, "$display_text": "13%%" } },
			{ "14@$label_control": { "$min_value": 0.134999, "$max_value": 0.145000, "$display_text": "14%%" } },
			{ "15@$label_control": { "$min_value": 0.144999, "$max_value": 0.155000, "$display_text": "15%%" } },
			{ "16@$label_control": { "$min_value": 0.154999, "$max_value": 0.165000, "$display_text": "16%%" } },
			{ "17@$label_control": { "$min_value": 0.164999, "$max_value": 0.175000, "$display_text": "17%%" } },
			{ "18@$label_control": { "$min_value": 0.174999, "$max_value": 0.185000, "$display_text": "18%%" } },
			{ "19@$label_control": { "$min_value": 0.184999, "$max_value": 0.195000, "$display_text": "19%%" } },
			{ "20@$label_control": { "$min_value": 0.194999, "$max_value": 0.205000, "$display_text": "20%%" } },
			{ "21@$label_control": { "$min_value": 0.204999, "$max_value": 0.215000, "$display_text": "21%%" } },
			{ "22@$label_control": { "$min_value": 0.214999, "$max_value": 0.225000, "$display_text": "22%%" } },
			{ "23@$label_control": { "$min_value": 0.224999, "$max_value": 0.235000, "$display_text": "23%%" } },
			{ "24@$label_control": { "$min_value": 0.234999, "$max_value": 0.245000, "$display_text": "24%%" } },
			{ "25@$label_control": { "$min_value": 0.244999, "$max_value": 0.255000, "$display_text": "25%%" } },
			{ "26@$label_control": { "$min_value": 0.254999, "$max_value": 0.265000, "$display_text": "26%%" } },
			{ "27@$label_control": { "$min_value": 0.264999, "$max_value": 0.275000, "$display_text": "27%%" } },
			{ "28@$label_control": { "$min_value": 0.274999, "$max_value": 0.285000, "$display_text": "28%%" } },
			{ "29@$label_control": { "$min_value": 0.284999, "$max_value": 0.295000, "$display_text": "29%%" } },
			{ "30@$label_control": { "$min_value": 0.294999, "$max_value": 0.305000, "$display_text": "30%%" } },
			{ "31@$label_control": { "$min_value": 0.304999, "$max_value": 0.315000, "$display_text": "31%%" } },
			{ "32@$label_control": { "$min_value": 0.314999, "$max_value": 0.325000, "$display_text": "32%%" } },
			{ "33@$label_control": { "$min_value": 0.324999, "$max_value": 0.335000, "$display_text": "33%%" } },
			{ "34@$label_control": { "$min_value": 0.334999, "$max_value": 0.345000, "$display_text": "34%%" } },
			{ "35@$label_control": { "$min_value": 0.344999, "$max_value": 0.355000, "$display_text": "35%%" } },
			{ "36@$label_control": { "$min_value": 0.354999, "$max_value": 0.365000, "$display_text": "36%%" } },
			{ "37@$label_control": { "$min_value": 0.364999, "$max_value": 0.375000, "$display_text": "37%%" } },
			{ "38@$label_control": { "$min_value": 0.374999, "$max_value": 0.385000, "$display_text": "38%%" } },
			{ "39@$label_control": { "$min_value": 0.384999, "$max_value": 0.395000, "$display_text": "39%%" } },
			{ "40@$label_control": { "$min_value": 0.394999, "$max_value": 0.405000, "$display_text": "40%%" } },
			{ "41@$label_control": { "$min_value": 0.404999, "$max_value": 0.415000, "$display_text": "41%%" } },
			{ "42@$label_control": { "$min_value": 0.414999, "$max_value": 0.425000, "$display_text": "42%%" } },
			{ "43@$label_control": { "$min_value": 0.424999, "$max_value": 0.435000, "$display_text": "43%%" } },
			{ "44@$label_control": { "$min_value": 0.434999, "$max_value": 0.445000, "$display_text": "44%%" } },
			{ "45@$label_control": { "$min_value": 0.444999, "$max_value": 0.455000, "$display_text": "45%%" } },
			{ "46@$label_control": { "$min_value": 0.454999, "$max_value": 0.465000, "$display_text": "46%%" } },
			{ "47@$label_control": { "$min_value": 0.464999, "$max_value": 0.475000, "$display_text": "47%%" } },
			{ "48@$label_control": { "$min_value": 0.474999, "$max_value": 0.485000, "$display_text": "48%%" } },
			{ "49@$label_control": { "$min_value": 0.484999, "$max_value": 0.495000, "$display_text": "49%%" } },
			{ "50@$label_control": { "$min_value": 0.494999, "$max_value": 0.505000, "$display_text": "50%%" } },
			{ "51@$label_control": { "$min_value": 0.504999, "$max_value": 0.515000, "$display_text": "51%%" } },
			{ "52@$label_control": { "$min_value": 0.514999, "$max_value": 0.525000, "$display_text": "52%%" } },
			{ "53@$label_control": { "$min_value": 0.524999, "$max_value": 0.535000, "$display_text": "53%%" } },
			{ "54@$label_control": { "$min_value": 0.534999, "$max_value": 0.545000, "$display_text": "54%%" } },
			{ "55@$label_control": { "$min_value": 0.544999, "$max_value": 0.555000, "$display_text": "55%%" } },
			{ "56@$label_control": { "$min_value": 0.554999, "$max_value": 0.565000, "$display_text": "56%%" } },
			{ "57@$label_control": { "$min_value": 0.564999, "$max_value": 0.575000, "$display_text": "57%%" } },
			{ "58@$label_control": { "$min_value": 0.574999, "$max_value": 0.585000, "$display_text": "58%%" } },
			{ "59@$label_control": { "$min_value": 0.584999, "$max_value": 0.595000, "$display_text": "59%%" } },
			{ "60@$label_control": { "$min_value": 0.594999, "$max_value": 0.605000, "$display_text": "60%%" } },
			{ "61@$label_control": { "$min_value": 0.604999, "$max_value": 0.615000, "$display_text": "61%%" } },
			{ "62@$label_control": { "$min_value": 0.614999, "$max_value": 0.625000, "$display_text": "62%%" } },
			{ "63@$label_control": { "$min_value": 0.624999, "$max_value": 0.635000, "$display_text": "63%%" } },
			{ "64@$label_control": { "$min_value": 0.634999, "$max_value": 0.645000, "$display_text": "64%%" } },
			{ "65@$label_control": { "$min_value": 0.644999, "$max_value": 0.655000, "$display_text": "65%%" } },
			{ "66@$label_control": { "$min_value": 0.654999, "$max_value": 0.665000, "$display_text": "66%%" } },
			{ "67@$label_control": { "$min_value": 0.664999, "$max_value": 0.675000, "$display_text": "67%%" } },
			{ "68@$label_control": { "$min_value": 0.674999, "$max_value": 0.685000, "$display_text": "68%%" } },
			{ "69@$label_control": { "$min_value": 0.684999, "$max_value": 0.695000, "$display_text": "69%%" } },
			{ "70@$label_control": { "$min_value": 0.694999, "$max_value": 0.705000, "$display_text": "70%%" } },
			{ "71@$label_control": { "$min_value": 0.704999, "$max_value": 0.715000, "$display_text": "71%%" } },
			{ "72@$label_control": { "$min_value": 0.714999, "$max_value": 0.725000, "$display_text": "72%%" } },
			{ "73@$label_control": { "$min_value": 0.724999, "$max_value": 0.735000, "$display_text": "73%%" } },
			{ "74@$label_control": { "$min_value": 0.734999, "$max_value": 0.745000, "$display_text": "74%%" } },
			{ "75@$label_control": { "$min_value": 0.744999, "$max_value": 0.755000, "$display_text": "75%%" } },
			{ "76@$label_control": { "$min_value": 0.754999, "$max_value": 0.765000, "$display_text": "76%%" } },
			{ "77@$label_control": { "$min_value": 0.764999, "$max_value": 0.775000, "$display_text": "77%%" } },
			{ "78@$label_control": { "$min_value": 0.774999, "$max_value": 0.785000, "$display_text": "78%%" } },
			{ "79@$label_control": { "$min_value": 0.784999, "$max_value": 0.795000, "$display_text": "79%%" } },
			{ "80@$label_control": { "$min_value": 0.794999, "$max_value": 0.805000, "$display_text": "80%%" } },
			{ "81@$label_control": { "$min_value": 0.804999, "$max_value": 0.815000, "$display_text": "81%%" } },
			{ "82@$label_control": { "$min_value": 0.814999, "$max_value": 0.825000, "$display_text": "82%%" } },
			{ "83@$label_control": { "$min_value": 0.824999, "$max_value": 0.835000, "$display_text": "83%%" } },
			{ "84@$label_control": { "$min_value": 0.834999, "$max_value": 0.845000, "$display_text": "84%%" } },
			{ "85@$label_control": { "$min_value": 0.844999, "$max_value": 0.855000, "$display_text": "85%%" } },
			{ "86@$label_control": { "$min_value": 0.854999, "$max_value": 0.865000, "$display_text": "86%%" } },
			{ "87@$label_control": { "$min_value": 0.864999, "$max_value": 0.875000, "$display_text": "87%%" } },
			{ "88@$label_control": { "$min_value": 0.874999, "$max_value": 0.885000, "$display_text": "88%%" } },
			{ "89@$label_control": { "$min_value": 0.884999, "$max_value": 0.895000, "$display_text": "89%%" } },
			{ "90@$label_control": { "$min_value": 0.894999, "$max_value": 0.905000, "$display_text": "90%%" } },
			{ "91@$label_control": { "$min_value": 0.904999, "$max_value": 0.915000, "$display_text": "91%%" } },
			{ "92@$label_control": { "$min_value": 0.914999, "$max_value": 0.925000, "$display_text": "92%%" } },
			{ "93@$label_control": { "$min_value": 0.924999, "$max_value": 0.935000, "$display_text": "93%%" } },
			{ "94@$label_control": { "$min_value": 0.934999, "$max_value": 0.945000, "$display_text": "94%%" } },
			{ "95@$label_control": { "$min_value": 0.944999, "$max_value": 0.955000, "$display_text": "95%%" } },
			{ "96@$label_control": { "$min_value": 0.954999, "$max_value": 0.965000, "$display_text": "96%%" } },
			{ "97@$label_control": { "$min_value": 0.964999, "$max_value": 0.975000, "$display_text": "97%%" } },
			{ "98@$label_control": { "$min_value": 0.974999, "$max_value": 0.985000, "$display_text": "98%%" } },
			{ "99@$label_control": { "$min_value": 0.984999, "$max_value": 0.995000, "$display_text": "99%%" } },
			{ "100@$label_control": { "$min_value": 0.994999, "$max_value": 1.000000, "$display_text": "100%%" } },
			{ "100_more@$label_control": { "$min_value": 1.000000, "$max_value": 2147483647, "$display_text": "§abe < 100%%" } }
		] }
}}