{
  "namespace": "progress_bar",

	"_info.1": "QQ: Bugjump (3071882091)",
	"_info.2": "Bilibili: Minecraft君9a7z (1345634151)",

	"_info_3": "未经允许，禁止使用任何此资源包的代码（可参考，但禁止复制）",
	"_info_4": "原作者保留任何权益",

  "progress_bar_item_template": {
    "type": "image",
    "texture": "textures/ui/white_background",
		"color": "$accent_color",
    "fill": true,
    "size": [ 0, "100%" ]
  },

  //Animation 1

  "progress_bar_item_1_animtion_size": {
    "anim_type": "size",
    "easing": "in_sine",
    "duration": 1.5,
    "from": [ "10%", "100%" ],
    "to": [ "120%", "100%" ],
    "next": "@progress_bar.progress_bar_item_1_animtion_size_padding"
  },

  "progress_bar_item_1_animtion_offset": {
    "anim_type": "offset",
    "easing": "in_sine",
    "duration": 1.5,
    "from": [ "-10%", 0 ],
    "to": [ "100%", 0 ],
    "next": "@progress_bar.progress_bar_item_1_animtion_offset_padding"
  },

  "progress_bar_item_1_animtion_size_padding": {
    "anim_type": "wait",
    "duration": 1.0,
    "next": "@progress_bar.progress_bar_item_1_animtion_size"
  },

  "progress_bar_item_1_animtion_offset_padding": {
    "anim_type": "wait",
    "duration": 1.0,
    "next": "@progress_bar.progress_bar_item_1_animtion_offset"
  },

  //Animation 2

  "progress_bar_item_2_animtion_size": {
    "anim_type": "size",
    "easing": "linear",
    "duration": 1.0,
    "from": [ "75%", "100%" ],
    "to": [ "5%", "100%" ],
    "next": "@progress_bar.progress_bar_item_2_animtion_size_padding"
  },

  "progress_bar_item_2_animtion_offset": {
    "anim_type": "offset",
    "easing": "out_cubic",
    "duration": 1.0,
    "from": [ "-75%", 0 ],
    "to": [ "100%", 0 ],
    "next": "@progress_bar.progress_bar_item_2_animtion_offset_padding"
  },

  "progress_bar_item_2_animtion_size_padding": {
    "anim_type": "wait",
    "duration": 1.5,
    "next": "@progress_bar.progress_bar_item_2_animtion_size"
  },

  "progress_bar_item_2_animtion_offset_padding": {
    "anim_type": "wait",
    "duration": 1.5,
    "next": "@progress_bar.progress_bar_item_2_animtion_offset"
  },

  //Indeterminate Bar

  "progress_bar_indeterminate": {
    "type": "image",
		"texture": "textures/ui/white_background",
		"color": "$accent_color",
    "$accent_color_texture|default": "textures/accent_color",
    "size": [ "100%", 2 ],
    "alpha": 0.29803922,
    "fill": true,
    "clips_children": true,
    "layer": 1,
    // "color": "$color",
    "$color|default": [ 1.0, 1.0, 1.0 ],
    "controls": [
      {
        "bar_1@progress_bar.progress_bar_item_template": {
          "anchor_from": "left_middle",
          "anchor_to": "left_middle",
          "disable_anim_fast_forward": true,
          // "color": "$color",
          "anims": [
            "@progress_bar.progress_bar_item_1_animtion_size",
            "@progress_bar.progress_bar_item_1_animtion_offset"
          ]
        }
      },
      {
        "bar_2@progress_bar.progress_bar_item_template": {
          "anchor_from": "left_middle",
          "anchor_to": "left_middle",
          "disable_anim_fast_forward": true,
          // "color": "$color",
          "anims": [
            "@progress_bar.progress_bar_item_2_animtion_size_padding",
            "@progress_bar.progress_bar_item_2_animtion_offset_padding"
          ]
        }
      }
    ]
  },

  //Determinate Bar

  "progress_bar_determinate": {
    "type": "image",
		"texture": "textures/ui/white_background",
		"color": "$foreground_text_color",
    "$accent_color_texture|default": "textures/accent_color",
    "size": [ "100%", 2 ],
    "alpha": 0.29803922,
    "fill": true,
    "clips_children": true,
    "layer": 1,
    "controls": [
      {
        "bar_1@progress_bar.progress_bar_item_template": {
          "clip_direction": "left",
          "clip_pixelperfect": false,
					"size": [ "100%", "100%" ],
					"bindings": "$bar_bindings",
					"$bar_bindings|default": [ ]
        }
      }
    ],
    "bindings": [
      {
        "binding_name": "#loading_bar_visible",
        "binding_name_override": "#visible"
      }
    ]
  },

  //Determinate Mock Bar

  //Animation

  "progress_bar_item_animtion_size": {
    "anim_type": "size",
    "easing": "linear",
    "duration": "$duration",
    "from": "$start_value",
    "to": "$end_value"
  },

  //Bar Control

  "progress_bar_determinate_mock": {
    "type": "image",
		"texture": "textures/ui/white_background",
		"color": "$foreground_text_color",
		"$color|default": "$accent_color",
    "$accent_color_texture|default": "textures/accent_color",
    "size": [ "100%", 2 ],
    "alpha": 0.29803922,
    "fill": true,
    "clips_children": true,
    "layer": 1,
    "$duration|default": 1.0,

		"$start_value|default": [ 0, "100%" ],
		"$end_value|default": [ "100%", "100%" ],


    "disable_anim_fast_forward": true,
    "anims": [ "@progress_bar.progress_bar_destroy_animtion" ],
    "controls": [
      {
        "bar@progress_bar.progress_bar_item_template": {
          "disable_anim_fast_forward": true,
          "anchor_from": "top_left",
          "anchor_to": "top_left",
          "color": "$color",
          "anims": [ "@progress_bar.progress_bar_item_animtion_size" ]
        }
      }
    ]
  },

  //Progress Screen

  //This A Test

  "progress_screen_full_modal": {
    "type": "stack_panel",
    "orientation": "vertical",
    "controls": [
      {
        "fullscreen_header": {
          "type": "image",
          "texture": "textures/primary_color",
          "size": [ "100%", 28 ],
          "color": [ 0, 0, 0 ],
          "fill": true
        }
      },
      {
        "bg_with_content": {
          "type": "image",
          "texture": "textures/background_color",
          "size": [ "100%", "fill" ],
          "fill": true,
          "controls": [
            {
              "bar_control@progress_bar.progress_bar_indeterminate": {
                "size": [ "50%", 2 ]
              }
            }
          ]
        }
      }
    ]
  },

  "progress_value_text_clip_ratio": {
    //"ignored": "$label_ignored",
    "type": "label",
    "text": "$display_count",
    "bindings": [
			{	"binding_name": "$binding_value",
				"binding_condition": "always",
				"binding_type": "global" }
			{	"binding_type": "view",
				"source_property_name": "(((1 - $binding_value) > $min_value) and ((1 - $binding_value) < $max_value) or ((1 - $binding_value) = $min_value))",
				"target_property_name": "#visible" }
		] },

  "progress_text_panel_clip_ratio": {
    "type": "panel",
    "controls": [
      { "value_0_label@progress_bar.progress_value_text_clip_ratio": { "$min_value": -0.005000, "$max_value": 0.004999, "$display_count": "0" } },
      { "value_1_label@progress_bar.progress_value_text_clip_ratio": { "$min_value": 0.005000, "$max_value": 0.014999, "$display_count": "1" } },
      { "value_2_label@progress_bar.progress_value_text_clip_ratio": { "$min_value": 0.015000, "$max_value": 0.024999, "$display_count": "2" } },
      { "value_3_label@progress_bar.progress_value_text_clip_ratio": { "$min_value": 0.025000, "$max_value": 0.034999, "$display_count": "3" } },
      { "value_4_label@progress_bar.progress_value_text_clip_ratio": { "$min_value": 0.035000, "$max_value": 0.044999, "$display_count": "4" } },
      { "value_5_label@progress_bar.progress_value_text_clip_ratio": { "$min_value": 0.045000, "$max_value": 0.054999, "$display_count": "5" } },
      { "value_6_label@progress_bar.progress_value_text_clip_ratio": { "$min_value": 0.055000, "$max_value": 0.064999, "$display_count": "6" } },
      { "value_7_label@progress_bar.progress_value_text_clip_ratio": { "$min_value": 0.065000, "$max_value": 0.074999, "$display_count": "7" } },
      { "value_8_label@progress_bar.progress_value_text_clip_ratio": { "$min_value": 0.075000, "$max_value": 0.084999, "$display_count": "8" } },
      { "value_9_label@progress_bar.progress_value_text_clip_ratio": { "$min_value": 0.085000, "$max_value": 0.094999, "$display_count": "9" } },
      { "value_10_label@progress_bar.progress_value_text_clip_ratio": { "$min_value": 0.095000, "$max_value": 0.104999, "$display_count": "10" } },
      { "value_11_label@progress_bar.progress_value_text_clip_ratio": { "$min_value": 0.105000, "$max_value": 0.114999, "$display_count": "11" } },
      { "value_12_label@progress_bar.progress_value_text_clip_ratio": { "$min_value": 0.115000, "$max_value": 0.124999, "$display_count": "12" } },
      { "value_13_label@progress_bar.progress_value_text_clip_ratio": { "$min_value": 0.125000, "$max_value": 0.134999, "$display_count": "13" } },
      { "value_14_label@progress_bar.progress_value_text_clip_ratio": { "$min_value": 0.135000, "$max_value": 0.144999, "$display_count": "14" } },
      { "value_15_label@progress_bar.progress_value_text_clip_ratio": { "$min_value": 0.145000, "$max_value": 0.154999, "$display_count": "15" } },
      { "value_16_label@progress_bar.progress_value_text_clip_ratio": { "$min_value": 0.155000, "$max_value": 0.164999, "$display_count": "16" } },
      { "value_17_label@progress_bar.progress_value_text_clip_ratio": { "$min_value": 0.165000, "$max_value": 0.174999, "$display_count": "17" } },
      { "value_18_label@progress_bar.progress_value_text_clip_ratio": { "$min_value": 0.175000, "$max_value": 0.184999, "$display_count": "18" } },
      { "value_19_label@progress_bar.progress_value_text_clip_ratio": { "$min_value": 0.185000, "$max_value": 0.194999, "$display_count": "19" } },
      { "value_20_label@progress_bar.progress_value_text_clip_ratio": { "$min_value": 0.195000, "$max_value": 0.204999, "$display_count": "20" } },
      { "value_21_label@progress_bar.progress_value_text_clip_ratio": { "$min_value": 0.205000, "$max_value": 0.214999, "$display_count": "21" } },
      { "value_22_label@progress_bar.progress_value_text_clip_ratio": { "$min_value": 0.215000, "$max_value": 0.224999, "$display_count": "22" } },
      { "value_23_label@progress_bar.progress_value_text_clip_ratio": { "$min_value": 0.225000, "$max_value": 0.234999, "$display_count": "23" } },
      { "value_24_label@progress_bar.progress_value_text_clip_ratio": { "$min_value": 0.235000, "$max_value": 0.244999, "$display_count": "24" } },
      { "value_25_label@progress_bar.progress_value_text_clip_ratio": { "$min_value": 0.245000, "$max_value": 0.254999, "$display_count": "25" } },
      { "value_26_label@progress_bar.progress_value_text_clip_ratio": { "$min_value": 0.255000, "$max_value": 0.264999, "$display_count": "26" } },
      { "value_27_label@progress_bar.progress_value_text_clip_ratio": { "$min_value": 0.265000, "$max_value": 0.274999, "$display_count": "27" } },
      { "value_28_label@progress_bar.progress_value_text_clip_ratio": { "$min_value": 0.275000, "$max_value": 0.284999, "$display_count": "28" } },
      { "value_29_label@progress_bar.progress_value_text_clip_ratio": { "$min_value": 0.285000, "$max_value": 0.294999, "$display_count": "29" } },
      { "value_30_label@progress_bar.progress_value_text_clip_ratio": { "$min_value": 0.295000, "$max_value": 0.304999, "$display_count": "30" } },
      { "value_31_label@progress_bar.progress_value_text_clip_ratio": { "$min_value": 0.305000, "$max_value": 0.314999, "$display_count": "31" } },
      { "value_32_label@progress_bar.progress_value_text_clip_ratio": { "$min_value": 0.315000, "$max_value": 0.324999, "$display_count": "32" } },
      { "value_33_label@progress_bar.progress_value_text_clip_ratio": { "$min_value": 0.325000, "$max_value": 0.334999, "$display_count": "33" } },
      { "value_34_label@progress_bar.progress_value_text_clip_ratio": { "$min_value": 0.335000, "$max_value": 0.344999, "$display_count": "34" } },
      { "value_35_label@progress_bar.progress_value_text_clip_ratio": { "$min_value": 0.345000, "$max_value": 0.354999, "$display_count": "35" } },
      { "value_36_label@progress_bar.progress_value_text_clip_ratio": { "$min_value": 0.355000, "$max_value": 0.364999, "$display_count": "36" } },
      { "value_37_label@progress_bar.progress_value_text_clip_ratio": { "$min_value": 0.365000, "$max_value": 0.374999, "$display_count": "37" } },
      { "value_38_label@progress_bar.progress_value_text_clip_ratio": { "$min_value": 0.375000, "$max_value": 0.384999, "$display_count": "38" } },
      { "value_39_label@progress_bar.progress_value_text_clip_ratio": { "$min_value": 0.385000, "$max_value": 0.394999, "$display_count": "39" } },
      { "value_40_label@progress_bar.progress_value_text_clip_ratio": { "$min_value": 0.395000, "$max_value": 0.404999, "$display_count": "40" } },
      { "value_41_label@progress_bar.progress_value_text_clip_ratio": { "$min_value": 0.405000, "$max_value": 0.414999, "$display_count": "41" } },
      { "value_42_label@progress_bar.progress_value_text_clip_ratio": { "$min_value": 0.415000, "$max_value": 0.424999, "$display_count": "42" } },
      { "value_43_label@progress_bar.progress_value_text_clip_ratio": { "$min_value": 0.425000, "$max_value": 0.434999, "$display_count": "43" } },
      { "value_44_label@progress_bar.progress_value_text_clip_ratio": { "$min_value": 0.435000, "$max_value": 0.444999, "$display_count": "44" } },
      { "value_45_label@progress_bar.progress_value_text_clip_ratio": { "$min_value": 0.445000, "$max_value": 0.454999, "$display_count": "45" } },
      { "value_46_label@progress_bar.progress_value_text_clip_ratio": { "$min_value": 0.455000, "$max_value": 0.464999, "$display_count": "46" } },
      { "value_47_label@progress_bar.progress_value_text_clip_ratio": { "$min_value": 0.465000, "$max_value": 0.474999, "$display_count": "47" } },
      { "value_48_label@progress_bar.progress_value_text_clip_ratio": { "$min_value": 0.475000, "$max_value": 0.484999, "$display_count": "48" } },
      { "value_49_label@progress_bar.progress_value_text_clip_ratio": { "$min_value": 0.485000, "$max_value": 0.494999, "$display_count": "49" } },
      { "value_50_label@progress_bar.progress_value_text_clip_ratio": { "$min_value": 0.495000, "$max_value": 0.504999, "$display_count": "50" } },
      { "value_51_label@progress_bar.progress_value_text_clip_ratio": { "$min_value": 0.505000, "$max_value": 0.514999, "$display_count": "51" } },
      { "value_52_label@progress_bar.progress_value_text_clip_ratio": { "$min_value": 0.515000, "$max_value": 0.524999, "$display_count": "52" } },
      { "value_53_label@progress_bar.progress_value_text_clip_ratio": { "$min_value": 0.525000, "$max_value": 0.534999, "$display_count": "53" } },
      { "value_54_label@progress_bar.progress_value_text_clip_ratio": { "$min_value": 0.535000, "$max_value": 0.544999, "$display_count": "54" } },
      { "value_55_label@progress_bar.progress_value_text_clip_ratio": { "$min_value": 0.545000, "$max_value": 0.554999, "$display_count": "55" } },
      { "value_56_label@progress_bar.progress_value_text_clip_ratio": { "$min_value": 0.555000, "$max_value": 0.564999, "$display_count": "56" } },
      { "value_57_label@progress_bar.progress_value_text_clip_ratio": { "$min_value": 0.565000, "$max_value": 0.574999, "$display_count": "57" } },
      { "value_58_label@progress_bar.progress_value_text_clip_ratio": { "$min_value": 0.575000, "$max_value": 0.584999, "$display_count": "58" } },
      { "value_59_label@progress_bar.progress_value_text_clip_ratio": { "$min_value": 0.585000, "$max_value": 0.594999, "$display_count": "59" } },
      { "value_60_label@progress_bar.progress_value_text_clip_ratio": { "$min_value": 0.595000, "$max_value": 0.604999, "$display_count": "60" } },
      { "value_61_label@progress_bar.progress_value_text_clip_ratio": { "$min_value": 0.605000, "$max_value": 0.614999, "$display_count": "61" } },
      { "value_62_label@progress_bar.progress_value_text_clip_ratio": { "$min_value": 0.615000, "$max_value": 0.624999, "$display_count": "62" } },
      { "value_63_label@progress_bar.progress_value_text_clip_ratio": { "$min_value": 0.625000, "$max_value": 0.634999, "$display_count": "63" } },
      { "value_64_label@progress_bar.progress_value_text_clip_ratio": { "$min_value": 0.635000, "$max_value": 0.644999, "$display_count": "64" } },
      { "value_65_label@progress_bar.progress_value_text_clip_ratio": { "$min_value": 0.645000, "$max_value": 0.654999, "$display_count": "65" } },
      { "value_66_label@progress_bar.progress_value_text_clip_ratio": { "$min_value": 0.655000, "$max_value": 0.664999, "$display_count": "66" } },
      { "value_67_label@progress_bar.progress_value_text_clip_ratio": { "$min_value": 0.665000, "$max_value": 0.674999, "$display_count": "67" } },
      { "value_68_label@progress_bar.progress_value_text_clip_ratio": { "$min_value": 0.675000, "$max_value": 0.684999, "$display_count": "68" } },
      { "value_69_label@progress_bar.progress_value_text_clip_ratio": { "$min_value": 0.685000, "$max_value": 0.694999, "$display_count": "69" } },
      { "value_70_label@progress_bar.progress_value_text_clip_ratio": { "$min_value": 0.695000, "$max_value": 0.704999, "$display_count": "70" } },
      { "value_71_label@progress_bar.progress_value_text_clip_ratio": { "$min_value": 0.705000, "$max_value": 0.714999, "$display_count": "71" } },
      { "value_72_label@progress_bar.progress_value_text_clip_ratio": { "$min_value": 0.715000, "$max_value": 0.724999, "$display_count": "72" } },
      { "value_73_label@progress_bar.progress_value_text_clip_ratio": { "$min_value": 0.725000, "$max_value": 0.734999, "$display_count": "73" } },
      { "value_74_label@progress_bar.progress_value_text_clip_ratio": { "$min_value": 0.735000, "$max_value": 0.744999, "$display_count": "74" } },
      { "value_75_label@progress_bar.progress_value_text_clip_ratio": { "$min_value": 0.745000, "$max_value": 0.754999, "$display_count": "75" } },
      { "value_76_label@progress_bar.progress_value_text_clip_ratio": { "$min_value": 0.755000, "$max_value": 0.764999, "$display_count": "76" } },
      { "value_77_label@progress_bar.progress_value_text_clip_ratio": { "$min_value": 0.765000, "$max_value": 0.774999, "$display_count": "77" } },
      { "value_78_label@progress_bar.progress_value_text_clip_ratio": { "$min_value": 0.775000, "$max_value": 0.784999, "$display_count": "78" } },
      { "value_79_label@progress_bar.progress_value_text_clip_ratio": { "$min_value": 0.785000, "$max_value": 0.794999, "$display_count": "79" } },
      { "value_80_label@progress_bar.progress_value_text_clip_ratio": { "$min_value": 0.795000, "$max_value": 0.804999, "$display_count": "80" } },
      { "value_81_label@progress_bar.progress_value_text_clip_ratio": { "$min_value": 0.805000, "$max_value": 0.814999, "$display_count": "81" } },
      { "value_82_label@progress_bar.progress_value_text_clip_ratio": { "$min_value": 0.815000, "$max_value": 0.824999, "$display_count": "82" } },
      { "value_83_label@progress_bar.progress_value_text_clip_ratio": { "$min_value": 0.825000, "$max_value": 0.834999, "$display_count": "83" } },
      { "value_84_label@progress_bar.progress_value_text_clip_ratio": { "$min_value": 0.835000, "$max_value": 0.844999, "$display_count": "84" } },
      { "value_85_label@progress_bar.progress_value_text_clip_ratio": { "$min_value": 0.845000, "$max_value": 0.854999, "$display_count": "85" } },
      { "value_86_label@progress_bar.progress_value_text_clip_ratio": { "$min_value": 0.855000, "$max_value": 0.864999, "$display_count": "86" } },
      { "value_87_label@progress_bar.progress_value_text_clip_ratio": { "$min_value": 0.865000, "$max_value": 0.874999, "$display_count": "87" } },
      { "value_88_label@progress_bar.progress_value_text_clip_ratio": { "$min_value": 0.875000, "$max_value": 0.884999, "$display_count": "88" } },
      { "value_89_label@progress_bar.progress_value_text_clip_ratio": { "$min_value": 0.885000, "$max_value": 0.894999, "$display_count": "89" } },
      { "value_90_label@progress_bar.progress_value_text_clip_ratio": { "$min_value": 0.895000, "$max_value": 0.904999, "$display_count": "90" } },
      { "value_91_label@progress_bar.progress_value_text_clip_ratio": { "$min_value": 0.905000, "$max_value": 0.914999, "$display_count": "91" } },
      { "value_92_label@progress_bar.progress_value_text_clip_ratio": { "$min_value": 0.915000, "$max_value": 0.924999, "$display_count": "92" } },
      { "value_93_label@progress_bar.progress_value_text_clip_ratio": { "$min_value": 0.925000, "$max_value": 0.934999, "$display_count": "93" } },
      { "value_94_label@progress_bar.progress_value_text_clip_ratio": { "$min_value": 0.935000, "$max_value": 0.944999, "$display_count": "94" } },
      { "value_95_label@progress_bar.progress_value_text_clip_ratio": { "$min_value": 0.945000, "$max_value": 0.954999, "$display_count": "95" } },
      { "value_96_label@progress_bar.progress_value_text_clip_ratio": { "$min_value": 0.955000, "$max_value": 0.964999, "$display_count": "96" } },
      { "value_97_label@progress_bar.progress_value_text_clip_ratio": { "$min_value": 0.965000, "$max_value": 0.974999, "$display_count": "97" } },
      { "value_98_label@progress_bar.progress_value_text_clip_ratio": { "$min_value": 0.975000, "$max_value": 0.984999, "$display_count": "98" } },
      { "value_99_label@progress_bar.progress_value_text_clip_ratio": { "$min_value": 0.985000, "$max_value": 0.994999, "$display_count": "99" } },
      { "value_100_label@progress_bar.progress_value_text_clip_ratio": { "$min_value": 0.995000, "$max_value": 1.004999, "$display_count": "100" } }
    ]
  }
}
}
}