{	"namespace": "progress",

	"_info_1": "QQ: Bugjump (3071882091)",
	"_info_2": "Bilibili: Minecraft君9a7z (1345634151)",

	"_info_3": "未经允许，禁止使用任何此资源包的代码（可参考，但禁止复制）",
	"_info_4": "原作者保留任何权益",

	"progress_screen": {
		"force_render_below": false,
		"$screen_bg_content": "common.background_image_always" },

	"world_modal_progress_panel_content": {
		"type": "panel",
		"size": [ "100%", "100%cm" ],
		"offset": [ 0, 0 ],
		"anchor_from": "bottom_left",
		"anchor_to": "bottom_left",
		"controls": [
			{ "world_modal_progress_content_panel@progress.world_modal_progress_content_panel": { } }
		] },

	"world_modal_progress_panel": {
		"type": "panel",
		"size": [ "100%", "100%" ],
		"offset": [ 0, 0 ],
		"anchor_from": "top_left",
		"anchor_to": "top_left",
		"layer": 60,
		"controls": [
			{ "world_modal_progress_panel_content@progress.world_modal_progress_panel_content": { } }
		] },

	"custom_binding_text_control": {
		"type": "label",
		"text": "$mDisplay",
		"$mDisplay": "(('§_' + (100 - ($display_text * 1))) + '%%')",
		"bindings": [
			{	"binding_name": "#loading_bar_percentage",
				"binding_condition": "always",
				"binding_type": "global" },
			{	"binding_type": "view",
				"source_property_name": "(((#loading_bar_percentage > $min_value) and (#loading_bar_percentage < $max_value)) or (#loading_bar_percentage = $min_value))",
				"target_property_name": "#visible",
				"binding_condition": "always" }
		] },

  "world_modal_progress_content_panel": {
    "type": "image",
    "texture": "$control_image",
    "size": [ "100%", "100%c" ],
    "alpha": 0.5,/*
    "anchor_from": "bottom_left",
    "anchor_to": "bottom_left",*/
		"anchor_from": "top_left",
		"anchor_to": "top_left",
    "layer": 2,
    "controls": [
      {
        "main_stack": {
          "type": "stack_panel",
          "size": [ "100%", "100%c" ],
          "anchor_from": "bottom_left",
          "anchor_to": "bottom_left",
          "controls": [
            {
              "progress_title_text_panel": {
                "type": "panel",
                "size": [ "100%", 23 ],
                "controls": [
                  {
                    "progress_title_text": {
                      "type": "label",
                      "text": "#title_text",
                      "size": [ "default", 15 ],
                      "font_scale_factor": 1.5,
                      "bindings": [
                        { "binding_name": "#title_text" }
                      ]
                    }
                  }
                ]
              }
            },
            {
              "progress_bar_text_panel": {
                "type": "panel",
                "size": [ "100%", 10 ],
                "controls": [
                  {
                    "progress_bar_text": {
                      "type": "label",
                      "text": "#progress_text",
                      "size": [ "default", 10 ],
                      "bindings": [
                        { "binding_name": "#progress_text" }
                      ]
                    }
                  }
                ]
              }
            },
            {
              "progress_padding": {
                "type": "panel",
                "size": [ "100%", 10 ],
                "bindings": [/*
                  {
                    "binding_name": "#loading_bar_visible",
                    "binding_name_override": "#visible"
                  }*/
                ]
              }
            },
            {
              "progress_bar_panel": {
                "type": "stack_panel",
								"orientation": "horizontal",
                "size": [ "100%", 5 ],
                "controls": [
									{	"progress_bar_left_padding": {
											"type": "panel",
											"size": [ 10, "100%" ] }
									}, {	"progress_loading_bars@progress_bar.progress_bar_indeterminate": {
											"size": [ "100% - 20px", 2 ],
											"bindings": [
												{ "binding_name": "#loading_bar_percentage" },
												{	"binding_name": "((#loading_bar_percentage < 0.01) or (#loading_bar_percentage = 0.01) or (#loading_bar_percentage > 0.99) or (#loading_bar_percentage = 0.99))",
													"binding_name_override": "#visible" }
											] }
									}, {	"fancy_progress_loading_bars@progress_bar.progress_bar_determinate": {
											"size": [ "100% - 40px", 2 ],
											"bindings": [
												{ "binding_name": "#loading_bar_percentage" },
												{	"binding_name": "(not ((#loading_bar_percentage < 0.01) or (#loading_bar_percentage = 0.01) or (#loading_bar_percentage > 0.99) or (#loading_bar_percentage = 0.99)))",
													"binding_name_override": "#visible" }
											],
											"$bar_bindings": [
												{	"binding_name": "#loading_bar_percentage",
													"binding_name_override": "#clip_ratio" }
											] }
									}, {	"progress_bar_percentage_panel": {
											"type": "panel",
											"size": [ 20, "100%" ],
											"bindings": [
												{ "binding_name": "#loading_bar_percentage" },
												{	"binding_name": "(not ((#loading_bar_percentage < 0.01) or (#loading_bar_percentage = 0.01) or (#loading_bar_percentage > 0.99) or (#loading_bar_percentage = 0.99)))",
													"binding_name_override": "#visible" }
											],
											"controls": [
												{	"percentage_panel@progress_panel_yao.percentage_panel": {
														"$label_control": "progress.custom_binding_text_control",
														"$binding_name": "#loading_bar_percentage",
														"offset": [ 0, 0 ],
														"anchor_from": "left_middle",
														"anchor_to": "left_middle" }
												}
											] }
									}, {	"progress_bar_right_padding": {
											"type": "panel",
											"size": [ 10, "100%" ] }
									}
                ]
              }
            },
            {
              "cancel_padding": {
                "type": "panel",
                "size": [ "100%", 10 ],
                "bindings": [
                  {
                    "binding_name": "#cancel_visible",
                    "binding_name_override": "#visible"
                  }
                ]
              }
            },
            {
              "cancel_button_panel": {
                "type": "panel",
                "size": [ "100%", 26 ],
                "bindings": [
                  {
                    "binding_name": "#cancel_visible",
                    "binding_name_override": "#visible"
                  }
                ],
                "controls": [
                  {
                    "cancel_button@progress.cancel_button": {}
                  }
                ]
              }
            },
            {
              "end_padding": {
                "type": "panel",
                "size": [ "100%", 10 ]
              }
            }
          ]
        }
      }
    ]
  },

	"dim_loading_content": {
		"type": "stack_panel",
		"orientation": "vertical",
		"size": [ "100%", "100%" ],
		"controls": [
			{	"progress_bar_indeterminate@progress_bar.progress_bar_indeterminate": {
					"anchor_from": "top_left",
					"anchor_to": "top_left" }
			}, {	"filler": {
					"type": "panel",

					"size": [ "100%", "fill" ],
					"offset": [ 0, 0 ],
					"anchor_from": "top_left",
					"anchor_to": "top_left" }
			}, {	"bottom_text_panel": {
					"type": "stack_panel",
					"orientation": "horizontal",
					"size": [ "100%", "100%cm" ],
					"controls": [
						{	"title_label": {
								"type": "label",
								"text": "Loading...",
								"shadow": true }
						}, {	"spacer": {
								"type": "panel",
								"size": [ "fill", "100%cm" ] }
						}, {	"dim_label": {
								"type": "label",
								"text": "$title_control",
								"shadow": true }
						}
					] }
			}
		] },

	"overworld_loading_progress_screen": {
		"$title_control": "OVERWORLD",
		"force_render_below": true,
		"is_showing_menu": false,
		"absorbs_input": false,
		"$screen_content": "progress.dim_loading_content",
		"$screen_bg_content": "common.darked_background" },

	"nether_loading_progress_screen": {
		"$title_control": "NETHER",
		"force_render_below": true,
		"is_showing_menu": false,
		"absorbs_input": false,
		"$screen_content": "progress.dim_loading_content",
		"$screen_bg_content": "common.darked_background" },

	"theend_loading_progress_screen": {
		"$title_control": "THE END",
		"force_render_below": true,
		"is_showing_menu": false,
		"absorbs_input": false,
		"$screen_content": "progress.dim_loading_content",
		"$screen_bg_content": "common.darked_background" }
}