{	"namespace": "resource_packs",

	"_info.1": "QQ: Bugjump (3071882091)",
	"_info.2": "Bilibili: Minecraft君9a7z (1345634151)",

	"_info_3": "未经允许，禁止使用任何此资源包的代码（可参考，但禁止复制）",
	"_info_4": "原作者保留任何权益",

	"pack_search_text_edit@common.text_edit_box": {
		"$text_edit_text_control": "$pack_search_text_edit_text_control",
		"$place_holder_text": "$pack_search_place_holder_text",
		"$text_clear_button_enabled": false,
		"$magnifying_glass_enabled": false,
		"size": [ "100%", 20 ] },

	"pack_stack_header": {
		"type": "stack_panel",
		"orientation": "vertical",
		"size": [ "100% - 4px", "100%c" ],
		"offset": [ 2, 0 ],
		"anchor_from": "top_left",
		"anchor_to": "top_left",
		"controls": [
			{	"top_padding": {
					"type": "panel",
					"size": [ "100%", 2 ] }
			}, { "resourcesPackSelectedToggleStack@resource_packs.resourcesPackSelectedToggleStack": { } },
			{	"middle_padding": {
					"type": "panel",
					"size": [ "100%", 2 ],
					"bindings": [
						{	"binding_type": "view",
							"source_control_name": "$available_packs_toggle",
							"source_property_name": "#toggle_state",
							"target_property_name": "#visible" }
					] }
			}, {	"pack_search_text_edit@resource_packs.pack_search_text_edit": {
					"bindings": [
						{	"binding_type": "view",
							"source_control_name": "$available_packs_toggle",
							"source_property_name": "#toggle_state",
							"target_property_name": "#visible" }
					] }
			}, {	"bottom_padding": {
					"type": "panel",
					"size": [ "100%", 2 ] }
			}
		] },

  "available_pack_panel": {
  "$enabled_search|default": true,
		"property_bag": {
			"#search_empty": true,
			"#name_pass": false,
			"#description_pass": false },
					"bindings" :[
    
      {"ignored":"(not $enabled_search)",
        "binding_collection_name": "$available_pack_items",
        "binding_name": "#name",
        "binding_type": "collection"}
     , {"ignored":"(not $enabled_search)",
        "binding_collection_name": "$available_pack_items",
        "binding_name": "#description",
        "binding_type": "collection"
      },{"ignored":"(not $enabled_search)",
					"binding_type": "view",
					"source_control_name": "$pack_search_text_edit_text_control",
					"source_property_name": "#item_name",
					"target_property_name": "#search_text"
      },{"ignored":"(not $enabled_search)",
					"binding_type": "view",
					"source_property_name": "(not ((#name - #search_text) = #name))",
					"target_property_name": "#name_pass"
      },{"ignored":"(not $enabled_search)",
					"binding_type": "view",
					"source_property_name": "(not ((#description - #search_text) = #description))",
					"target_property_name": "#description_pass"
      },{"ignored":"(not $enabled_search)",
					"binding_type": "view",
					"source_property_name": "(#search_text = '')",
					"target_property_name": "#search_empty"
      },{"ignored":"(not $enabled_search)",
					"binding_type": "view",
					"source_property_name": "(#name_pass or #description_pass or #search_empty)",
					"target_property_name": "#visible"
					}]
  },

	"available_pack_grid_panel": {
		"type": "panel",
		"size": [ "100%", "100%c" ],
		"controls": [ {"available_pack_grid@resource_packs.available_pack_grid":{ }}
		] },


	"resourcesPackSelectedToggleStack": {
		"type": "stack_panel",
		"orientation": "horizontal",
		"size": [ "100%", 20 ],
		"offset": [ 0, 0 ],
		"anchor_from": "top_left",
		"anchor_to": "top_left",
		"controls": [
			{	"selected_packs_button@common_toggles.light_content_toggle": {
					"$button_content": "resource_packs.selected_packs_title_content",
					"$toggle_name": "$resourcePacksSelGroup_name",
					"$toggle_group_forced_index": 0,
					"$radio_toggle_group": true,
					"$toggle_view_binding_name": "$selected_packs_toggle",
					"$button_image_size": [ "100%", "100%" ],
					"size": [ "fill", "100%" ] }
			}, {	"available_packs_button@common_toggles.light_content_toggle": {
					"$button_content": "resource_packs.available_packs_title_content",
					"$toggle_name": "$resourcePacksSelGroup_name",
					"$toggle_group_forced_index": 1,
					"$radio_toggle_group": true,
					"$toggle_view_binding_name": "$available_packs_toggle",
					"$button_image_size": [ "100%", "100%" ],
					"size": [ "fill", "100%" ] }
			}
		] },

	"selected_packs_title_content": {
		"modifications": [
			{	"control_name": "selected_packs_title_label",
				"operation": "replace",
				"value": {
					"selected_packs_title_label_panel": {
						"type": "panel",
						"size": [ "fill", "100%" ],
						"controls": [
							{	"selected_packs_title_label@common.minecraftTenLabel": {
									"size": [ "100%", 10 ],
									"text": "$title_text",
									"color": "$text_color" }
							}
						] }
				} },
			{	"control_name": "fill_pad",
				"operation": "remove" },
			{	"control_name": "pad_1",
				"operation": "remove" },
			{	"control_name": "plus_panel",
				"operation": "remove" },
			{	"control_name": "minus_panel",
				"operation": "remove" }
		] },

	"selected_stack_panel": {
		"modifications": [
			{	"control_name": "offset_0",
				"operation": "remove" },
			{	"control_name": "selected_packs_title_panel",
				"operation": "remove" },
			{	"control_name": "offset_1",
				"operation": "remove" },
			{	"control_name": "available_packs_title_panel",
				"operation": "remove" },
			{	"control_name": "offset_3",
				"operation": "remove" },
			{	"control_name": "realms_packs_title_button",
				"operation": "remove" },
			{	"control_name": "realms_packs_section",
				"operation": "remove" },
			{	"control_name": "offset_4",
				"operation": "remove" },
			{	"control_name": "unowned_packs_title_button",
				"operation": "remove" },
			{	"control_name": "unowned_packs_section",
				"operation": "remove" }
		] },

	"selected_stack_panel/selected_pack_section": {
		"bindings": [
			{	"binding_type": "view",
				"source_control_name": "$selected_packs_toggle",
				"source_property_name": "#toggle_state",
				"target_property_name": "#visible" }
		] },

	"selected_stack_panel/available_packs_section": {/*
		"modifications":[{
		"control_name": "available_pack_grid",
		"operation": "replace",
		"value": [
			{	"no_search@resource_packs.available_pack_grid_panel": {
					"bindings" :[{
					"binding_type": "view",
					"source_control_name": "$pack_search_text_edit_text_control",
					"source_property_name": "(#item_name = '')",
					"target_property_name": "#visible"
					}]}
			},
			{	"search@resource_packs.available_pack_grid_panel": {
			"$enabled_search": true,
					"bindings" :[{
					"binding_type": "view",
					"source_control_name": "$pack_search_text_edit_text_control",
					"source_property_name": "(not #item_name = '')",
					"target_property_name": "#visible"
					}]}
			}
		]
	}],*/
		"bindings": [
			{	"binding_type": "view",
				"source_control_name": "$available_packs_toggle",
				"source_property_name": "#toggle_state",
				"target_property_name": "#visible" }
		] },

	"resource_packs_section_toggle_base": {
		"$default_texture": "textures/ui/sidebar/button_borderless_light",
		"$hover_texture": "textures/ui/sidebar/button_borderless_lightselected",
		"$pressed_texture": "textures/ui/sidebar/button_borderless_lighthover",
		"$pressed_no_hover_texture": "textures/ui/sidebar/button_borderless_lightselectedhover",

		"variables": [
			{	"requires": "(not $showing_sidebar_dividers)",
				"$button_image_size": [ "100%", "100%" ],
				"$button_content_size": [ "100%", "100%" ],
				"$hover_border_visible": false,
				"$default_border_visible": false,
				"$button_size_override": [ "100%", "100%" ] }
		],

		"size": [ "100%", 24 ],

		"controls": [
			{	"item_background": {
					"ignored": "$show_accent_background",
					"type": "image",
					"texture": "textures/ui/white_background",
					"color": "$surface_color",
					"alpha": 0.25,
					"allow_debug_missing_texture": false,
					"fill": true,
					"size": [ "100%", "100%sm" ],
					"anchor_from": "top_left",
					"anchor_to": "top_left",
					"layer": -1 }
			}, {	"$toggle_view_binding_name@$template_toggle": {
					"controls": [
						{ "unchecked@$unchecked_control": { } },
						{ "checked@$checked_control": { } },
						{ "unchecked_hover@$unchecked_hover_control": { } },
						{ "checked_hover@$checked_hover_control": { } },
						{ "unchecked_locked@$unchecked_locked_control": { } },
						{ "checked_locked@$checked_locked_control": { } },
						{ "unchecked_locked_hover@$unchecked_locked_hover_control": { } },
						{ "checked_locked_hover@$checked_locked_hover_control": { } },
						{	"accent_divider": {
								"type": "collection_panel",
								"size": [ 2, "100%" ],
								"anchor_from": "top_left",
								"anchor_to": "top_left",
								"propagate_alpha": true,
								"layer": 10,
								"factory": {
									"name": "divider_factory",
									"control_name": "settings_common.tab_divider",
									"max_children_size": 1 },
								"bindings": [
									{	"binding_type": "view",
										"source_control_name": "$toggle_view_binding_name",
										"source_property_name": "#toggle_state",
										"target_property_name": "#toggle_state" },
									{	"binding_type": "view",
										"source_property_name": "(1 * #toggle_state)",
										"target_property_name": "#alpha" },
									{	"binding_type": "view",
										"source_property_name": "(1 * #toggle_state)",
										"target_property_name": "#collection_length" }
								] }
						}, {	"accent_divider_reverse": {
								"type": "collection_panel",
								"size": [ 2, "100%" ],
								"anchor_from": "top_left",
								"anchor_to": "top_left",
								"propagate_alpha": true,
								"layer": 10,
								"factory": {
									"name": "divider_reverse_factory",
									"control_name": "settings_common.tab_divider_reverse",
									"max_children_size": 1 },
								"bindings": [
									{	"binding_type": "view",
										"source_control_name": "$toggle_view_binding_name",
										"source_property_name": "#toggle_state",
										"target_property_name": "#toggle_state" },
									{	"binding_type": "view",
										"source_property_name": "(1 * (not #toggle_state))",
										"target_property_name": "#alpha" },
									{	"binding_type": "view",
										"source_property_name": "(1 * (not #toggle_state))",
										"target_property_name": "#collection_length" }
								] }
						}
					] }
			}
		] }
}