{	"namespace": "right_quick_menu",

	"compound_control": {
		"type": "panel",
		"size": [ "100%", "100%" ],
		"layer": 10,
		"controls": [
			{	"right_swipeup_panel": {
					"type": "panel",

					"size": [ "100%", "100%" ],
					"offset": [ "100% - 192px", 0 ],
					"anchor_from": "top_right",
					"anchor_to": "top_right",

					"clips_children": true,

					"controls": [
						{	"right_quick_menu_state_slider@common.slider": {
								"size": [ "100%", "100%" ],
								"offset": [ "-100% + 192px", 0 ],
								"anchor_from": "top_left",
								"anchor_to": "top_left",
								"always_listen_to_input": true,
								"$slider_steps": 1,
								"layer": 0,
								"slider_value": 1.0,
								"property_bag": {
									"#slider_steps": 1,
									"#slider_value": 1.0
								},
								"button_mappings": [
									{
										"from_button_id": "button.menu_select",
										"to_button_id": "$slider_name",
										"mapping_type": "pressed",
										"button_up_right_of_first_refusal": true
									}
								],
								"controls": [
									{
										"slider_box@common.slider_box": {
											"$slider_track_button": "$slider_name",
											"controls": []
										}
									}
								] }
						}
					] }
			}, {	"offset_panel": {
					"type": "panel",

					"size": [ "100%", "100%" ],
					"offset": [ "100% - 192px", 0 ],
					"anchor_from": "top_left",
					"anchor_to": "top_left",
					"clips_children": true,

					"controls": [
						{	"offset_panel": {
								"type": "panel",

								"size": [ "100%", "100%" ],
								"offset": [ "-100% + 192px", 0 ],
								"anchor_from": "top_left",
								"anchor_to": "top_left",
								"clips_children": true,

								"controls": [
						{	"offset_panel": {
								"type": "panel",

								"size": [ "100%", "100%" ],
								"offset": [ 0, 0 ],
								"anchor_from": "top_left",
								"anchor_to": "top_left",
								"use_anchored_offset": true,
								"clips_children": true,

								"property_bag": {
									"#anchored_offset_value_x": 0.0,
									"#anchored_offset_value_y": 0.0
								},

								"bindings": [
									{	"binding_type": "view",
										"source_control_name": "right_quick_menu_state_slider",
										"source_property_name": "#slider_value",
										"target_property_name": "#anchored_offset_value_x" }
								],
								"controls": [
									{	"background_image_blur@common.background_image_blur": {
											"size": [ "100%", "100%" ],
											"offset": [ 0, 0 ],
											"anchor_from": "top_left",
											"anchor_to": "top_left",
											"use_anchored_offset": true,

											"layer": 60,

											"property_bag": {
												"#anchored_offset_value_x": 0.0,
												"#anchored_offset_value_y": 0.0
											},

											"bindings": [
												{	"binding_type": "view",
													"source_control_name": "right_quick_menu_state_slider",
													"source_property_name": "(-#slider_value)",
													"target_property_name": "#anchored_offset_value_x" }
											] }
									}
								] }
						}
								] }
						}
					] }
			}
		] }
}