{	"namespace": "safe_zone",

	"_info.1": "QQ: Bugjump (3071882091)",
	"_info.2": "Bilibili: Minecraft君9a7z (1345634151)",

	"_info_3": "未经允许，禁止使用任何此资源包的代码（可参考，但禁止复制）",
	"_info_4": "原作者保留任何权益",

	"zone_buffer_outer_panel": {
		"type": "stack_panel",
		"orientation": "vertical",
		"size": [ "100%", "100%" ],
		"controls": [
			{
				"top_panel@zone_buffer_image_common": {
					"size": [ "100%", 0 ],
					"bindings": [
						{	"binding_name": "#top_safe_zone_offset",
							"binding_name_override": "#size_binding_y"
						}
					] }
			}, {	"zone_buffer_inner_panel@zone_buffer_inner_panel": { }
			}, {	"bottom_panel@zone_buffer_image_common": {
					"size": [ "100%", 0 ],
					"bindings": [
						{ "binding_name": "#bottom_safe_zone_offset" },
						{	"binding_name": "(#bottom_safe_zone_offset + 0.1)",
							"binding_name_override": "#size_binding_y"
						}
					] }
			}
		] },

	"zone_buffer_inner_panel": {
		"type": "stack_panel",
		"orientation": "horizontal",
		"size": [ "100%", "fill" ],
		"controls": [
			{
				"left_panel@zone_buffer_image_common": {
					"size": [ 0, "100%" ],
					"bindings": [
						{	"binding_name": "#left_safe_zone_offset",
							"binding_name_override": "#size_binding_x"
						}
					] }
			}, {	"middle_padding": {
					"type": "panel",
					"size": [ "fill", "100%" ] }
			}, {	"right_panel@zone_buffer_image_common": {
					"size": [ 0, "100%" ],
					"bindings": [
						{ "binding_name": "#right_safe_zone_offset" },
						{	"binding_name": "(#right_safe_zone_offset + 0.1)",
							"binding_name_override": "#size_binding_x"
						}
					] }
			}
		] },

	"zone_buffer_image_common": {
		"type": "image",
		"texture": "$control_image",
		"alpha": 0.5,
		"layer": 1,
		"use_anchored_offset": true,
		"property_bag": {
			"#size_binding_x": 1.0,
			"#size_binding_y": 1.0 }
	},


  "title_text": {
    "type": "label",
    "layer": 1,
    "text": "options.safeZone.title",
    "color": "$title_text_color"
  },

  "instructions_text": {
    "type": "label",
    "layer": 1,
    "size": [ "100%", "default" ],
    "text": "options.safeZone.description",
    "color": "$body_text_color"
  },

  "label_button@common.button": {
    "sound_volume": 1.0,
    "size": [ "100%", "100%c" ],
    "$pressed_button_name": "button.focus_filler",
    "$button_tts_name": "",
    "focus_enabled": true
  },

  "label_button_hover": {
    "type": "panel",
    "size": [ "100%", "100%c" ],
    "controls": [
      {
        "hover@common.focus_border_white": {
          "size": [ "100%", "100%c" ],
          "controls": [
            {
              "button_hover_text@safe_zone.instructions_text": {}
            }
          ]
        }
      }
    ]
  },

  "content_panel": {
    "type": "stack_panel",
    "ttsSectionContainer": true,
    "$label_bindings": [
      {
        "binding_name": "$option_label"
      },
      {
        "binding_name": "$slider_tts_text_value"
      }
    ],
    "controls": [
      {
        "safe_zone_slider_all@settings_common.option_slider": {
          "$option_label": "#safe_zone_all_slider_label",
          "$slider_name": "safe_zone_all",
          "$slider_value_binding_name": "#safe_zone_all",
          "$option_enabled_binding_name": "#safe_zone_all_enabled",
          "$default_focus_precedence": 1,
          "$slider_select_on_hover": false,
          "$slider_tts_text_value": "#safe_zone_all_text_value"
        }
      },

      {
        "safe_zone_panel": {
          "type": "stack_panel",
          "orientation": "horizontal",
          "size": [ "100%", 30 ],
          "controls": [
            {
              "safe_zone_x@settings_common.option_slider": {
                "size": [ "fill", 30 ],
                "offset": [ 0, 0 ],
                "$option_label": "#safe_zone_x_slider_label",
                "$slider_name": "safe_zone_x",
                "$slider_value_binding_name": "#safe_zone_x",
                "$option_enabled_binding_name": "#safe_zone_x_enabled",
                "$slider_tts_text_value": "#safe_zone_x_text_value"
              }
            },
            {
              "padding": {
                "type": "panel",
                "size": [ 4, 30 ]
              }
            },
            {
              "safe_zone_y@settings_common.option_slider": {
                "size": [ "fill", 30 ],
                "offset": [ 0, 0 ],
                "$option_label": "#safe_zone_y_slider_label",
                "$slider_name": "safe_zone_y",
                "$slider_value_binding_name": "#safe_zone_y",
                "$option_enabled_binding_name": "#safe_zone_y_enabled",
                "$slider_tts_text_value": "#safe_zone_y_text_value"
              }
            }
          ]
        }
      },
      {
        "screen_position_panel": {
          "type": "stack_panel",
          "orientation": "horizontal",
          "size": [ "100%", 30 ],
          "controls": [
            {
              "screen_position_x@settings_common.option_slider": {
                "size": [ "fill", 30 ],
                "$option_label": "#screen_position_x_slider_label",
                "$slider_name": "screen_position_x",
                "$slider_value_binding_name": "#screen_position_x",
                "$option_enabled_binding_name": "#screen_position_x_enabled",
                "$slider_tts_text_value": "#screen_position_x_text_value"
              }
            },
            {
              "padding": {
                "type": "panel",
                "size": [ 4, 30 ]
              }
            },
            {
			  "screen_position_y@settings_common.option_slider": {
                "size": [ "fill", 30 ],
                "$option_label": "#screen_position_y_slider_label",
                "$slider_name": "screen_position_y",
                "$slider_value_binding_name": "#screen_position_y",
                "$option_enabled_binding_name": "#screen_position_y_enabled",
                "$slider_tts_text_value": "#screen_position_y_text_value"
              }
            }
          ]
        }
      },
      {
        "instruction_text_button@safe_zone.label_button": {
          "offset": [ 0, 3 ],
          "controls": [
            {
              "default@safe_zone.instructions_text": {}
            },
            {
              "pressed@safe_zone.instructions_text": {}
            },
            {
              "hover@safe_zone.label_button_hover": {}
            }
          ]
        }
      }
    ]
  },

  // Screen //

	"custom_exit_animation_base": {
		"anim_type": "size",
		"easing": "out_cubic",
		"duration": 0.5,
		"from": [ "100%", 200 ],
		"to": [ "100%", 0 ],
		"end_event": "screen.entrance_end" },

	"custom_exit_animation_push@safe_zone.custom_exit_animation_base": {
		"play_event": "screen.exit_push" },

	"custom_exit_animation_pop@safe_zone.custom_exit_animation_base": {
		"play_event": "screen.exit_pop" },

	"custom_entrance_animation_base": {
		"anim_type": "size",
		"easing": "out_cubic",
		"duration": 0.5,
		"from": [ "100%", 0 ],
		"to": [ "100%", 200 ],
		"end_event": "screen.entrance_end" },

	"custom_entrance_animation_push@safe_zone.custom_entrance_animation_base": {
		"play_event": "screen.entrance_push" },

	"custom_entrance_animation_pop@safe_zone.custom_entrance_animation_base": {
		"play_event": "screen.entrance_pop" },

  "safe_zone_screen": {
		"should_be_skipped_during_automation": false,

		"absorbs_input": false,
		"force_render_below": true,
		"is_modal": false,

		"consume_hover_events": false,
		"consume_event": false,
		"modal": false,

    "controls": [
      {"zone_buffer_outer_panel@zone_buffer_outer_panel": {
      "layer": 2,
					"anims": "$background_animations",
					"animation_reset_name": "screen_animation_reset",
					"disable_anim_fast_forward": true,
					"propagate_alpha": true
      } },/*
      {"background_image_blur@common.background_image_blur": {
					"anims": "$background_animations",
					"animation_reset_name": "screen_animation_reset",
					"disable_anim_fast_forward": true,
					"propagate_alpha": true
      } },*/
			{	"main_container": {
					"type": "panel",
					"size": [ "100%", 200 ],
					"clips_children": true,
					"anims": [
						"@safe_zone.custom_exit_animation_push",
						"@safe_zone.custom_exit_animation_pop",
						"@safe_zone.custom_entrance_animation_push",
						"@safe_zone.custom_entrance_animation_pop" ],
					"animation_reset_name": "screen_animation_reset",
					"disable_anim_fast_forward": true,
					"controls": [
      {
        "main_content_panel": {
          "type": "input_panel",
          "size": [ 192, 170 ],
          "ttsSectionContainer": true,
          "controls": [
            {
              "common_panel@common.common_panel": {
                "$show_close_button": false,
                "$dialog_background": "dialog_background_hollow_2"
              }
            },
            {
              "title_text@safe_zone.title_text": {
                "offset": [ 0, 9 ],
                "size": [ "default", 15 ],
                "anchor_to": "top_middle",
                "anchor_from": "top_middle"
              }
            },
            {
              "scrolling_panel@common.scrolling_panel": {
                "anchor_from": "top_left",
                "anchor_to": "top_left",
                "size": [ "100%-21px", "100%-67px" ],
                "offset": [ 10, 24 ],
                "$scrolling_pane_size": [ "100%", "100%" ],
                "$scrolling_pane_offset": [ 1, 0 ],
                "$scroll_size": [ 5, "100% - 4px" ],
                "$scrolling_content": "safe_zone.content_panel",
                "$scroll_bar_left_padding_size": [ 2, 0 ],
                "$scroll_bar_right_padding_size": [ 2, 0 ],
                "$show_background": false,
                "$bar_visible": true
              }
            },
            {
              "confirm_button@safe_zone.confirm_button": {
                "anchor_from": "bottom_middle",
                "anchor_to": "bottom_middle",
                "focus_change_down": "FOCUS_OVERRIDE_STOP",
                "offset": [ 0, -7 ]
              }
            }
          ]
        }
      }
					] }
			}
    ]
  }
}
