{	"namespace": "scoreboard",

	"_info_1": "QQ: Bugjump (3071882091)",
	"_info_2": "Bilibili: Minecraft君9a7z (1345634151)",

	"_info_3": "未经允许，禁止使用任何此资源包的代码（可参考，但禁止复制）",
	"_info_4": "原作者保留任何权益",

	"scoreboard_sidebar_score": {
		"color": "$accent_color" },

	"scoreboard_sidebar/main/displayed_objective": {
		"offset": [ -1, 1 ] },

	"scoreboard_sidebar/main/lists": {
		"offset": [ 0, 14 ] },

	"scoreboard_sidebar/main": {
		"anchor_from": "top_left",
		"anchor_to": "top_left",
		"size": [ "100%cm + 6px", "100%c + 5px" ],
		"alpha": 0.25 },

	"scoreboard_sidebar/displayed_objective_background": {
		"anchor_from": "top_left",
		"anchor_to": "top_left",
		"size": [ "100%sm", 12 ],
		"offset": [ 0, 0 ],
		"alpha": 0.25 },

	"scoreboard_sidebar": {
		"size": [ "100%cm", "100%cm + 4px" ],
		"modifications": [
			{	"array_name": "controls",
				"operation": "insert_back",
				"value": [
					{	"right_divider": {
							"type": "image",
							"texture": "textures/ui/white_background",
							"color": [ 0.8, 0.8, 0.8 ],
							"keep_ratio": false,
							"size": [ 2, "100%sm" ],
							"anchor_from": "top_right",
							"anchor_to": "top_right",
							"layer": 27 }
					}
				] }
		] }
}