{	"namespace": "settings",

	"_info.1": "QQ: Bugjump (3071882091)",
	"_info.2": "Bilibili: Minecraft君9a7z (1345634151)",

	"_info_3": "未经允许，禁止使用任何此资源包的代码（可参考，但禁止复制）",
	"_info_4": "原作者保留任何权益",

  "search_content_panel": {
    "type": "stack_panel",
    "anchor_from": "top_left",
    "anchor_to": "top_left",
    "size": [ "100%", "100%c" ],
    "offset": [ 0, 0 ],
    "$enabled_search": true,
		"ignored": true,
    "controls": [
      // the list of section panels, add yours here...
      {
        "world_sections": {
          "type": "stack_panel",
          "ignored": "(not $include_world_section)",
          "controls": [

			{ "world_normal_sections@world_section.world_normal_sections": { } },
			{ "world_extend_sections@world_section.world_extend_sections": { } },
			{ "world_cheat_sections@world_section.world_cheat_sections": { } },
			{ "world_exp_sections@world_section.world_exp_sections": { } },
            {
              "classroom_section_panel": {
                "type": "panel",
                "ignored": "(not $education_edition)",
                "size": [ "100%", "100%c" ],
                "controls": [
                  { "classroom_section@classroom_settings.classroom_section": {} }
                ]
              }
            },
            { "server_section@world_section.server_section": {} },
            { "multiplayer_section@world_section.multiplayer_section": {} },
            {
              "debug_section@world_section.debug_section": {
                "ignored": "$is_publish",
                "visible": false
              }
            }
          ]
        }
      },
      {
        "packs_sections": {
          "type": "stack_panel",
          "ignored": "(not $include_world_section and (not $include_realm_section or not $realms_pack_feature_enabled))",
          "controls": [
            { "level_texture_pack_section@world_section.level_texture_pack_section": {} },
            { "addon_section@world_section.addon_section": {} }
          ]
        }
      },
      {
        "section_content_panels@realms_settings.section_content_panels": {
          "ignored": "(not $include_realm_section)"
        }
      },
      {
        "general_and_controls_sections": {
          "type": "stack_panel",
          "ignored": "(not $include_controls_and_settings_sections)",
          "controls": [
            { "accessibility_section@general_section.accessibility_section": { "bindings": [ ] } },
            {
              "keyboard_and_mouse_section@controls_section.keyboard_and_mouse_section": {
                "ignored": "(not $keyboard_and_mouse_supported)",
                "bindings": [ ]
              }
            },
            {
              "controller_section@controls_section.controller_section": {
                "ignored": "(not $gamepad_supported)",
                "bindings": [ ]
              }
            },
            {
              "touch_section@controls_section.touch_section": {
                "ignored": "($is_holographic or not $touch_supported or $nx_os)",
                "bindings": [ ]
              }
            },
            { "general_tab_section@general_section.general_tab_section": { "bindings": [ ] } },
            { "account_section@general_section.account_section": { "bindings": [ ] } },
            {
              "global_texture_pack_section@general_section.global_texture_pack_section": {
                "bindings": [ ],
                "ignored": "$ignore_global_resources_section"
              }
            },
            {
              "storage_management_section@general_section.storage_management_section": {
                "bindings": [ ],
                "ignored": "$ignore_storage_section"
              }
            },
            { "creator_section@general_section.creator_section": { "bindings": [ ] } },
            { "video_section@general_section.video_section": { "bindings": [ ] } },
            {
              "view_subscriptions_prerelease_section@general_section.view_subscriptions_prerelease_section": {
                "ignored": "($education_edition or $is_editor_mode_enabled or not $pre_release)",
                "bindings": [ ]
              }
            },
            {
              "view_subscriptions_section@general_section.view_subscriptions_section": {
                "ignored": "($education_edition or $is_editor_mode_enabled or $pre_release)",
                "bindings": [ ]
              }
            },
            {
              "vr_section@general_section.vr_section": {
                "ignored": "(not $is_holographic)",
                "bindings": [ ]
              }
            },
            { "sound_section@general_section.sound_section": { "bindings": [ ] } },
            {
              "language_section@general_section.language_section": {
                "ignored": "(not $is_pregame)",
                "bindings": [ ]
              }
            },
            {
              "debug_section@general_section.debug_section": {
                "ignored": "$is_publish",
                "bindings": [ ]
              }
            },
            {
              "ui_debug_section@general_section.ui_debug_section": {
                "ignored": "$is_publish",
                "bindings": [ ]
              }
            },
            {
              "edu_debug_section@general_section.edu_debug_section": {
                "ignored": "($is_publish or (not $education_edition))",
                "bindings": [ ]
              }
            },
            {
              "marketplace_debug_section@general_section.marketplace_debug_section": {
                "ignored": "$is_publish",
                "bindings": [ ]
              }
            },
            {
              "gatherings_debug_section@general_section.gatherings_debug_section": {
                "ignored": "$is_publish",
                "bindings": [ ]
              }
            },
            {
              "flighting_debug_section@general_section.flighting_debug_section": {
                "ignored": "$is_publish",
                "bindings": [ ]
              }
            },
            {
              "automation_section@general_section.automation_section": {
                "ignored": "($is_publish or $test_infrastructure_disabled)",
                "bindings": [ ]
              }
            },
            { "how_to_play_section@general_section.how_to_play_section": { "bindings": [ ] } }
          ]
        }
      }
    ]
  },
/*
	"selector_stack_panel": {
		"modifications": [
			{	"array_name": "controls",
				"operation": "insert_front",
				"value": [
					{ "quick_person_panel@settings.quick_person_panel": { "ignored": "(not $include_controls_and_settings_sections)" } }
				]
			}, {	"array_name": "controls",
				"operation": "insert_back",
				"value": [
					{	"debug_enable_panel@common.material_panel": {
							"$show_back_button": false,
							"$title_text": "rSettings.debug_enable_panel.title",
							"$show_back_button": false,
							"size": [ "100%", 144 ],
							"$main_stacked_content": [
								{	"warning_label": {
										"type": "label",
										"text": "调试功能具有破坏性的风险， 如果你不知道调试的功能请不要启用",
										"text_alignment": "center",
										"size": [ "100%", "default" ],
										"color": "$foreground_text_color",
										"alpha": 0.8 }
								}, {	"state_label": {
										"ignored": "(not $is_publish)",
										"type": "label",
										"text": "当前非开发者版本， 大部分功能无法使用",
										"text_alignment": "center",
										"size": [ "100%", "default" ],
										"color": "$foreground_text_color",
										"alpha": 0.8 }
								}, {	"state_label_dev": {
										"ignored": "$is_publish",
										"type": "label",
										"text": "当前为开发者版本， 功能可以正常使用",
										"text_alignment": "center",
										"size": [ "100%", "default" ],
										"color": "$foreground_text_color",
										"alpha": 0.8 }
								}, { "divider@common.padding_line": { }
								}, {	"light_text_toggle@common_toggles.light_text_toggle": {
										"$toggle_view_binding_name": "debug_enable_button_toggle",
										"$button_text": "启用调试",
										"size": [ "100%", 24 ] }
								}
							] }
					}
				]
			}
		] },

	"selector_stack_panel/controls_and_settings_selector_pane/language_button": {
		"ignored": false },

	"selector_stack_panel/controls_and_settings_selector_pane/debug_button": {
		"ignored": false,
		"bindings": [
			{	"binding_type": "view",
				"source_control_name": "debug_enable_button_toggle",
				"source_property_name": "#toggle_state",
				"target_property_name": "#visible" }
		] },

	"selector_stack_panel/controls_and_settings_selector_pane/ui_debug_button": {
		"ignored": false,
		"bindings": [
			{	"binding_type": "view",
				"source_control_name": "debug_enable_button_toggle",
				"source_property_name": "#toggle_state",
				"target_property_name": "#visible" }
		] },

	"selector_stack_panel/controls_and_settings_selector_pane/edu_debug_button": {
		"ignored": false,
		"bindings": [
			{	"binding_type": "view",
				"source_control_name": "debug_enable_button_toggle",
				"source_property_name": "#toggle_state",
				"target_property_name": "#visible" }
		] },

	"selector_stack_panel/controls_and_settings_selector_pane/marketplace_debug_button": {
		"ignored": false,
		"bindings": [
			{	"binding_type": "view",
				"source_control_name": "debug_enable_button_toggle",
				"source_property_name": "#toggle_state",
				"target_property_name": "#visible" }
		] },

	"selector_stack_panel/controls_and_settings_selector_pane/gatherings_debug_button": {
		"ignored": false,
		"bindings": [
			{	"binding_type": "view",
				"source_control_name": "debug_enable_button_toggle",
				"source_property_name": "#toggle_state",
				"target_property_name": "#visible" }
		] },

	"selector_stack_panel/controls_and_settings_selector_pane/flighting_debug_button": {
		"ignored": false,
		"bindings": [
			{	"binding_type": "view",
				"source_control_name": "debug_enable_button_toggle",
				"source_property_name": "#toggle_state",
				"target_property_name": "#visible" }
		] },

	"selector_stack_panel/controls_and_settings_selector_pane/automation_button": {
		"ignored": false,
		"bindings": [
			{	"binding_type": "view",
				"source_control_name": "debug_enable_button_toggle",
				"source_property_name": "#toggle_state",
				"target_property_name": "#visible" }
		] },
*/

	"options_header_content": {
		"type": "stack_panel",
		"orientation": "vertical",
		"size": [ "100%", "100%c" ],
		"controls": [
			{	"divider_panel": {
					"type": "panel",
					"size": [ "100%", 5 ],
					"controls": [
						{	"divider": {
								"type": "image",
								"texture": "textures/ui/white_background",
								"color": "$accent_color",
								"fill": true,
								"size": [ "100% - 4px", 1 ],
								"anchor_from": "center",
								"anchor_to": "center" }
						}
					] }
			}, {	"label_panel": {
					"type": "panel",
					"size": [ "100%", "100%c" ],
					"controls": [
						{	"label": {
								"type": "label",
								"text": "$header_text",
								"color": "$title_text_color", 
								"size": [ "100% - 4px", "default" ],
								"anchor_from": "center",
								"anchor_to": "center" }
						}
					] }
			}
		] },

  "selector_stack_panel": {
    "type": "stack_panel",
    "anchor_from": "top_left",
    "anchor_to": "top_left",
    "orientation": "vertical",
    "$default_selector_toggle_index": 0,
    "ttsSectionContainer": true,
    "controls": [

					{ "quick_person_panel@settings.quick_person_panel": { "ignored": "(not $include_controls_and_settings_sections)" } },
			{	"accessibility_header@settings.options_header_content": {
					"ignored": "(not $include_controls_and_settings_sections)",
					"$header_text": "yao.settingsTabs.header.accessibility" }
			},
      {
        "accessibility_button@general_section.accessibility_button": {
          "$toggle_group_forced_index": "$accessibility_forced_index",
          "ignored": "(not $include_controls_and_settings_sections)"
        }
      },
      {
        "vr_button@general_section.vr_button": {
          "$toggle_group_forced_index": "$vr_forced_index",
          "ignored": "(not $is_holographic or not $include_controls_and_settings_sections)"
        }
      },
      {
        "how_to_play_button@general_section.how_to_play_button": {
          "$toggle_group_forced_index": "$how_to_play_index",
          "ignored": "(not $include_controls_and_settings_sections)"
        }
      },

      // the list of selection toggle buttons, add yours here...
      {
        "world_selector_pane@world_section.selector_pane_content": {
          "ignored": "(not $include_world_section)"
        }
      },
      {
        "realm_selector_pane@realms_settings.selector_panel": {
          "ignored": "(not $include_realm_section)",
          "$world_toggle_index": "$world_forced_index",
          "$members_toggle_index": "$members_forced_index",
          "$subscription_toggle_index": "$subscription_forced_index",
          "$backup_toggle_index": "$backup_forced_index",
          "$dev_options_toggle_index": "$dev_options_forced_index"
        }
      },
      {
        "controls_and_settings_selector_pane": {
          "type": "stack_panel",
          "ignored": "(not $include_controls_and_settings_sections)",
          "$controls_section_header": "options.group.input",
          "$general_section_header": "stat.generalButton",
          "$debug_section_header": "options.debug",
          "controls": [

            // Controls Section //
						{	"control_header@settings.options_header_content": {
								"$header_text": "yao.settingsTabs.header.control" }
						},
            {
              "keyboard_and_mouse_button@controls_section.keyboard_and_mouse_button": {
                "ignored": "(not $keyboard_and_mouse_supported)",
                "$toggle_group_forced_index": "$keyboard_and_mouse_forced_index",
                "$tts_section_header": "$controls_section_header"
              }
            },
            {
              "controller_button@controls_section.controller_button": {
                "ignored": "(not $gamepad_supported or $nx_os)",
                "$toggle_group_forced_index": "$controller_and_switch_forced_index",
                "$tts_section_header": "$controls_section_header"
              }
            },
            {
              "switch_controller_button@controls_section.controller_button": {
                "ignored": "(not $gamepad_supported or not $nx_os)",
                "$toggle_group_forced_index": "$controller_and_switch_forced_index",
                "$glyph_texture": "textures/ui/controller_glyph_switch",
                "$glyph_color_texture": "textures/ui/controller_glyph_color_switch",
                "$tts_section_header": "$controls_section_header"
              }
            },
            {
              "touch_button@controls_section.touch_button": {
                "ignored": "($is_holographic or not $touch_supported or $nx_os)",
                "$toggle_group_forced_index": "$touch_forced_index",
                "$tts_section_header": "$controls_section_header"
              }
            },

            // General Section //
						{	"general_header@settings.options_header_content": {
								"$header_text": "yao.settingsTabs.header.generic" }
						},
            {
              "general_button@general_section.general_button": {
                "$toggle_group_forced_index": "$general_forced_index",
                "$tts_section_header": "$general_section_header"
              }
            },
            {
              "account_button@general_section.account_button": {
                "$toggle_group_forced_index": "$account_forced_index",
                "$tts_section_header": "$general_section_header"
              }
            },
            {
              "creator_button@general_section.creator_button": {
                "$toggle_group_forced_index": "$creator_forced_index",
                "$tts_section_header": "$general_section_header"
              }
            },
            {
              "video_button@general_section.video_button": {
                "$toggle_group_forced_index": "$video_forced_index",
                "$tts_section_header": "$general_section_header"
              }
            },
            {
              "view_subscriptions_button@general_section.view_subscriptions_button": {
                "ignored": "$is_editor_mode_enabled",
                "$toggle_group_forced_index": "$view_subscriptions_forced_index",
                "$tts_section_header": "$general_section_header",
                "bindings": [
                  {
                    "binding_name": "#should_show_subscription_tab",
                    "binding_name_override": "#visible"
                  }
                ]
              }
            },
            {
              "sound_button@general_section.sound_button": {
                "$toggle_group_forced_index": "$sound_forced_index",
                "$tts_section_header": "$general_section_header"
              }
            },
            {
              "global_texture_pack_button@general_section.global_texture_pack_button": {
                "ignored": "$ignore_global_resources_section",
                "$toggle_group_forced_index": "$global_texture_pack_forced_index",
                "visible": "($is_global_texture_packs_visible)",
                "$tts_section_header": "$general_section_header"
              }
            },
            {
              "storage_management_button@general_section.storage_management_button": {
                "ignored": "$ignore_storage_section",
                "$toggle_group_forced_index": "$storage_management_forced_index",
                "$tts_section_header": "$general_section_header"
              }
            },
            {
              "edu_cloud_storage_button@general_section.edu_cloud_storage_button": {
                "ignored": "(not $education_edition or not $edu_save_to_cloud_on)",
                "$toggle_group_forced_index": "$edu_cloud_storage_forced_index",
                "$tts_section_header": "$general_section_header"
              }
            },
            {
              "language_button@general_section.language_button": {
                // "ignored": "(not $is_pregame)",
                "$toggle_group_forced_index": "$language_forced_index",
                "$tts_section_header": "$general_section_header"
              }
            },
            {
              "preview_button@general_section.preview_button": {
                // "ignored": "($trial or $pre_release or (not $is_ps4))",
                "$toggle_group_forced_index": "$preview_forced_index",
                "$tts_section_header": "$general_section_header"
              }
            },

            // Debug Section //
						{	"developer_header@settings.options_header_content": {
								"$header_text": "yao.settingsTabs.header.developer" }
						},
								{	"warning_label": {
										"type": "label",
										"text": "调试功能具有破坏性的风险， 如果你不知道调试的功能请不要启用",
										"text_alignment": "center",
										"size": [ "100%", "default" ],
										"color": "$foreground_text_color",
										"alpha": 0.8 }
								}, {	"state_label": {
										"ignored": "(not $is_publish)",
										"type": "label",
										"text": "当前非开发者版本， 大部分功能无法使用",
										"text_alignment": "center",
										"size": [ "100%", "default" ],
										"color": "$foreground_text_color",
										"alpha": 0.8 }
								}, {	"state_label_dev": {
										"ignored": "$is_publish",
										"type": "label",
										"text": "当前为开发者版本， 功能可以正常使用",
										"text_alignment": "center",
										"size": [ "100%", "default" ],
										"color": "$foreground_text_color",
										"alpha": 0.8 }
								// }, { "divider@common.padding_line": { }
								}, {	"light_text_toggle@common_toggles.light_text_toggle": {
										"$toggle_view_binding_name": "debug_enable_button_toggle",
										"$button_text": "启用调试",
										"size": [ "100%", 24 ] }
								},
            {
              "debug_button@general_section.debug_button": {
                
		"bindings": [
			{	"binding_type": "view",
				"source_control_name": "debug_enable_button_toggle",
				"source_property_name": "#toggle_state",
				"target_property_name": "#visible" } ],
                "$toggle_group_forced_index": "$debug_forced_index",
                "$tts_section_header": "$general_section_header"
              }
            },
            {
              "ui_debug_button@general_section.ui_debug_button": {
                
		"bindings": [
			{	"binding_type": "view",
				"source_control_name": "debug_enable_button_toggle",
				"source_property_name": "#toggle_state",
				"target_property_name": "#visible" } ],
                "$toggle_group_forced_index": "$ui_debug_forced_index",
                "$tts_section_header": "$general_section_header"
              }
            },
            {
              "edu_debug_button@general_section.edu_debug_button": {
                
		"bindings": [
			{	"binding_type": "view",
				"source_control_name": "debug_enable_button_toggle",
				"source_property_name": "#toggle_state",
				"target_property_name": "#visible" } ],
                "$toggle_group_forced_index": "$edu_debug_forced_index",
                "$tts_section_header": "$general_section_header"
              }
            },
            {
              "marketplace_debug_button@general_section.marketplace_debug_button": {
                
		"bindings": [
			{	"binding_type": "view",
				"source_control_name": "debug_enable_button_toggle",
				"source_property_name": "#toggle_state",
				"target_property_name": "#visible" } ],
                "$toggle_group_forced_index": "$marketplace_debug_forced_index",
                "$tts_section_header": "$general_section_header"
              }
            },
            {
              "gatherings_debug_button@general_section.gatherings_debug_button": {
                
		"bindings": [
			{	"binding_type": "view",
				"source_control_name": "debug_enable_button_toggle",
				"source_property_name": "#toggle_state",
				"target_property_name": "#visible" } ],
                "$toggle_group_forced_index": "$gatherings_debug_forced_index",
                "$tts_section_header": "$general_section_header"
              }
            },
            {
              "flighting_debug_button@general_section.flighting_debug_button": {
                
		"bindings": [
			{	"binding_type": "view",
				"source_control_name": "debug_enable_button_toggle",
				"source_property_name": "#toggle_state",
				"target_property_name": "#visible" } ],
                "$toggle_group_forced_index": "$flighting_debug_forced_index",
                "$tts_section_header": "$general_section_header"
              }
            },
            {
              "automation_button@general_section.automation_button": {
                
		"bindings": [
			{	"binding_type": "view",
				"source_control_name": "debug_enable_button_toggle",
				"source_property_name": "#toggle_state",
				"target_property_name": "#visible" } ],
                "$toggle_group_forced_index": "$automation_forced_index",
                "$tts_section_header": "$general_section_header"
              }
            }
          ]
        }
      },
      {
        "addons_selector_panel@world_section.addons_selector_panel": {
          "ignored": "(not $include_world_section and (not $include_realm_section or not $realms_pack_feature_enabled))",
          "$level_texture_pack_toggle_index": "$level_texture_pack_index",
          "$addon_toggle_index": "$addon_index"
        }
      }
    ]
  },


	"section_content_panels/general_and_controls_sections/language_section": {
		"ignored": false },

	"section_content_panels/general_and_controls_sections/debug_section": {
		"ignored": false },

	"section_content_panels/general_and_controls_sections/ui_debug_section": {
		"ignored": false },

	"section_content_panels/general_and_controls_sections/edu_debug_section": {
		"ignored": false },

	"section_content_panels/general_and_controls_sections/marketplace_debug_section": {
		"ignored": false },

	"section_content_panels/general_and_controls_sections/gatherings_debug_section": {
		"ignored": false },

	"section_content_panels/general_and_controls_sections/flighting_debug_section": {
		"ignored": false },

	"section_content_panels/general_and_controls_sections/automation_section": {
		"ignored": false },

	"section_content_panels/world_sections": {
          "controls": [
			{ "world_normal_sections@world_section.world_normal_sections": { } },
			{ "world_extend_sections@world_section.world_extend_sections": { } },
			{ "world_cheat_sections@world_section.world_cheat_sections": { } },
			{ "world_exp_sections@world_section.world_exp_sections": { } },
            {
              "classroom_section_panel": {
                "type": "panel",
                "ignored": "(not $education_edition)",
                "size": [ "100%", "100%c" ],
                "controls": [
                  { "classroom_section@classroom_settings.classroom_section": {} }
                ]
              }
            },
            { "server_section@world_section.server_section": {} },
            { "multiplayer_section@world_section.multiplayer_section": {} },
            {
              "debug_section@world_section.debug_section": {
                "ignored": "$is_publish",
                "visible": false
              }
            }
          ]},

	"quick_person_icon_panel": {
		"type": "panel",
		"$aimage_tex|default": "($image_tex + '_a')",
		"controls": [
			{	"person_icon": {
					"type": "image",
					"texture": "$image_tex",
					"color": "$glyph_color",
					"size": [ 8, 8 ] }
			}, {	"person_icon_a": {
					"type": "image",
					"texture": "$aimage_tex",
					"color": "$accent_color",
					"layer": 2,
					"size": [ 8, 8 ] }
			}, {	"border": {
					"ignored": "(not $showing_sidebar_background)",
					"type": "image",
					"texture": "textures/ui/focus_border_white",
					"size": [ 10, 10 ],
					"color": "$glyph_color" }
			}
		] },

	"quick_person_panel@settings_common.option_generic": {
		"$control_name": "dropdown_stack_panel",
		"$option_label": "elytra.quick_option",
		"$enabled": "(not $eui_is_trial_ui)",
		"$main_stack": [
			{	"@dropdown_content_item": {
					"$button_type_panel": "settings.quick_person_icon_panel",
					"$toggle_name": "#thirdperson_radio_first",
					"$image_tex": "elytra_common/settings/quick_first_icon" }
			}, { "@dropdown_content_padding": { }
			}, {	"@dropdown_content_item": {
					"always_handle_pointer": true,
					"$button_type_panel": "settings.quick_person_icon_panel",
					"$toggle_name": "#thirdperson_radio_third_back",
					"$image_tex": "elytra_common/settings/quick_third_back_icon" }
			}, { "@dropdown_content_padding": { }
			}, {	"@dropdown_content_item": {
					"$button_type_panel": "settings.quick_person_icon_panel",
					"$toggle_name": "#thirdperson_radio_third_front",
					"$image_tex": "elytra_common/settings/quick_third_front_icon" }
			}
		] },

	"section_content_panels/general_and_controls_sections/global_texture_pack_section": {
		"$pack_search_text_edit_text_control": "global_pack_search_text_edit_text",
		"$selected_packs_toggle": "selected_packs_toggle",
		"$available_packs_toggle": "available_packs_toggle" },

	"section_header_panels/general_and_controls_sections": {
		"modifications": [
			{	"array_name": "controls",
				"operation": "insert_front",
				"value": [
					{	"global_pack_stack_header@resource_packs.pack_stack_header": {
							"$selected_pack_items": "#selected_pack_items_global",
							"$available_pack_items": "#available_pack_items_global",
							"$pack_search_text_edit_text_control": "global_pack_search_text_edit_text",
							"$resourcePacksSelGroup_name": "resourcePacksSelGroup",
							"$selected_packs_toggle": "selected_packs_toggle",
							"$available_packs_toggle": "available_packs_toggle",
							"$pack_search_place_holder_text": "resourcePacks.searchTextBox.resourcePacks",
							"$selected_label_text": "resourcePack.selected.title.packs",
							"$available_label_text": "resourcePack.available.title.packs",
							"$realms_label_text": "resourcePack.realmsPlus.title.packs",
							"bindings": [
								{	"binding_type": "view",
									"source_control_name": "global_texture_pack_button_toggle",
									"source_property_name": "#toggle_state",
									"target_property_name": "#visible" }
							] }
					}
				] }
		] },

	"section_content_panels/general_and_controls_sections/global_texture_pack_section": {
		"$pack_search_text_edit_text_control": "global_pack_search_text_edit_text",
		"$selected_packs_toggle": "selected_packs_toggle",
		"$available_packs_toggle": "available_packs_toggle" },

	"section_content_panels/packs_sections/level_texture_pack_section": {
		"$pack_search_text_edit_text_control": "level_texture_pack_search_text_edit_text",
		"$selected_packs_toggle": "selected_packs_toggle_level",
		"$available_packs_toggle": "available_packs_toggle_level" },

	"section_content_panels/packs_sections/addon_section": {
		"$pack_search_text_edit_text_control": "addons_search_text_edit_text",
		"$selected_packs_toggle": "selected_packs_toggle_addon",
		"$available_packs_toggle": "available_packs_toggle_addon" },

	"section_header_panels/world_sections": {
	"size": [ "100%", "100%c" ],
		"modifications": [
			{	"array_name": "controls",
				"operation": "insert_front",
				"value": [
					{	"allow_cheats_toggle@settings_common.option_toggle": {
							"$tts_section_header": "createWorldScreen.cheatSettings",
							"$option_label": "selectWorld.cheats",
							"$option_binding_name": "#allow_cheats",
							"$option_enabled_binding_name": "#allow_cheats_enabled",
							"$toggle_name": "allow_cheats",
							"$focus_override_right": "FOCUS_OVERRIDE_STOP",
							"$toggle_binding_condition": "always_when_visible",
							"$one_line_layout": true,
							"bindings": [
								{	"binding_type": "view",
									"source_control_name": "world_cheat_button_toggle",
									"source_property_name": "#toggle_state",
									"target_property_name": "#visible" }
							] }
					}, {	"level_texture_pack_stack_header@resource_packs.pack_stack_header": {
							"$selected_pack_items": "#selected_pack_items_level",
							"$available_pack_items": "#available_pack_items_level",
							"$pack_search_text_edit_text_control": "level_texture_pack_search_text_edit_text",
							"$resourcePacksSelGroup_name": "resourcePacksSelGroupLevel",
							"$selected_packs_toggle": "selected_packs_toggle_level",
							"$available_packs_toggle": "available_packs_toggle_level",
							"$pack_search_place_holder_text": "resourcePacks.searchTextBox.resourcePacks",
							"$selected_label_text": "resourcePack.selected.title.packs",
							"$available_label_text": "resourcePack.available.title.packs",
							"$realms_label_text": "resourcePack.realmsPlus.title.packs",
							"bindings": [
								{	"binding_type": "view",
									"source_control_name": "level_texture_pack_button_toggle",
									"source_property_name": "#toggle_state",
									"target_property_name": "#visible" }
							] }
					}, {	"addons_stack_header@resource_packs.pack_stack_header": {
							"$selected_pack_items": "#selected_pack_items_addon",
							"$available_pack_items": "#available_pack_items_addon",
							"$pack_search_text_edit_text_control": "addons_search_text_edit_text",
							"$resourcePacksSelGroup_name": "addonsSelGroupLevel",
							"$selected_packs_toggle": "selected_packs_toggle_addon",
							"$available_packs_toggle": "available_packs_toggle_addon",
							"$pack_search_place_holder_text": "resourcePacks.searchTextBox.addons",
							"$selected_label_text": "resourcePack.selected.title.packs",
							"$available_label_text": "resourcePack.available.title.packs",
							"$realms_label_text": "resourcePack.realmsPlus.title.packs",
							"bindings": [
								{	"binding_type": "view",
									"source_control_name": "addon_button_toggle",
									"source_property_name": "#toggle_state",
									"target_property_name": "#visible" }
							] }
					}
				] }
		] }
}