{
  "namespace": "sidebar_navigation",

	"_info_1": "QQ: Bugjump (3071882091)",
	"_info_2": "Bilibili: Minecraft君9a7z (1345634151)",

	"_info_3": "未经允许，禁止使用任何此资源包的代码（可参考，但禁止复制）",
	"_info_4": "原作者保留任何权益",

	"sidebar_bg": {
		"texture": "textures/ui/white_background",
		"fill": true,
		"color": [ 0, 0, 0 ],
		"alpha": 0.25 },

	"sidebar_toggle": {
		"size": [ "100%", 24 ],

		"$button_content": "common_store.sidebar_tab_toggle_state_panel",

		"$default_texture": "textures/ui/sidebar/button_borderless_light",
		"$hover_texture": "textures/ui/sidebar/button_borderless_lightpressednohover",
		"$pressed_texture": "textures/ui/sidebar/button_borderless_lighthover",
		"$pressed_no_hover_texture": "textures/ui/sidebar/button_borderless_lightpressed",

		"$default_texture_color": [ 1.0, 1.0, 1.0 ],
		"$default_checked_texture_color": [ 1.0, 1.0, 1.0 ],
		"$hover_texture_color": [ 1.0, 1.0, 1.0 ],
		"$hover_checked_texture_color": [ 1.0, 1.0, 1.0 ],

		"$button_image_fill": false },

	"sidebar_fullscreen_blur_container": {
		"type": "panel",
		"size": "$sidebar_blur_background_size",
		"$sidebar_blur_background_size|default": [ "100%", "100% + 23px" ],
		"offset": "$sidebar_blur_background_offset",
		"$sidebar_blur_background_offset|default": [ 0, -23 ],
		"anchor_from": "top_left",
		"anchor_to": "top_left",

		// 保持背景层级够高
		"layer": -3,

		"controls": [
			{	"blur_container_sidebar": {
					"type": "panel",
					"size": [ "100%", "100%" ],
					"offset": [ 0, 0 ],
					"anchor_from": "top_left",
					"anchor_to": "top_left",
					"layer": 52,
					"clips_children": true,

					"anims": [
						"@common.sidebar_exit_animation_push",
						"@common.sidebar_exit_animation_pop",
						"@common.sidebar_entrance_animation_push",
						"@common.sidebar_entrance_animation_pop" ],
					"disable_anim_fast_foward": true,
					"animation_reset_name": "screen_animation_reset",

					"bindings": [
						{	"binding_name": "#is_simple_sidebar_state_active",
							"binding_name_override": "#visible" }
					],
					"controls": [
						{	"container": {
								"type": "panel",
								"size": [ "100%", "100%" ],
								"offset": [ "-100% + 30px", 0 ],
								"anims": [
									"@common.sidebar_collapse_animation_blurcontouter" ],
								"disable_anim_fast_foward": true,
								"anchor_from": "top_left",
								"anchor_to": "top_left",
								"clips_children": true,
								"controls": [
									{	"background_image_blur@common.background_image_blur_always": {
											"anims": [
												"@common.sidebar_collapse_animation_blurcontinner" ],
											"disable_anim_fast_foward": true,
											"size": [ "100%", "100%" ],
											"offset": [ "100% - 30px", 0 ],
											"anchor_from": "top_left",
											"anchor_to": "top_left" }
									}
								] }
						}
					] }
			}, {	"blur_container_sidebar_verbosed": {
					"type": "panel",
					"size": [ "100%", "100%" ],
					"offset": [ 0, 0 ],
					"anchor_from": "top_left",
					"anchor_to": "top_left",
					"layer": 52,
					"clips_children": true,
					"bindings": [
						{	"binding_name": "(not #is_simple_sidebar_state_active)",
							"binding_name_override": "#visible" }
					],
					"controls": [
						{	"container": {
								"type": "panel",
								"size": [ "100%", "100%" ],
								"offset": [ "-100% + 141px", 0 ],
								"anims": [
									"@common.sidebar_unfold_animation_blurcontouter" ],
								"disable_anim_fast_foward": true,
								"anchor_from": "top_left",
								"anchor_to": "top_left",
								"clips_children": true,
								"controls": [
									{	"background_image_blur@common.background_image_blur_always": {
											"anims": [
												"@common.sidebar_unfold_animation_blurcontinner" ],
											"disable_anim_fast_foward": true,
											"size": [ "100%", "100%" ],
											"offset": [ "100% - 141px", 0 ],
											"anchor_from": "top_left",
											"anchor_to": "top_left" }
									}
								] }
						}
					] }
			}
		] },	

	"content_view/content_view_stack/sidebar_view_stack/divider": { "ignored": true },

	// "sidebar_view_content_panel/verbose_view_exit": { "alpha": 0.25 },

	"sidebar_bg_content_panel": {
		"controls": [ ] },

	"sidebar_divider_panel": {
		"controls": [
			{ "sidebar_divider@sidebar_navigation.sidebar_divider": { "ignored": "(not $showing_sidebar_dividers)" } }
		] },

	"verbose_toggle": {
		"$toggle_state_binding_name": "#simple_sidebar_option_toggle_check" },

	"verbose_view_toggle": {
		"$sidebar_nav_toggle_image_size": [ 12, 12 ] },

	"verbose_view_toggle_content/left_padding": {
		"size": [ 10, "100%" ] },
/*
	"sidebar_divider_panel/sidebar_divider": {
		"size": [ "100% - 0.5px", 2 ],
		"offset": [ 0, 2 ],
		"anchor_from": "top_left",
		"anchor_to": "top_left" },
*/
  "verbose_sidebar_expand_section_panel": {
    "$sidebar_section_control": "$scrolling_content"
  },

	"root_section": {"controls":[{"$scrolling_content@$scrolling_content": {}}]},
/*
	"sidebar_views": {
		"ignored": true },

	"content_view/content_view_stack/sidebar_empty_panel": {
		"ignored": true },

	"content_view/content_view_stack/divider": {
		"ignored": true },
*/
	"sidebar_section_scroll_panel": {
		"$touch_control": false },

	"sidebar_option_factory_scroll_panel": {
		"size": [ "100%", "fill" ]},

	"sidebar_screen_nav_option_factory_panel": {
		"size": [ "100%", 26 ]},

	"sidebar_section_factory_panel/sidebar_section_factory": {
		"factory": {
			"name": "sidebar_factory",
			"control_ids": {
				"simple_root_section": "sidebar_navigation.simple_root_section",
				"verbose_root_section": "sidebar_navigation.verbose_root_section",
				"expanded_section": "sidebar_navigation.verbose_sidebar_expand_section_panel" },
			"factory_variables": [
				"$sidebar_factory_collection_name",
				"$sidebar_section_collection_name",
				"$sidebar_section_collection_prefix",
				"$sidebar_view_size",
				"$sidebar_factory_collection_binding_name",
				"$sidebar_factory_control_ids",

				"$accent_color",
				"$error_color",
				"$f_g_div",
				"$is_blur_glass_ignore" ]
		} },

	"sidebar_option_factory": {
		"factory": {
			"name": "sidebar_factory",
			"control_ids": "$sidebar_factory_control_ids",
			"factory_variables": [
				"$sidebar_factory_collection_name",
				"$sidebar_section_collection_name",
				"$sidebar_section_collection_prefix",
				"$toggle_binding_type",
				"$toggle_property_bag_binding_type",
				"$toggle_grid_collection_name",
				"$toggle_state_binding_name",
				"$toggle_collection_details_type",
				"$toggle_collection_detail_name",

				"$accent_color",
				"$error_color",
				"$f_g_div",
				"$is_blur_glass_ignore" ]
		} },

	"verbose_view_stack_panel/verbose_view_toggle": {
		"size": [ "100%", 24 ] },

/*
	"sidebar_view_content_panel": {
		"modifications": [{
			"array_name": "controls","operation": "insert_back",
			"value": [{	"end_padding@sidebar_fullscreen_blur_container":{	"type": "panel"
			}
			}]
		}]},*/
	"simple_root_section": {
		"modifications": [{
			"array_name": "controls","operation": "insert_back",
			"value": [{	"end_padding":{	"type": "panel",
			"size": [ "100%", 3 ]}
			}]
		}]},
	"simple_root_section/root_section": {
		"size": [ "100%", "fill" ]},

	"verbose_view_stack_panel": {
		"modifications": [{
			"array_name": "controls","operation": "insert_back",
			"value": [{	"end_padding":{	"type": "panel",
			"size": [ "100%", 3 ]}
			}]
		}]},
	"verbose_view_stack_panel/$sidebar_section_name": {
		"size": [ "100%", "fill" ]},

	"sidebar_view_content_panel": {
		"modifications": [{
			"array_name": "controls",
			"control_name": "verbose_view_exit",
			"operation": "replace",
			"value": [{	"end_padding@sidebar_fullscreen_blur_container":{	"type": "panel"
			}
			},
			{	"verbose_view_exit_button@common.button":{	
			"ignored": "$ignore_verbose_view_exit",	
			"$pressed_button_name": "button.exit_verbose_state_bg",
			"layer": 0,
                            "button_mappings": [
                              {
                                "from_button_id": "button.menu_select",
                                "to_button_id": "$pressed_button_name",
                                
                                "mapping_type": "global"
                              },
                              {
                                "from_button_id": "button.menu_cancel",
                                "to_button_id": "$pressed_button_name",
                                
                                "mapping_type": "global"
                              }
                            ]
		}
			},
			{	"verbose_view_exit_fade":{	
			"ignored": "$ignore_verbose_view_exit",	

								"type": "image",
								"texture": "textures/ui/white_background",
								"color": [ 0.0, 0.0, 0.0 ],
								"alpha": 0.25,
								"keep_ratio": false,
								"size": [ "100%", "100%" ],
								"layer": -10
		}
			}]
		}]
	}
/*
	"sidebar_views": {
		"ignored": false,
		"visible": true,
		"property_bag": {
		"#visible":true },
		"bindings": [ ]
		},

	"content_view/content_view_stack": {
		"bindings": [ ] },

	"content_view/content_view_stack/main_view_content": {
		"bindings": [ ] },

	"content_view/content_view_stack/sidebar_empty_panel": {
		"ignored": false },

	"content_view/content_view_stack/divider": {
		"ignored": false }
*/
}
