{	"namespace": "sign",

	"_info_1": "QQ: Bugjump (3071882091)",
	"_info_2": "Bilibili: Minecraft君9a7z (1345634151)",

	"_info_3": "未经允许，禁止使用任何此资源包的代码（可参考，但禁止复制）",
	"_info_4": "原作者保留任何权益",

	"sign_background": {
		"size": [ 168, 84 ],
		"offset": [ 0, 0 ] },

	"hanging_sign_background": {
		"size": [ 192, 192 ],
		"offset": [ 0, -36 ] },

	"sign_screen_content": {
		"type": "input_panel",
		"size": [ "100%", "100%" ],
		"$virtual_keyboard_buffer_control": "text_edit",
		"button_mappings": [
			// 消耗点击事件
			{	"from_button_id": "button.menu_select",
				"to_button_id": "button.menu_select",
				"mappong_type": "pressed" }
		],
		"layer": 10,
		"controls": [
			{	"dialog_title_back_button@common.dialog_title_back_button": {
					"anchor_from": "top_left",
					"anchor_to": "top_left" }
			}, {	"text_edit@common.multiline_text_edit_box": {

					"size": [ 100, 100 ],
					"offset": [ 80, 11.5 ],
					"anchor_from": "center",
					"anchor_to": "center",

					"constrain_to_rect": false,
					"selected": true,
					"can_be_deselected": false,
					"focus_enabled": false,

					"$text_background_default": "chat.chat_textfield_background_default",
					"$text_background_hover": "chat.chat_textfield_background_hover",

					"$text_box_name": "#sign_text_multi",
					"$text_edit_box_content_binding_name": "#sign_text",
					"max_length": 32500 }
			}, {	"title_bar": {
					"type": "image",

					"texture": "textures/ui/white_background",
					"fill": true,
					"color": "$surface_color",
					"alpha": 0.75,

					"size": [ 100, 23 ],
					"offset": [ 80, -50 ],
					"anchor_from": "center",
					"anchor_to": "center",

					"controls": [
						{	"label": {
								"type": "label",
								"text": "$text",

								"size": [ "default", "default" ],
								"offset": [ 4, 0 ],
								"anchor_from": "left_middle",
								"anchor_to": "left_middle",

								"variables": [
									{	"requires": "($sign_text_multiline = 'sign.regular_sign_text_multiline')",
										"$text": "sign.editing" },
									{	"requires": "($sign_text_multiline = 'sign.hanging_sign_text_multiline')",
										"$text": "sign.editingHanging" }
								] }
						},
						{ "dialog_title_close_button@common.dialog_title_close_button": { } }
					] }
			}, {	"text_preview_panel": {
					"type": "input_panel",

					"size": [ 168, 84 ],
					"offset": "$offset",
					"anchor_from": "center",
					"anchor_to": "center",

					"variables": [
						{	"requires": "($sign_text_multiline = 'sign.regular_sign_text_multiline')",
							"$offset": [ -80, 0 ] },
						{	"requires": "($sign_text_multiline = 'sign.hanging_sign_text_multiline')",
							"$offset": [ -80, 36 ] }
					],

					"button_mappings": [
						// 消耗点击事件
						{	"from_button_id": "button.menu_select",
							"to_button_id": "button.menu_select",
							"mappong_type": "pressed" }
					],

					"controls": [
						{ "sign_background@sign.sign_background": { "ignored": "(not ($sign_text_multiline = 'sign.regular_sign_text_multiline'))" } },
						{ "hanging_sign_background@sign.hanging_sign_background": { "ignored": "(not ($sign_text_multiline = 'sign.hanging_sign_text_multiline'))" } },
						{	"sign_text": {
								"type": "label",

								"text": "#sign_text",
								"font_scale_factor": 2.0,
								"text_alignment": "center",
								"color": "black",
								"size": [ "100%", 80 ],

								"layer": 1,
								
								"bindings": [
									{ "binding_name": "#sign_text" }
								] }
						}
					] }
			}
		] },

	"sign_screen": {
		"$screen_bg_content": "common.container_background" }
}