{
	"namespace": "startup",
	"_info.1": "QQ: Bugjump (3071882091)",
	"_info.2": "Bilibili: Minecraft君9a7z (1345634151)",

	"_info_3": "未经允许，禁止使用任何此资源包的代码（可参考，但禁止复制）",
	"_info_4": "原作者保留任何权益",

  "spinner_animation": {
    "anim_type": "flip_book",
    "initial_uv": [ 0, 0 ],
    "frame_count": 10,
    "frame_step": 7,
    "fps": 10
  },

	"spinner_color_animation_start": {
		"anim_type": "color",
		"from": [ 1.0, 1.0, 0.0 ],
		"to": [ 1.0, 1.0, 0.0 ],
		"easing": "$color_animation_easing",
		"duration": "$color_keep_animation_duration",
		"next": "@startup.spinner_color_animation_ytr" },

	"spinner_color_animation_ytr": {
		"anim_type": "color",
		"from": [ 1.0, 1.0, 0.0 ],
		"to": [ 0.9, 0.3, 0.3 ],
		"easing": "$color_animation_easing",
		"duration": "$color_change_animation_duration",
		"next": "@startup.spinner_color_animation_rw" },

	"spinner_color_animation_rw": {
		"anim_type": "color",
		"from": [ 0.9, 0.3, 0.3 ],
		"to": [ 0.9, 0.3, 0.3 ],
		"easing": "$color_animation_easing",
		"duration": "$color_keep_animation_duration",
		"next": "@startup.spinner_color_animation_rtg" },

	"spinner_color_animation_rtg": {
		"anim_type": "color",
		"from": [ 0.9, 0.3, 0.3 ],
		"to": [ 0.3, 0.9, 0.3 ],
		"easing": "$color_animation_easing",
		"duration": "$color_change_animation_duration",
		"next": "@startup.spinner_color_animation_gw" },

	"spinner_color_animation_gw": {
		"anim_type": "color",
		"from": [ 0.3, 0.9, 0.3 ],
		"to": [ 0.3, 0.9, 0.3 ],
		"easing": "$color_animation_easing",
		"duration": "$color_keep_animation_duration",
		"next": "@startup.spinner_color_animation_gtb" },

	"spinner_color_animation_gtb": {
		"anim_type": "color",
		"from": [ 0.3, 0.9, 0.3 ],
		"to": [ 0.0, 0.5, 1.0 ],
		"easing": "$color_animation_easing",
		"duration": "$color_change_animation_duration",
		"next": "@startup.spinner_color_animation_bw" },

	"spinner_color_animation_bw": {
		"anim_type": "color",
		"from": [ 0.0, 0.5, 1.0 ],
		"to": [ 0.0, 0.5, 1.0 ],
		"easing": "$color_animation_easing",
		"duration": "$color_keep_animation_duration",
		"next": "@startup.spinner_color_animation_btp" },

	"spinner_color_animation_btp": {
		"anim_type": "color",
		"from": [ 0.0, 0.5, 1.0 ],
		"to": [ 1.0, 0.0, 0.8 ],
		"easing": "$color_animation_easing",
		"duration": "$color_change_animation_duration",
		"next": "@startup.spinner_color_animation_pw" },

	"spinner_color_animation_pw": {
		"anim_type": "color",
		"from": [ 1.0, 0.0, 0.8 ],
		"to": [ 1.0, 0.0, 0.8 ],
		"easing": "$color_animation_easing",
		"duration": "$color_keep_animation_duration",
		"next": "@startup.spinner_color_animation_pty" },

	"spinner_color_animation_pty": {
		"anim_type": "color",
		"from": [ 1.0, 0.0, 0.8 ],
		"to": [ 1.0, 1.0, 0.0 ],
		"easing": "$color_animation_easing",
		"duration": "$color_change_animation_duration",
		"next": "@startup.spinner_color_animation_start" },

  "progress_loading_spinner": {
    "type": "image",
    "layer": 2,
    "texture": "textures/ui/loading_spin",
    "offset": [ 0, 24 ],
    "uv_size": [ 7, 7 ],
    "size": [ 42, 42 ],
    "uv": "@startup.spinner_animation",
		"$color_change_animation_duration": 0.2,
		"$color_keep_animation_duration": 0.8,
		"$color_animation_easing": "linear",
		"color": "@startup.spinner_color_animation_start"
  },

	"content_entrance_animation": {
		"anim_type": "alpha",
		"duration": 0.5,
		"easing": "out_cubic",
		"from": 0.0,
		"to": 1.0 },

	"startup_screen": {
		"type": "screen",
		"send_telemetry": false,
		"load_screen_immediately": true,
		"controls": [
			{
				"background_color": {
					"type": "image",
					"size": [ "100%", "100%" ],
					"texture": "textures/ui/White"
				}
			},
			{
				"loading_image": {
					"type": "image",
					"layer": 1,
					"fill": false,
					"size": [ 192, 192 ],
					"texture": "textures/ui/loading_screen_icon",
					"alpha": "@startup.content_entrance_animation"
				}
			},
			{	"loading_label": {
					"type": "label",
					"text": "MINECRAFT",
					"font_scale_factor": 6.0,
					"color": [ 0.0, 0.0, 0.0 ],
					"offset": [ 0, -156 ],
					"anchor_from": "center",
					"anchor_to": "center",
					"layer": 3,
					"alpha": "@startup.content_entrance_animation" }
			},
			{
				"progress_loading_spinner@startup.progress_loading_spinner": {
					"offset": [ 16, -16 ],
					"anchor_from": "bottom_left",
					"anchor_to": "bottom_left",
					"alpha": "@startup.content_entrance_animation"
				}
			}
		]
	}
}