{	"namespace": "start",

	"_info_1": "QQ: Bugjump (3071882091)",
	"_info_2": "Bilibili: Minecraft君9a7z (1345634151)",

	"_info_3": "未经允许，禁止使用任何此资源包的代码（可参考，但禁止复制）",
	"_info_4": "原作者保留任何权益",

	"start_screen": {
		"type": "screen",
		"button_mappings": [
			{	"from_button_id": "button.menu_cancel",
				"to_button_id": "button.menu_exit",
				"mapping_type": "global" },
			{	"from_button_id": "button.menu_up",
				"to_button_id": "button.menu_up",
				"mapping_type": "global",
				"scope": "view" },
			{	"from_button_id": "button.menu_down",
				"to_button_id": "button.menu_down",
				"mapping_type": "global",
				"scope": "view" },
			{	"from_button_id": "button.menu_left",
				"to_button_id": "button.menu_left",
				"mapping_type": "global",
				"scope": "view" },
			{	"from_button_id": "button.menu_right",
				"to_button_id": "button.menu_right",
				"mapping_type": "global",
				"scope": "view" }
		],
		"$ScreenMain": "@elytra_screen_start.start_content",
		"$ScreenBackground": "@elytra_common.background_image",
		"controls": [
			{ "NFrameScreenBase@NFrameUI/NFrameScreenBase.NFrameScreenBase": { } }
		] }
}