{	"namespace": "stonecutter",

	"stonecutter_screen": {
		"type": "screen",
		"close_on_player_hurt": false,
		"button_mappings": [
			{	"from_button_id": "button.menu_cancel",
				"to_button_id": "button.menu_exit",
				"mapping_type": "global" },
			{	"from_button_id": "button.menu_inventory_cancel",
				"to_button_id": "button.menu_exit",
				"mapping_type": "global" },
			{	"from_button_id": "button.menu_up",
				"to_button_id": "button.menu_up",
				"mapping_type": "global",
				"scope": "view" },
			{	"from_button_id": "button.menu_down",
				"to_button_id": "button.menu_down",
				"mapping_type": "global",
				"scope": "view" },
			{	"from_button_id": "button.menu_left",
				"to_button_id": "button.menu_left",
				"mapping_type": "global",
				"scope": "view" },
			{	"from_button_id": "button.menu_right",
				"to_button_id": "button.menu_right",
				"mapping_type": "global",
				"scope": "view" }
		],
		"$ScreenMain": "@elytra_screen_gameplay_stonecutter.stonecutter_layout",
		"$ScreenBackground": "@elytra_common.container_background",
		"$screen_icon": "UITextureBase/item/chest",
		"controls": [
			{ "NFrameScreenBase@NFrameUI/NFrameScreenBase.NFrameScreenBase": { } }
		] }
}