{	"namespace": "common_store",
/*
	"store_header_with_coins": {
		"modifications": [
			{	"array_name": "controls",
				"control_name": "top_bar",
				"operation": "insert_after",
				"value": [
					{	"progress_padding": {
							"type": "panel",
							"size": [ "100%", 2 ],
							"controls": [
								{	"progress_bar@progress_bar.progress_bar_indeterminate": {
										"$color_change_animation_duration": 0.2,
										"$color_keep_animation_duration": 0.8,
										"$color_animation_easing": "linear",
										"$color": "@startup.spinner_color_animation_start",
										"disable_anim_fast_forward": true,
										"$accent_color_texture": "textures/ui/white_background",
										"visible": true }
								}
							] }
					}
				]
			}
		] }*/

	"store_header_with_coinss": {
		"type": "stack_panel",
		"size": [ "100%", "100%" ],
		"clips_children": true,

		"anims": [
			"@_euiNAnim.inventory_exit_animation_push_offset_outer",
			"@_euiNAnim.inventory_exit_animation_pop_offset_outer",
			"@_euiNAnim.inventory_entrance_animation_push_offset_outer",
			"@_euiNAnim.inventory_entrance_animation_pop_offset_outer",

			"@_euiNAnim.inventory_exit_animation_push_size_outer",
			"@_euiNAnim.inventory_exit_animation_pop_size_outer",
			"@_euiNAnim.inventory_entrance_animation_push_size_outer",
			"@_euiNAnim.inventory_entrance_animation_pop_size_outer" ],
		"disable_anim_fast_foward": true,
		"animation_reset_name": "screen_animation_reset",

		"controls": [
			// { "@crafting.inventory_screen": { } },
			//{ "child_control@$child_control": { } },
			//{	"store_header_with_coins@common.scrolling_panel": {
			//		"$scrolling_content": "common_store.store_header_with_coins_1",
			//		"$show_background": false,
			//		"$scontent_size": [ "100%", "100% + 25px" ],
			//		"$scrolling_content_anchor_from": "bottom_left",
			//		"$scrolling_content_anchor_to": "bottom_left",
			//		"layer": -5000 }
			//}

			{ "common@common.padding_panel": { "size": [ "100%", 23 ] } },
			{ "child_control@$child_control": { "size": [ "100%", "fill" ] } }
		] },

  "store_header_with_coins_1": {
		"layer": 10000,
    "type": "stack_panel",
    "size": [ "100%", "100%" ],
    "$store_header_size|default": [ "100%", 23 ],
    "$is_inventory_screen|default": false,
    "$ignore_home_button|default": false,
    "$ignore_inventory_button|default": false,
    "$ignore_search|default": false,
    "controls": [
      {
        "top_bar@common_store.store_top_bar": {
          "size": "$store_header_size",
          "focus_container": true,
          "use_last_focus": false,
          "focus_wrap_enabled": false,
          "focus_navigation_mode_up": "stop",
          "controls": [
            {
              "title_stack_panel": {
                "type": "stack_panel",
                "size": [ "100%", 19 ],
                "orientation": "horizontal",
                "controls": [
                  {
                    "padding1": {
                      "type": "panel",
                      "size": [ 2, "100%" ]
                    }
                  },
                  { "back_button_content_panel@common_store.back_content_panel": {} },
                  {
                    "padding2": {
                      "type": "panel",
                      "size": [ 10, "100%" ]
                    }
                  },
                  {
                    "header_title_panel@common.screen_header_title_panel": {
                      "layer": 1,
                      "$screen_header_title_binding_type": "global"
                    }
                  },
                  {
                    "padding3": {
                      "type": "panel",
                      "size": [ 5, "100%" ]
                    }
                  },
                  {
                    "padding4": {
                      "type": "panel",
                      "size": [ 5, "100%" ]
                    }
                  },
                  {
                    "status_and_coins@common_store.status_with_coins": {
                      "ignored": "$store_disabled",
                      "$top_status_and_coins_visible_binding_type|default": "none",
                      "$top_status_and_coins_visible_binding|default": "",
                      "bindings": [
                        {
                          "binding_type": "$top_status_and_coins_visible_binding_type",
                          "binding_name": "$top_status_and_coins_visible_binding",
                          "binding_name_override": "#visible"
                        }
                      ]
                    }
                  },
                  {
                    "padding5": {
                      "type": "panel",
                      "size": [ 2, "100%" ]
                    }
                  },
                  { "search_header_stack@common_store.search_header_stack": {} }
                ]
              }
            }
          ]
        }
      },
					{	"progress_padding": {
							"type": "panel",
							"size": [ "100%", 2 ],
							"controls": [
								{	"progress_bar@progress_bar.progress_bar_indeterminate": {
										"$color_change_animation_duration": 0.2,
										"$color_keep_animation_duration": 0.8,
										"$color_animation_easing": "linear",
										"$color": "@startup.spinner_color_animation_start",
										"disable_anim_fast_forward": true,
										"$accent_color_texture": "textures/ui/white_background",
										"visible": true }
								}
							] }
					},
      {
        "child_control@$child_control": {
        "ignored":true,
          "size": [ "100%", "fill" ],
          "layer": 2
        }
      }
    ]
  },

	"sidebar_tab_toggle_icon_panel_verbose": {
		"ignored": "(not $is_verbose)",
		"type": "panel",
		"size": [ 30, 24 ],
		"anchor_from": "top_left",
		"anchor_to": "top_left",
		"$extras_api:api_ignored_sidebar_item_accents|default": false,
		"$accent_toggle_icon_texture|default": "($toggle_icon_texture + '_accent')",
		"controls": [
			{	"icon": {
					"type": "image",
					"texture": "#texture",
					"size": [ 14, 14 ],
					"layer": 2,
        "bindings": [
          {
            "binding_type": "collection_details"
          },
          {
            "binding_type": "$toggle_parent_collection_details",
            "binding_collection_name": "$toggle_parent_collection_details_name",
            "binding_collection_prefix": "$toggle_parent_collection_details_prefix"
          },
          {
            "binding_type": "collection",
            "binding_collection_name": "$sidebar_factory_collection_name",
            "binding_name": "#sidebar_nav_image",
            "binding_name_override": "#texture"
          },
          {
            "binding_type": "collection",
            "binding_collection_name": "$sidebar_factory_collection_name",
            "binding_name": "#sidebar_nav_image_file_system",
            "binding_name_override": "#texture_file_system"
          },
          {
            "binding_type": "collection",
            "binding_collection_name": "$sidebar_factory_collection_name",
            "binding_name": "#sidebar_nav_image_bilinear_enabled",
            "binding_name_override": "#bilinear"
          }
        ] }
			}
		] },

	"sidebar_tab_toggle_hover_label": {
		"ignored": "(not ($hover_state or $toggle_checked_hover))",
		"type": "input_panel",

		"size": [ 0, 0 ],
		"offset": [ 0, 0 ],
		"anchor_from": "top_left",
		"anchor_to": "top_left",

		"allow_clipping": false,
		"layer": 20,

		"follows_cursor": true,
		"consume_hover_events": false,

		"bindings": [
			{	"binding_name": "#is_simple_sidebar_state_active",
				"binding_name_override": "#visible" }
		],

		"controls": [
			{	"item_background": {
					"type": "image",
					"texture": "textures/ui/dialog_background_opaque_transparent",
					"size": [ "100%cm", "100%c + 8px" ],
					"offset": [ 8, -8 ],
					"anchor_from": "top_left",
					"anchor_to": "top_left",
					"controls": [
						{	"accent": {
								"ignored": "$showing_sidebar_background",
								"type": "image",
								"texture": "textures/ui/white_background",
								"color": "$accent_color",
								"allow_debug_missing_texture": false,
								"fill": true,
								"size": [ "100%sm + 8px", 1 ],
								"anchor_from": "top_left",
								"anchor_to": "top_left",
								"layer": 1 }
						}, {	"label": {
								"type": "label",
								"text": "#sidebar_option_label",
								"color": "$title_text_color",
								"size": [ "default", "default" ],
								"offset": [ 4, 5 ],
								"anchor_from": "top_left",
								"anchor_to": "top_left",
								"layer": 1,
          "bindings": [
            {
              "binding_type": "collection",
              "binding_collection_name": "$sidebar_factory_collection_name",
              "binding_name": "#sidebar_option_label"
            },
            {
              "binding_type": "collection_details",
              "binding_collection_name": "$sidebar_section_collection_name",
              "binding_collection_prefix": "$sidebar_section_collection_prefix"
            }
          ] }
						}
					] }
			}
		] },

	"sidebar_tab_toggle_state_panel": {
		"type": "panel",
		"size": [ "100%", "100%" ],
		"controls": [
			// { "sidebar_tab_toggle_icon_panel@common.sidebar_tab_toggle_icon_panel": { } },
			{ "sidebar_tab_toggle_icon_panel_verbose@common_store.sidebar_tab_toggle_icon_panel_verbose": { "ignored": false } },
			{ "sidebar_tab_toggle_hover_label@common_store.sidebar_tab_toggle_hover_label": { } },
			{	"sidebar_tab_toggle_label": {
					"type": "label",
					"text": "#sidebar_option_label",
					"color": "$text_color",
					"offset": [ 30, 0 ],
					"anchor_from": "left_middle",
					"anchor_to": "left_middle",
          "bindings": [
            {
              "binding_type": "collection",
              "binding_collection_name": "$sidebar_factory_collection_name",
              "binding_name": "#sidebar_option_label"
            },
            {
              "binding_type": "collection_details",
              "binding_collection_name": "$sidebar_section_collection_name",
              "binding_collection_prefix": "$sidebar_section_collection_prefix"
            }
          ] }
			}
		] },

	"sidebar_toggle@common.sidebar_tab_toggle": {
		"$button_content": "common_store.sidebar_tab_toggle_state_panel",
    "$toggle_name|default": "toggle.sidebar_option_selection",
    "$default_focus_precedence": -10,
    "$enable_hover_event_mapping": true,
    "$toggle_hover_event_mapping": "button.dropdown_nav_toggle_on_hover",
    "$toggle_parent_collection_details": "collection_details",
    "$toggle_parent_collection_details_name": "$sidebar_section_collection_name",
    "$toggle_parent_collection_details_prefix": "$sidebar_section_collection_prefix" },

  "verbose_button@common.sidebar_tab_button": {

    "$button_focus_precedence": -1,
    "$pressed_button_name": "button.select_nav_option",
    "$button_content": "sidebar_navigation.verbose_button_content",
    "$button_text_binding_name": "#sidebar_option_label",

    "bindings": [
      {
        "binding_type": "collection_details",
        "binding_collection_name": "$sidebar_factory_collection_name"
      },
      {
        "binding_type": "collection_details",
        "binding_collection_name": "$sidebar_section_collection_name",
        "binding_collection_prefix": "$sidebar_section_collection_prefix"
      }
    ]
  },

  "sidebar_option_factory": {
    "type": "stack_panel",
    "orientation": "vertical",
    "size": [ "100%", "100%c" ],
    "anchor_to": "top_left",
    "anchor_from": "top_left",

    "collection_name": "$sidebar_factory_collection_name",

    "$sidebar_option_factory_binding_type|default": "global",
    "$sidebar_option_factory_collection_name|default": "",

    // "$sidebar_factory_collection_name": "verbose_expand_section_option",
    "$toggle_binding_type": "collection",
    "$toggle_property_bag_binding_type": "collection",
    "$toggle_grid_collection_name": "$sidebar_factory_collection_name",
    "$toggle_state_binding_name": "#sidebar_option_toggle_check",
    "$toggle_collection_details_type": "collection_details",
    "$toggle_collection_detail_name": "$sidebar_factory_collection_name",

                      "$sidebar_factory_collection_binding_name": "#verbose_sidebar_factory_collection",
                      "$sidebar_factory_collection_name": "verbose_sidebar_collection",
                      "$sidebar_factory_control_ids": {
                        "defaultNavOption": "sidebar_navigation.verbose_sidebar_option",
                        "defaultNavListOption": "sidebar_navigation.verbose_dropdown_option",
                        "defaultNavButton": "common_store.verbose_button",
                        "fill": "sidebar_navigation.empty_default_panel",
                        "line": "sidebar_navigation.sidebar_divider_panel",
                        "padding": "sidebar_navigation.vertical_padding_panel"
                      },

    "factory": {
      "name": "sidebar_factory",
      "control_ids": "$sidebar_factory_control_ids",
      "factory_variables": [
        "$sidebar_factory_collection_name",
        "$sidebar_section_collection_name",
        "$sidebar_section_collection_prefix",
        "$toggle_binding_type",
        "$toggle_property_bag_binding_type",
        "$toggle_grid_collection_name",
        "$toggle_state_binding_name",
        "$toggle_collection_details_type",
        "$toggle_collection_detail_name",
        "$showing_sidebar_background",
        "$title_text_color"
      ]
    },

    "bindings": [
      {
        "binding_condition": "visible",
        "binding_type": "$sidebar_option_factory_binding_type",
        "binding_collection_name": "$sidebar_option_factory_collection_name",
        "binding_name": "$sidebar_factory_collection_binding_name",
        "binding_name_override": "#collection_length"
      }
    ]
  }

}