{	"namespace": "storage_management",

	"storage_header_panel/header_panel": { "size": [ "100%", "100%c + 4px" ], "offset": [ 0, 0 ] },
	"storage_footer_panel/visibleContent": { "size": [ "100%", 32 ], "offset": [ 0, 0 ] },

	"storage_main_item_toggle": { "$is_selector|default": false },

	"storage_main_item_toggle/main_item_toggle": {
		"ignored": "(not $is_selector)",
		"$toggle_state_binding_name": "#toggle_state",
		"$toggle_view_binding_name": "('storage_'' + $panel_prefix + '_toggle')" },

	"storage_main_item_toggle/contentPanel": {
		"ignored": "$is_selector",
		"visible": true,

		"bindings": [
			{	"binding_type": "view",
				"source_control_name": "('storage_' + $panel_prefix + '_toggle')",
				"source_property_name": "#toggle_state",
				"target_property_name": "#visible" },
			{	"binding_name": "$panel_length",
				"binding_name_override": "#collection_length",
				"binding_condition": "visible" }
		] },

	// "world_controls": { "$panel_prefix": "world_controls" },
	// "world_template_controls": { "$panel_prefix": "world_template_controls" },
	// "resource_controls": { "$panel_prefix": "resource_controls" },
	// "behavior_controls": { "$panel_prefix": "behavior_controls" },
	// "skin_controls": { "$panel_prefix": "skin_controls" },
	// "cached_controls": { "$panel_prefix": "cached_controls" },

	"storage_scroll_pane/category_stack_panel": {
		"bindings": [ ],
		"visible": true,
		"$is_selector": true,
		"anchor_from": "top_left",
		"anchor_to": "top_left",
		"controls": [
			{ "world_controls@storage_management.world_controls": { } },
			{ "world_template_controls@storage_management.world_template_controls": { } },
			{ "resource_controls@storage_management.resource_controls": { } },
			{ "behavior_controls@storage_management.behavior_controls": { } },
			{ "skin_controls@storage_management.skin_controls": { } },
			{ "cached_controls@storage_management.cached_controls": { } }
		] },

	"storage_list_pane": {
		"type": "stack_panel",
		"size": [ "100%", "100%c" ],
		"$is_selector": false,
		"anchor_from": "top_left",
		"anchor_to": "top_left",

		"controls": [
			{ "world_controls@storage_management.world_controls": { } },
			{ "world_template_controls@storage_management.world_template_controls": { } },
			{ "resource_controls@storage_management.resource_controls": { } },
			{ "behavior_controls@storage_management.behavior_controls": { } },
			{ "skin_controls@storage_management.skin_controls": { } },
			{ "cached_controls@storage_management.cached_controls": { } }
		] },

	"storage_item_pane": {
		"type": "stack_panel",
		"size": [ "100%", "100%c" ],

		"anchor_from": "top_left",
		"anchor_to": "top_left",

		"controls": [
			{ "storage_header_panel@storage_management.storage_header_panel": { } },
			{ "storage_scroll_pane@storage_management.storage_scroll_pane": { } },
			{ "storage_footer_panel@storage_management.storage_footer_panel": { } }
		] },

	"storage_main_panel": {
		"type": "panel",
		"size": [ "100%", "100%" ],
		"controls": [
			{	"selector_panel@common.scrolling_panel": {
					"$scrolling_content": "storage_management.storage_item_pane",
					"$show_background": false,
					"size": [ 150, "100%" ],
					"offset": [ 0, 0 ],
					"anchor_from": "top_left",
					"anchor_to": "top_left" }
			}, {	"content_panel@common.scrolling_panel": {
					"$scrolling_content": "storage_management.storage_list_pane",
					"$show_background": false,
					"size": [ "100% - 150px", "100%" ],
					"offset": [ 150, 0 ],
					"anchor_from": "top_left",
					"anchor_to": "top_left" }
			}
		] }
}