{	"namespace": "yao_debug",

	"_info_1": "QQ: Bugjump (3071882091)",
	"_info_2": "Bilibili: Minecraft君9a7z (1345634151)",

	"_info_3": "未经允许，禁止使用任何此资源包的代码（可参考，但禁止复制）",
	"_info_4": "原作者保留任何权益",

	"control": { },

	"panel@yao_debug.control": {
		"type": "panel",
		"size": [ "100%", "100%" ] },

	"image@yao_debug.control": {
		"type": "image",
		"size": [ "100%", "100%" ] },

	"debug_control_image@yao_debug.image": {
		"texture": "textures/uiYao/debugs/controls" },

	"hover_control_image@yao_debug.image": {
		"texture": "textures/uiYao/debugs/hover_ball",
		"alpha": 0.25 },

	"hover_control_rect@yao_debug.control": {
		"type": "button",
		"size": [ "100%", "100%" ],
		"consume_hover_events": false,
		"hover_control": "hover_control_rect_button",
		"clips_children": true,
		"layer": 1,
		"controls": [
			{ "hover_control_rect_button@yao_debug.hover_control_rect_button": { } }
		] },

	"hover_control_rect_button@yao_debug.control": {
		"type": "input_panel",
		"consume_hover_events": false,
		"size": [ 256, 256 ],
		"follows_cursor": true,
		"controls": [
			{ "hover_control_image@yao_debug.hover_control_image": { } }
		] },

	"divider@yao_debug.debug_control_image": {
		"size": [ "100%", 1 ],
		"keep_ratio": false,
		"uv": [ 32, 0 ],
		"uv_size": [ 4, 4 ] },

	"line@yao_debug.debug_control_image": {
		"size": [ "100%", 12 ],
		"keep_ratio": false,
		"uv": [ 28, 0 ],
		"uv_size": [ 4, 4 ],
		"controls": [
			{	"label@yao_debug.control": {
					"type": "label",
					"text": "$line_text",
					"font_type": "$debug_menu_font",
					"size": [ "100% - 4px", 10 ],
					"offset": [ 2, 0 ],
					"anchor_from": "left_middle",
					"anchor_to": "left_middle",
					"layer": 1 }
			}
		] },

	"label_left_scroll_animation_wait": {
		"anim_type": "wait",
		"duration": "$wait_duration",
		"next": "@yao_debug.label_left_scroll_animation_offset" },

	"label_left_scroll_animation_offset": {
		"anim_type": "offset",
		"duration": "$offset_duration",
		"easing": "linear",
		"from": [ 0, 0 ],
		"to": [ "-100%c - 4px", 0 ],
		"next": "@yao_debug.label_left_scroll_animation_wait" },

	"label_right_scroll_animation_wait@yao_debug.label_left_scroll_animation_wait": {
		"next": "@yao_debug.label_right_scroll_animation_offset" },

	"label_right_scroll_animation_offset@yao_debug.label_left_scroll_animation_offset": {
		"from": [ "100%c + 4px", 0 ],
		"to": [ 0, 0 ],
		"next": "@yao_debug.label_right_scroll_animation_wait" },

	"rotate_line_core@yao_debug.panel": {
		"size": [ "100%c", 12 ],
		"anchor_from": "left_middle",
		"anchor_to": "left_middle",
		"$wait_duration|default": 2.0,
		"$offset_duration|default": 3.0,
		"layer": 1,
		"controls": [
			{	"label_control@yao_debug.control": {
					"type": "label",
					"text": "$line_text",
					"font_type": "$debug_menu_font",
					"size": [ "default", 10 ],
					"offset": [ 2, 0 ],
					"anchor_from": "left_middle",
					"anchor_to": "left_middle",
					"layer": 1 }
			}
		] },

	"rotate_line@yao_debug.panel": {
		"size": [ "100%", 12 ],
		"clips_children": true,
		"controls": [
			{
				"line@yao_debug.debug_control_image": {
					"size": [ "100%", 12 ],
					"keep_ratio": false,
					"uv": [ 28, 0 ],
					"uv_size": [ 4, 4 ] }
			}, {	"left@yao_debug.rotate_line_core": {
					"anims": [ "@yao_debug.label_left_scroll_animation_wait" ],
					"disable_anim_fast_forward": true }
			}, {	"right@yao_debug.rotate_line_core": {
					"anims": [ "@yao_debug.label_right_scroll_animation_wait" ],
					"disable_anim_fast_forward": true }
			}
		] },

	"line_long@common.button": {
		"size": [ "100%", 12 ],
		"consume_hover_events": false,
		"controls": [
			{	"default": {
					"type": "panel" }
			}, {	"hover": {
					"type": "input_panel",
					"size": [ "100%cm", 12 ],
					"anchor_from": "center",
					"anchor_to": "center",
					"consume_hover_events": false,
					"follows_cursor": true,
					"layer": 20,
					"controls": [
						{	"verbose_message_text": {
								"type": "label",
								"text": "$line_text",
								"font_type": "$debug_menu_font",
								"size": [ "default", 10 ],
								"offset": [ 28, 3 ],
								"anchor_from": "center",
								"anchor_to": "top_left",
								"layer": 2 }
						}, {	"verbose_message_background@yao_debug.debug_control_image": {
								"size": [ "100%sm + 8px", 16 ],
								"keep_ratio": false,
								"uv": [ 28, 0 ],
								"uv_size": [ 4, 4 ],
								"offset": [ 24, 0 ],
								"anchor_from": "center",
								"anchor_to": "top_left",
								"layer": 1 }
						}
					] }
			}, {	"pressed": {
					"type": "panel" }
			}, {	"@line": { }
			}
		] },

	"button@common.button": {
		"size": [ "100%", 12 ],
		"$button_text|default": "$pressed_button_name",
		"consume_hover_events": false,
		"always_listen_to_input": false, // Has bug with can't drag and hover when value = 'true'
		"layer": 1,
		"controls": [
			{ "hover_control_rect@yao_debug.hover_control_rect": { } },
			{	"default@yao_debug.debug_control_image": {
					"uv": [ 24, 0 ],
					"uv_size": [ 4, 4 ],
					"keep_ratio": false,
					"layer": 0 }
			}, {	"hover@yao_debug.debug_control_image": {
					"uv": [ 28, 0 ],
					"uv_size": [ 4, 4 ],
					"keep_ratio": false,
					"layer": 0 }
			}, {	"pressed@yao_debug.debug_control_image": {
					"uv": [ 28, 0 ],
					"uv_size": [ 4, 4 ],
					"keep_ratio": false,
					"layer": 0 }
			}, {	"label": {
					"type": "label",
					"text": "$button_text",
					"font_type": "$debug_menu_font",
					"size": [ "100% - 2px", 10 ],
					"layer": 1 }
			}
		] },

	"check@common.toggle": {
		"size": [ "100%", 12 ],
		"$button_text|default": "$toggle_name",
		"consume_hover_events": false,
		"always_listen_to_input": false, // Has bug with can't drag and hover when value = 'true'
		"layer": 1,
		"$state_binding_toggle_name|default": "",
		"property_bag": {
			"#toggle_state": false },
		"bindings": [
			{	"ignored": "($state_binding_toggle_name = '')",
				"binding_type": "view",
				"source_control_name": "$state_binding_toggle_name",
				"source_property_name": "#toggle_state",
				"target_property_name": "#toggle_state" }
		],
		"controls": [
			{ "hover_control_rect@yao_debug.hover_control_rect": { } },
			{	"unchecked@yao_debug.debug_control_image": {
					"size": [ 12, 12 ],
					"offset": [ 0, 0 ],
					"anchor_from": "left_middle",
					"anchor_to": "left_middle",
					"uv": [ 0, 0 ],
					"uv_size": [ 12, 12 ],
					"keep_ratio": false,
					"layer": 0 }
			}, {	"checked@yao_debug.debug_control_image": {
					"size": [ 12, 12 ],
					"offset": [ 0, 0 ],
					"anchor_from": "left_middle",
					"anchor_to": "left_middle",
					"uv": [ 0, 12 ],
					"uv_size": [ 12, 12 ],
					"keep_ratio": false,
					"layer": 0 }
			}, {	"unchecked_hover@yao_debug.debug_control_image": {
					"size": [ 12, 12 ],
					"offset": [ 0, 0 ],
					"anchor_from": "left_middle",
					"anchor_to": "left_middle",
					"uv": [ 12, 0 ],
					"uv_size": [ 12, 12 ],
					"keep_ratio": false,
					"layer": 0 }
			}, {	"checked_hover@yao_debug.debug_control_image": {
					"size": [ 12, 12 ],
					"offset": [ 0, 0 ],
					"anchor_from": "left_middle",
					"anchor_to": "left_middle",
					"uv": [ 12, 12 ],
					"uv_size": [ 12, 12 ],
					"keep_ratio": false,
					"layer": 0 }
			}, {	"unchecked_locked@yao_debug.debug_control_image": {
					"size": [ 12, 12 ],
					"offset": [ 0, 0 ],
					"anchor_from": "left_middle",
					"anchor_to": "left_middle",
					"uv": [ 0, 0 ],
					"uv_size": [ 12, 12 ],
					"alpha": 0.5,
					"keep_ratio": false,
					"layer": 0 }
			}, {	"checked_locked@yao_debug.debug_control_image": {
					"size": [ 12, 12 ],
					"offset": [ 0, 0 ],
					"anchor_from": "left_middle",
					"anchor_to": "left_middle",
					"uv": [ 0, 12 ],
					"uv_size": [ 12, 12 ],
					"alpha": 0.5,
					"keep_ratio": false,
					"layer": 0 }
			}, {	"unchecked_locked_hover@yao_debug.debug_control_image": {
					"size": [ 12, 12 ],
					"offset": [ 0, 0 ],
					"anchor_from": "left_middle",
					"anchor_to": "left_middle",
					"uv": [ 12, 0 ],
					"uv_size": [ 12, 12 ],
					"alpha": 0.5,
					"keep_ratio": false,
					"layer": 0 }
			}, {	"checked_locked_hover@yao_debug.debug_control_image": {
					"size": [ 12, 12 ],
					"offset": [ 0, 0 ],
					"anchor_from": "left_middle",
					"anchor_to": "left_middle",
					"uv": [ 12, 12 ],
					"uv_size": [ 12, 12 ],
					"alpha": 0.5,
					"keep_ratio": false,
					"layer": 0 }
			}, {	"label": {
					"type": "label",
					"text": "$button_text",
					"font_type": "$debug_menu_font",
					"size": [ "100% - 14px", 10 ],
					"offset": [ 4, 0 ],
					"anchor_from": "left_middle",
					"anchor_to": "left_middle",
					"locked_alpha": 0.5,
					"layer": 1 }
			}
		] },

	"dropdown": {
		"type": "stack_panel",
		"size": [ "100%", "100%c" ],
		"$dropdown_name|default": "dropdown_toggle_control",
		"controls": [
			{	"$dropdown_name@common.toggle": {
					"size": [ "100%", 12 ],
					"consume_hover_events": false,
					"always_listen_to_input": false, // Has bug with can't drag and hover when value = 'true'
					"layer": 2,
					"controls": [
						{ "hover_control_rect@yao_debug.hover_control_rect": { } },
						{	"unchecked@yao_debug.control": {
								"type": "panel",
								"size": [ 12, 12 ],
								"anchor_from": "right_middle",
								"anchor_to": "right_middle",
								"layer": 1,
								"controls": [
									{	"icon@yao_debug.debug_control_image": {
											"uv": [ 0, 24 ],
											"uv_size": [ 12, 12 ] }
									}
								] }
						}, {	"checked@yao_debug.control": {
								"type": "panel",
								"size": [ 12, 12 ],
								"anchor_from": "right_middle",
								"anchor_to": "right_middle",
								"layer": 1,
								"controls": [
									{	"icon@yao_debug.debug_control_image": {
											"uv": [ 12, 24 ],
											"uv_size": [ 12, 12 ] }
									}
								] }
						}, {	"unchecked_hover@yao_debug.debug_control_image": {
								"uv": [ 28, 0 ],
								"uv_size": [ 4, 4 ],
								"size": [ 12, 12 ],
								"anchor_from": "right_middle",
								"anchor_to": "right_middle",
								"layer": 1,
								"controls": [
									{	"icon@yao_debug.debug_control_image": {
											"uv": [ 0, 24 ],
											"uv_size": [ 12, 12 ] }
									}
								] }
						}, {	"checked_hover@yao_debug.debug_control_image": {
								"size": [ 12, 12 ],
								"anchor_from": "right_middle",
								"anchor_to": "right_middle",
								"uv": [ 28, 0 ],
								"uv_size": [ 4, 4 ],
								"layer": 1,
								"controls": [
									{	"icon@yao_debug.debug_control_image": {
											"uv": [ 12, 24 ],
											"uv_size": [ 12, 12 ] }
									}
								] }
						}, {	"unchecked_locked@yao_debug.control": {
								"type": "panel",
								"size": [ 12, 12 ],
								"anchor_from": "right_middle",
								"anchor_to": "right_middle",
								"layer": 1,
								"controls": [
									{	"icon@yao_debug.debug_control_image": {
											"uv": [ 0, 36 ],
											"uv_size": [ 12, 12 ] }
									}
								] }
						}, {	"checked_locked@yao_debug.control": {
								"type": "panel",
								"size": [ 12, 12 ],
								"anchor_from": "right_middle",
								"anchor_to": "right_middle",
								"layer": 1,
								"controls": [
									{	"icon@yao_debug.debug_control_image": {
											"uv": [ 12, 36 ],
											"uv_size": [ 12, 12 ] }
									}
								] }
						}, {	"unchecked_locked_hover@yao_debug.debug_control_image": {
								"uv": [ 28, 0 ],
								"uv_size": [ 4, 4 ],
								"size": [ 12, 12 ],
								"anchor_from": "right_middle",
								"anchor_to": "right_middle",
								"layer": 1,
								"controls": [
									{	"icon@yao_debug.debug_control_image": {
											"uv": [ 0, 36 ],
											"uv_size": [ 12, 12 ] }
									}
								] }
						}, {	"checked_locked_hover@yao_debug.debug_control_image": {
								"size": [ 12, 12 ],
								"anchor_from": "right_middle",
								"anchor_to": "right_middle",
								"uv": [ 28, 0 ],
								"uv_size": [ 4, 4 ],
								"layer": 1,
								"controls": [
									{	"icon@yao_debug.debug_control_image": {
											"uv": [ 12, 36 ],
											"uv_size": [ 12, 12 ] }
									}
								] }
						}, {	"$toggle_label": {
								"type": "label",
								"text": "$toggle_label",
								"font_type": "$debug_menu_font",
								"size": [ "100% - 15px", 10 ],
								"offset": [ 2, 0 ],
								"anchor_from": "left_middle",
								"anchor_to": "left_middle",
								"locked_alpha": 0.5 }
						}
					], "layer": 1 }
			}, {	"dropdown_content": {
					"type": "stack_panel",
					"size": [ "100%", "100%c" ],
					"controls": "$dropdown_content",
					"$dropdown_content|default": [ ],
					"bindings": [
						{	"binding_type": "view",
							"source_control_name": "$dropdown_name",
							"source_property_name": "#toggle_state",
							"target_property_name": "#visible" }
					] }
			}
		] },

	"bottom_panel": {
		"type": "panel",
		"size": [ "100%", 12 ],
		"$footer_text|default": "$yao_lib_label",
		"$footer_text_right|default": "YFDUI",
		"controls": [
			{	"background@yao_debug.debug_control_image": {
					"keep_ratio": false,
					"uv": [ 24, 0 ],
					"uv_size": [ 4, 4 ],
					"layer": 1 }
			}, {	"label": {
					"type": "label",
					"text": "$footer_text",
					"size": [ "default", 10 ],
					"offset": [ 1, 0 ],
					"anchor_from": "left_middle",
					"anchor_to": "left_middle",
					"font_type": "$debug_menu_font",
					"layer": 2 }
			}, {	"label_right": {
					"type": "label",
					"text": "$footer_text_right",
					"size": [ "default", 10 ],
					"offset": [ -13, 0 ],
					"anchor_from": "right_middle",
					"anchor_to": "right_middle",
					"font_type": "$debug_menu_font",
					"layer": 2 }
			}, {	"button@common.button": {
					"size": [ 12, 12 ],
					"anchor_from": "right_middle",
					"anchor_to": "right_middle",
					"$pressed_button_name": "button.panel_resize",
					"consume_hover_events": false,
					"always_listen_to_input": false, // Has bug with can't drag and hover when value = 'true'
					"layer": 4,
					"clips_children": true,
					"button_mappings": [ ],
					"controls": [
						{	"default@yao_debug.debug_control_image": {
								"uv": [ 0, 60 ],
								"uv_size": [ 12, 12 ],
								"keep_ratio": false,
								"layer": 0 }
						}, {	"hover@yao_debug.debug_control_image": {
								"uv": [ 12, 60 ],
								"uv_size": [ 12, 12 ],
								"keep_ratio": false,
								"layer": 0 }
						}, {	"pressed@yao_debug.debug_control_image": {
								"uv": [ 0, 60 ],
								"uv_size": [ 12, 12 ],
								"keep_ratio": false,
								"layer": 0 }
						}, {	"draggable_scroll_sizer@yao_debug.draggable_scroll_sizer": { }
						}
					] }
			}
		] },

	"stack_panel@yao_debug.control": {
		"type": "stack_panel",
		"size": [ "100%", "100%c" ],
		"anchor_from": "top_left",
		"anchor_to": "top_left",
		"orientation": "vertical",
		"controls": "$stack_panel_controls",
		"$stack_panel_controls|default": [
			{ "@yao_debug.button": {} }
		] },

	"slider@yao_debug.panel": {
		"type": "stack_panel",
		"size": [ "100%", "100%c" ],
		"$slider_control_name|default": "slider",
		"controls": [
			{ "label": { "type": "label", "text": "$option_label" } },
			{ "$slider_control_name@slider_core": {} }
		] },

	"slider_core": {
		"type": "slider",
		"size": [ "100%", 12 ],
		"consume_hover_events": false,
		"slider_select_on_hover": false,
		"always_listen_to_input": false, // Has bug with can't drag and hover when value = 'true'
		"always_handle_pointer": true,

		"slider_name": "$slider_name",
		"slider_track_button": "$slider_name",

		"$slider_selected_button|default": "slider.selected",
		"$slider_deselected_button|default": "slider.deselected",

		"$slider_name|default": "slider",

		"slider_selected_button": "$slider_selected_button",
		"slider_deselected_button": "$slider_deselected_button",
		"slider_direction": "horizontal",
		"slider_box_control": "slider_box",
		"default_control": "slider_bar_default",
		"hover_control": "slider_bar_hover",
		"background_control": "slider_background",
		"background_hover_control": "slider_background_hover",
		"progress_control": "slider_progress",
		"progress_hover_control": "slider_progress_hover",
		"$progress_clip_direction|default": "left",
		"slider_steps": "$slider_steps",
		"$slider_steps|default": 12.0,
		"$slider_value|default": 2.0,
		"property_bag": "$slider_propertys",
		"$slider_propertys|default": {
			"#slider_steps": "$slider_steps",
			"#slider_value": "$slider_value" },
		"button_mappings": [
			{	"from_button_id": "button.menu_select",
				"to_button_id": "$slider_name",
				"mapping_type": "pressed",
				"button_up_right_of_first_refusal": true },
			{	"from_button_id": "button.menu_ok",
				"to_button_id": "$slider_selected_button",
				"mapping_type": "focused" },
			{	"from_button_id": "button.menu_cancel",
				"to_button_id": "$slider_deselected_button",
				"mapping_type": "focused" }
		],
		"controls": [
			{ "hover_control_rect@yao_debug.hover_control_rect": { } },
			{	"slider_bar_default@panel": {
					"size": [ "100%", "100%" ],
					"controls": [
						{	"slider_background@yao_debug.debug_control_image": {
								"uv": [ 24, 0 ],
								"uv_size": [ 4, 4 ],
								"keep_ratio": false }
						}, {	"slider_progress@yao_debug.debug_control_image": {
								"uv": [ 28, 0 ],
								"uv_size": [ 4, 4 ],
								"keep_ratio": false,
								"clip_direction": "$progress_clip_direction",
								"clip_pixelperfect": false }
						}
					] }
			}, {	"slider_bar_hover@panel": {
					"size": [ "100%", "100%" ],
					"controls": [
						{	"slider_background_hover@yao_debug.debug_control_image": {
								"uv": [ 28, 0 ],
								"uv_size": [ 4, 4 ],
								"keep_ratio": false }
						}, {	"slider_progress_hover@yao_debug.debug_control_image": {
								"uv": [ 32, 0 ],
								"uv_size": [ 4, 4 ],
								"keep_ratio": false,
								"clip_direction": "$progress_clip_direction",
								"clip_pixelperfect": false }
						}
					] }
			}, {	"slider_box_panel@panel": {
					"size": [ "100%", "100%" ],
					"offset": [ 0, 0 ],
					"anchor_from": "top_left",
					"anchor_to": "top_left",
					"controls": [
						{	"slider_box": {
								"type": "slider_box",
								"consume_hover_events": false,
								"size": [ 6, 8 ],
								"anchor_from": "center",
								"anchor_to": "center",
								"default_control": "default",
								"hover_control": "hover",
								"indent_control": "indent",
								"locked_control": "locked",
								"controls": [
									{	"default@yao_debug.debug_control_image": {
											"uv": [ 32, 0 ],
											"uv_size": [ 4, 4 ],
											"keep_ratio": false }
									}, {	"hover@yao_debug.debug_control_image": {
											"uv": [ 36, 0 ],
											"uv_size": [ 4, 4 ],
											"keep_ratio": false }
									}
								] }
						}
					] }
			}
		] },

	"scrollview": {
		"type": "scroll_view",
		"size": [ "100%", "100% - 12px" ],
		"anchor_from": "top_left",
		"anchor_to": "top_left",

		"consume_hover_events": false,

		"scroll_speed": 15,

		"scrollbar_track_button": "button.scrollbar_skip_track",
		"scrollbar_touch_button": "button.scrollbar_touch",

		"touch_mode": false,
		"always_listen_to_input": true,
		"always_handle_pointer": true,
		"always_handle_scrolling": false,

		"scrollbar_track": "track",
		"scrollbar_box": "box",
		"scroll_content": "scroll_content",
		"scroll_view_port": "scroll_view_port",
		"scroll_box_and_track_panel": "bar_and_track",
		"$scroll_content|default": "scroll_content@common.empty_panel",
		"button_mappings": [
			{	"from_button_id": "button.menu_select",
				"to_button_id": "button.scrollbar_touch",
				"mapping_type": "pressed",
				"button_up_right_of_first_refusal": true }
		],
		"bindings": [
			{ "binding_name": "#gesture_control_enabled" }
		],
		"controls": [
			{	"stack_panel": {
					"type": "stack_panel",
					"size": [ "100%", "100%" ],
					"orientation": "horizontal",
					"controls": [
						{	"scroll_view_port": {
								"type": "panel",
								"size": [ "fill", "100%" ],
								"clips_children": true,
								"controls": [
									{ "$scroll_content": { } }
								] }
						}, {	"bar_and_track": {
								"type": "panel",
								"size": [ 4, "100%" ],
								"controls": [
									{	"track": {
											"type": "scroll_track",
											"size": [ "100%", "100%" ],
											"layer": 1,
											"button_mappings": [
												{	"from_button_id": "button.menu_select",
													"to_button_id": "button.scrollbar_skip_track",
													"mapping_type": "pressed" }
											] }
									}, {	"box": {
											"type": "scrollbar_box",
											"size": [ "100%", "100%" ],
											"anchor_from": "top_middle",
											"anchor_to": "top_middle",
											"layer": 3,
											"contained": true,
											"draggable": "vertical",
											"button_mappings": [
												{	"from_button_id": "button.menu_select",
													"to_button_id": "button.menu_select",
													"mapping_type": "pressed",
													"button_up_right_of_first_refusal": true }
											],
											"allow_clipping": false,
											"controls": [
												{	"@yao_debug.debug_control_image": {
														"uv": [ 28, 0 ],
														"uv_size": [ 4, 4 ],
														"keep_ratio": false }
												}
											] }
									}
								] }
						}
					] }
			}
		] },

	"modal_panel@yao_debug.control": {
		"type": "input_panel",
		"modal": true,
		"bindings": [
			{	"binding_type": "view",
				"source_control_name": "$visibility_control",
				"source_property_name": "$visibility_property",
				"target_property_name": "visible" }
		],
		"controls": [
			{	"darker@yao_debug.debug_control_image": {
					"uv": [ 40, 0 ],
					"uv_size": [ 4, 4 ],
					"keep_ratio": false,
					"layer": 1 }
			}
		] },

	"draggable_scroll_sizer": {
		"type": "panel",
		"size": [ 1, 1 ],
		"offset": [ 6, 6 ],
		"anchor_from": "top_left",
		"anchor_to": "top_left",
		"layer": -1,
		"controls": [
			{ "$resizer_horizontal_name@yao_debug.draggable_horizontal_scroll_sizer_core": { } },
			{ "$resizer_vertical_name@yao_debug.draggable_vertical_scroll_sizer_core": { } }
		] },

	"draggable_horizontal_scroll_sizer_core@common.slider": {
		"size": [ 1024, 12 ],
		"offset": [ 0, 0 ],
		"anchor_from": "top_left",
		"anchor_to": "top_left",
		"allow_clipping": true,
		"always_listen_to_input": true,
		"$slider_steps": 1024,
		"use_anchored_offset": true,
		"$horizontal_size|default": 96,
		"factory": { },
		"property_bag": {
			"#anchored_offset_value_x": 0.0,
			"#anchored_offset_value_y": -6.0,
			"#slider_steps": 1024,
			"#slider_value": "$horizontal_size" },
		"button_mappings": [
			{	"from_button_id": "button.menu_select",
				"to_button_id": "$slider_name",
				"mapping_type": "pressed",
				"button_up_right_of_first_refusal": true }
		],
		"bindings": [
			{	"binding_type": "view",
				"source_property_name": "(#slider_value / -1)",
				"target_property_name": "#anchored_offset_value_x" }
		],
		"controls": [
			{	"slider_box@common.slider_box": {
					"$slider_track_button": "$slider_name",
					"controls": [ ] }
			}
		] },

	"draggable_vertical_scroll_sizer_core@common.slider": {
		"size": [ 12, 1024 ],
		"offset": [ 0, 0 ],
		"anchor_from": "top_left",
		"anchor_to": "top_left",
		"allow_clipping": true,
		"always_listen_to_input": true,
		"$slider_steps": 1024,
		"use_anchored_offset": true,
		"slider_direction": "vertical",
		"factory": { },
		"property_bag": {
			"#anchored_offset_value_x": -6.0,
			"#anchored_offset_value_y": 0.0,
			"#slider_steps": 1024,
			"#slider_value": "$vertical_size" },
		"button_mappings": [
			{	"from_button_id": "button.menu_select",
				"to_button_id": "$slider_name",
				"mapping_type": "pressed",
				"button_up_right_of_first_refusal": true }
		],
		"bindings": [
			{	"binding_type": "view",
				"source_property_name": "(#slider_value / -1)",
				"target_property_name": "#anchored_offset_value_y" }
		],
		"controls": [
			{	"slider_box@common.slider_box": {
					"$slider_track_button": "$slider_name",
					"controls": [ ] }
			}
		] },

	"debug_draggable_panel": {
		"type": "panel",
		"size": [ 1, 1 ],
		"anchor_from": "top_left",
		"anchor_to": "top_left",
		"$debug_panel_name|default": "draggable_item",
		"controls": [
			{	"$debug_panel_name@yao_debug.debug_draggable_panel_incore": {
					}
			}
		] },

	"panel_expand_animation": {
		"ignored": true,
		"anim_type": "size",
		"easing": "out_cubic",
		"duration": 0.5,
		"from": [ "100%", 0 ],
		"to": [ "100%", 1 ] },

	"debug_draggable_panel_incore@yao_debug.control": {
		// 这不是 Yao Client
		// 从 v2.1.0 开始，调试菜单变为按键触发，而不是开发者版本条件触发
		// "ignored": "(not $is_developer_version)",
		"type": "toggle",
		"prevent_touch_input": true,
		"always_handle_pointer": false,
		"inline_modal": true,
		"always_listen_to_input": false, // Has bug with can't drag and hover when value = 'true'
		"always_handle_controller_direction": false,
		"hover_enabled": true,
		"consume_hover_events": false,
		"draggable": "both",
		"contained": false,

		"toggle_name": "debug_menus",
		"radio_toggle_group": true,
		"$index|default": 0,
		"toggle_group_forced_index": "$index",

		"size": "$size",
		"$size|default": [ 96, 12 ],
		"$vertical_size|default": 144,
		"offset": [ 0, 0 ],
		"anchor_from": "top_left",
		"anchor_to": "top_left",
		"$header_text|default": "$screen_content",
		"$toggle_control_name|default": "debug_popup_toggle",
		"$close_toggle_control_name|default": "debug_popup_close_toggle",
		"$panel_background_size|default": [ "100%", "100%c" ],
		"$panel_size|default": [ "100%", "100%c" ],
		"$panel_content|default": "@yao_debug.stack_panel",
		"layer": 25600,
		"$debug_panel_name|default": "panel",
		"$panel_toggle_name|default": "debug_panel_toggle",
		"$is_root|default": false,
		"$button_name|default": "('button.' + $panel_toggle_name)",
		"$header_control_name|default": "($panel_toggle_name + '_header')",
		"$resizer_horizontal_name|default": "($panel_toggle_name + 'h')",
		"$resizer_vertical_name|default": "($panel_toggle_name + 'v')",
		"property_bag": {
			"#size_binding_x": 96,
			"#size_binding_y": 12 },
		"bindings": [
			{	"binding_type": "view",
				"source_control_name": "$resizer_horizontal_name",
				"source_property_name": "(#slider_value + 6.0)",
				"target_property_name": "#size_binding_x" },
			{	"binding_type": "view",
				"source_property_name": "((#toggle_state * 32) + 25600)",
				"target_property_name": "#layer" }
		],
		"button_mappings": [
			{	"from_button_id": "button.menu_select",
				"to_button_id": "button.menu_select",
				"mapping_type": "pressed" }
		], "controls": [
			{	"$header_control_name@yao_debug.panel": {
					"type": "toggle",
					"clips_children": true,
					"consume_hover_events": false,
					"layer": 9,
					"button_mappings": [
						{	"from_button_id": "button.menu_select",
							"to_button_id": "$button_name",
							"mapping_type": "double_pressed",
							"consume_event": false },
						{	"from_button_id": "button.menu_ok",
							"to_button_id": "$button_name",
							"mapping_type": "double_pressed",
							"consume_event": false }
					],
					"bindings": [
						{	"binding_type": "view",
							"source_control_name": "$toggle_control_name",
							"source_property_name": "#toggle_state",
							"target_property_name": "#toggle_state" }
					],
					"controls": [
						{	"header_foregrounded@yao_debug.debug_control_image": {
								"uv": [ 96, 0 ],
								"uv_size": [ 24, 12 ],
								"keep_ratio": false,
								"bindings": [
									{	"binding_type": "view",
										"source_control_name": "$debug_panel_name",
										"source_property_name": "#toggle_state",
										"target_property_name": "#visible" }
								] }
						}, {	"header_backgrounded@yao_debug.debug_control_image": {
								"uv": [ 120, 0 ],
								"uv_size": [ 24, 12 ],
								"keep_ratio": false,
								"bindings": [
									{	"binding_type": "view",
										"source_control_name": "$debug_panel_name",
										"source_property_name": "(not #toggle_state)",
										"target_property_name": "#visible" }
								] }
						}, {	"title_text@yao_debug.control": {
								"type": "label",
								"text": "$header_text",
								"font_type": "$debug_menu_font",
								"size": [ "100% - 15px", 10 ],
								"offset": [ 2, 0 ],
								"anchor_from": "left_middle",
								"anchor_to": "left_middle",
								"layer": 9 }/*
						}, {	"right_fades": {
								"type": "custom",
								"renderer": "gradient_renderer",
								"gradient_direction": "horizontal",
								"color1": [ 0.0, 0.0, 0.0, 0.0 ],
								"color2": [ 0.0, 0.0, 0.0, 0.6 ],
								"layer": 1 }*/
						}, {	"$toggle_control_name@common.toggle": {
								"size": [ 12, 12 ],
								"offset": "$state_offset",
								"$state_offset|default": [ -12, 0 ],
								"anchor_from": "right_middle",
								"anchor_to": "right_middle",
								"consume_hover_events": false,
								"always_listen_to_input": false, // Has bug with can't drag and hover when value = 'true'
								"layer": 9,
								"button_mappings": [
									{	"from_button_id": "button.menu_select",
										"to_button_id": "$button_name",
										"mapping_type": "pressed",
										"consume_event": false },
									{	"from_button_id": "button.menu_ok",
										"to_button_id": "$button_name",
										"mapping_type": "focused",
										"consume_event": false }
								],
								"bindings": [
									{	"binding_type": "view",
										"source_control_name": "$header_control_name",
										"source_property_name": "#toggle_state",
										"target_property_name": "#toggle_state" }
								],
								"controls": [
									{ "hover_control_rect@yao_debug.hover_control_rect": { } },
									{	"unchecked@yao_debug.control": {
											"type": "panel",
											"layer": 1,
											"controls": [
												{	"icon@yao_debug.debug_control_image": {
														"uv": [ 0, 24 ],
														"uv_size": [ 12, 12 ] }
												}
											] }
									}, {	"checked@yao_debug.control": {
											"type": "panel",
											"layer": 1,
											"controls": [
												{	"icon@yao_debug.debug_control_image": {
														"uv": [ 12, 24 ],
														"uv_size": [ 12, 12 ] }
												}
											] }
									}, {	"unchecked_hover@yao_debug.debug_control_image": {
											"uv": [ 28, 0 ],
											"uv_size": [ 4, 4 ],
											"layer": 1,
											"controls": [
												{	"icon@yao_debug.debug_control_image": {
														"uv": [ 0, 24 ],
														"uv_size": [ 12, 12 ] }
												}
											] }
									}, {	"checked_hover@yao_debug.debug_control_image": {
											"uv": [ 28, 0 ],
											"uv_size": [ 4, 4 ],
											"layer": 1,
											"controls": [
												{	"icon@yao_debug.debug_control_image": {
														"uv": [ 12, 24 ],
														"uv_size": [ 12, 12 ] }
												}
											] }
									}
								] }
						}, {	"$close_toggle_control_name@common.toggle": {
								"ignored": "$is_root",
								"size": [ 12, 12 ],
								"offset": [ 0, 0 ],
								"anchor_from": "right_middle",
								"anchor_to": "right_middle",
								"consume_hover_events": false,
								"always_listen_to_input": false, // Has bug with can't drag and hover when value = 'true'
								"layer": 2,
								"bindings": [
									{	"binding_type": "view",
										"source_control_name": "$panel_toggle_name",
										"source_property_name": "#toggle_state",
										"target_property_name": "#toggle_state" }
								],
								"button_mappings": [
									{	"from_button_id": "button.menu_select",
										"to_button_id": "button.menu_select",
										"mapping_type": "pressed",
										"consume_event": true },
									{	"from_button_id": "button.menu_ok",
										"to_button_id": "button.menu_ok",
										"mapping_type": "focused",
										"consume_event": true }
								],
								"controls": [
									{ "hover_control_rect@yao_debug.hover_control_rect": { } },
									{	"unchecked@yao_debug.control": {
											"type": "panel",
											"layer": 1,
											"controls": [
												{	"icon@yao_debug.debug_control_image": {
														"uv": [ 0, 48 ],
														"uv_size": [ 12, 12 ] }
												}
											] }
									}, {	"checked@yao_debug.control": {
											"type": "panel",
											"layer": 1,
											"controls": [
												{	"icon@yao_debug.debug_control_image": {
														"uv": [ 0, 48 ],
														"uv_size": [ 12, 12 ] }
												}
											] }
									}, {	"unchecked_hover@yao_debug.debug_control_image": {
											"uv": [ 28, 0 ],
											"uv_size": [ 4, 4 ],
											"layer": 1,
											"controls": [
												{	"icon@yao_debug.debug_control_image": {
														"uv": [ 0, 48 ],
														"uv_size": [ 12, 12 ] }
												}
											] }
									}, {	"checked_hover@yao_debug.debug_control_image": {
											"uv": [ 28, 0 ],
											"uv_size": [ 4, 4 ],
											"layer": 1,
											"controls": [
												{	"icon@yao_debug.debug_control_image": {
														"uv": [ 0, 48 ],
														"uv_size": [ 12, 12 ] }
												}
											] }
									}
								], "layer": 1 }
						}
					] }
			}, {	"panel_container": {
					"type": "panel",
					"size": [ "100%", 1 ],
					"anchor_from": "bottom_middle",
					"anchor_to": "top_middle",
					"anims": [
						"@yao_debug.panel_expand_animation" ],
					"animation_reset_name": "$button_name",
					"controls": [
			{	"panel_background@yao_debug.debug_control_image": {
								"clips_children": true,
					// "size": "$panel_background_size",
					"offset": [ 0, 0 ],
					"anchor_from": "top_middle",
					"anchor_to": "top_middle",
					"uv": [ 96, 12 ],
					"uv_size": [ 24, 24 ],
					"keep_ratio": false,
					"property_bag": {
						"#size_binding_x": 1,
						"#size_binding_y": 144 },
					"bindings": [
						{	"binding_type": "view",
							"source_control_name": "$resizer_vertical_name",
							"source_property_name": "(#slider_value + 6.0)",
							"target_property_name": "#size_binding_y" },
						{	"binding_type": "view",
							"source_control_name": "$toggle_control_name",
							"source_property_name": "#toggle_state",
							"target_property_name": "#visible" },
						{	"ignored": true,
							"binding_type": "view",
							"source_control_name": "$debug_panel_name",
							"source_property_name": "#toggle_state",
							"target_property_name": "#enabled" }
					], "controls": [
						{	"input_panel@yao_debug.control": {
								"type": "input_panel",
								// "size": "$panel_size",
								"size": [ "100%", "100%" ],
								"anchor_from": "top_middle",
								"anchor_to": "top_middle",
								"prevent_touch_input": true,
								"always_handle_pointer": false,
								"inline_modal": true,
								"always_listen_to_input": false, // Has bug with can't drag and hover when value = 'true'
								"always_handle_controller_direction": false,
								"hover_enabled": true,
								"consume_hover_events": false,
								"layer": 2,
								"controls": [
									{ "scrollview@yao_debug.scrollview": { "$scroll_content": "scroll_content@yao_debug.stack_panel" } }
								] }
						}, {	"bottom_panel@yao_debug.bottom_panel": {
								"anchor_from": "bottom_middle",
								"anchor_to": "bottom_middle" }
						}
					] }
			}
					] }
			}
		] },

	// 调试图层

	"debug_label_base": {
		"type": "label",
		"size": [ "default", 10 ],
		"font_type": "$debug_menu_font" },

	"debug_label_bool": {
		"type": "image",
		"texture": "textures/ui/white_background",
		"size": [ "100%c", 10 ],
		"keep_ratio": false,
		"color": "black",
		"alpha": 0.5,
		"controls": [
			{	"stack_panel": {
					"type": "stack_panel",
					"orientation": "horizontal",
					"size": [ "100%c", "100%" ],
					"controls": [
						{	"baseVariable@yao_debug.debug_label_base": {
								"text": "$string" }
						}, {	"_getTrue@yao_debug.debug_label_base": {
								"ignored": "(not $variable)",
								"text": "true",
								"color": "green" }
						}, {	"_getFalse@yao_debug.debug_label_base": {
								"ignored": "$variable",
								"text": "false",
								"color": "red" }
						}
					] }
			}
		] },

	"debug_layer": {
		"ignored": "(not $is_developer_version)",
		"type": "stack_panel",
		"size": [ "100%", "100%" ],
		"layer": 51200,
		"controls": [
			{	"@yao_debug.debug_label_bool": {
					"$string": "variable.$trial = ",
					"$variable": "$trial" }
			}, {	"@yao_debug.debug_label_bool": {
					"$string": "variable.$is_publish = ",
					"$variable": "$is_publish" }
			}, {	"@yao_debug.debug_label_bool": {
					"$string": "variable.$desktop_screen = ",
					"$variable": "$desktop_screen" }
			}, {	"@yao_debug.debug_label_bool": {
					"$string": "variable.$pocket_screen = ",
					"$variable": "$pocket_screen" }
			}
		]
	}
}