{	"namespace": "yao_code",

	//---------------------------------------------------------------------------
	// Elytra UI Code
	//---------------------------------------------------------------------------

	"indent_item": {
		"type": "image",
		"texture": "textures/ui/white_background",
		"size": [ 20, "100%" ],
		"color": [ 0.2, 0.2, 0.2 ],
		"keep_ratio": false,
		"$show_line|default": true,
		"layer": 1,
		"controls": [
			{	"line": {
					"ignored": "(not $show_line)",
					"type": "image",
					"texture": "textures/ui/white_background",
					"size": [ 1, "100%" ],
					"anchor_from": "right_middle",
					"anchor_to": "right_middle",
					"color": [ 0.4, 0.4, 0.4 ],
					"keep_ratio": false,
					"layer": 1 }
			}
		]
	},		

	"code_line": {
		"type": "stack_panel",
		"orientation": "horizontal",
		"size": [ 1024, 12 ],
		"controls": [
			{	"line_panel": {
					"type": "image",
					"texture": "textures/ui/white_background",
					"size": [ 24, "100%" ],
					"color": [ 0.3, 0.3, 0.3 ],
					"keep_ratio": false,
					"layer": 1,
					"controls": [
						{	"line_label": {
								"type": "label",
								"text": "$line",
								"size": [ "default", "default" ],
								"offset": [ 2, 0 ],
								"anchor_from": "left_middle",
								"anchor_to": "left_middle",
								"layer": 1 } } ] }
			}, {	"line_padding": {
					"type": "image",
					"texture": "textures/ui/white_background",
					"size": [ 1, "100%" ],
					"color": [ 0.4, 0.4, 0.4 ],
					"keep_ratio": false,
					"layer": 1 }
			}, {	"indents_panel": {
					"type": "image",
					"texture": "textures/ui/white_background",
					"size": [ "100%c", "100%" ],
					"color": [ 0.2, 0.2, 0.2 ],
					"keep_ratio": false,
					"layer": 1,
					"controls": [
						{	"indents_stack": {
								"type": "stack_panel",
								"orientation": "horizontal",
								"size": [ "100%c", "100%" ],
								"controls": "$indent_list",
								"layer": 1 } } ] }
			}, {	"code_panel": {
					"type": "image",
					"texture": "textures/ui/white_background",
					"size": [ "fill", "100%" ],
					"color": [ 0.2, 0.2, 0.2 ],
					"keep_ratio": false,
					"layer": 1,
					"controls": [
						{	"line_label": {
								"type": "label",
								"text": "$code",
								"size": [ "100% - 4px", "default" ],
								"offset": [ 2, 0 ],
								"anchor_from": "left_middle",
								"anchor_to": "left_middle",
								"layer": 1 }
						}
					] } } ] },

	"code_panel": {
		"type": "panel",
		"size": [ "100%", "100%c + 4px" ],
		"layer": 1,
		"controls": [
			{	"background": {
					"type": "image",
					"texture": "textures/ui/white_background",
					"size": [ "100% - 4px", "100%c + 2px" ],
					"color": [ 0.4, 0.4, 0.4 ],
					"keep_ratio": false,
					"layer": 1,
					"controls": [
						{	"dropdown@yao_debug.dropdown": {
								"size": [ "100% - 2px", 12 ],
								"offset": [ 0, 1 ],
								"anchor_from": "top_middle",
								"anchor_to": "top_middle",
								"$toggle_label": "yao.howtowrite.code.example",
								"$dropdown_name": "$code_panel_name" }
						}, {	"padding": {
								"type": "panel",
								"size": [ "100% - 2px", 1 ],
								"offset": [ 0, 13 ],
								"anchor_from": "top_middle",
								"anchor_to": "top_middle",
								"bindings": [
									{	"binding_type": "view",
										"source_control_name": "$code_panel_name",
										"source_property_name": "#toggle_state",
										"target_property_name": "#visible" }
								] }
						}, {	"stack_panel": {
								"type": "stack_panel",
								"orientation": "vertical",
								"size": [ "100% - 2px", "100%c" ],
								"offset": [ 0, -1 ],
								"anchor_from": "bottom_middle",
								"anchor_to": "bottom_middle",
								"controls": "$codes",
								"layer": 1,
								"bindings": [
									{	"binding_type": "view",
										"source_control_name": "$code_panel_name",
										"source_property_name": "#toggle_state",
										"target_property_name": "#visible" }
								] } } ] } } ] },

	// Code Word Color = §7 Grey
	// String Color = §2 Green
	// Bool Color = §g Orange
	// Count Color = §3 Blue

	// \u007b = '{' \u007d = '}'
	// \u005b = '[' \u005d = ']'
	// \u0022 = '"' \u003a = ':'
	// \u002f\u002f = '//'
	// \u0040 = '@'

	// 缩进模板
	// , { "@indent_item": { } }

	"createResourcesPack_section": {
		"type": "stack_panel",
		"controls": [
			{	"label_0": {
					"type": "label",
					"text": "yao.howtowrite.code.createResourcesPack.0",
					"size": [ "100%", "default" ] }
			}, {	"label_1": {
					"type": "label",
					"text": "yao.howtowrite.code.createResourcesPack.1",
					"size": [ "100%", "default" ] }
			}, {	"label_2": {
					"type": "label",
					"text": "yao.howtowrite.code.createResourcesPack.2",
					"size": [ "100%", "default" ] }
			}, {	"label_3": {
					"type": "label",
					"text": "yao.howtowrite.code.createResourcesPack.3",
					"size": [ "100%", "default" ] }
			}, {	"label_4": {
					"type": "label",
					"text": "yao.howtowrite.code.createResourcesPack.4",
					"size": [ "100%", "default" ] }
			}, {	"label_example": {
					"type": "label",
					"text": "yao.howtowrite.code.example",
					"size": [ "100%", "default" ] }
			}, {	"code_panel@yao_code.code_panel": {
					"$code_panel_name": "createResourcesPack_example",
					"$codes": [
						{	"@code_line": {
								"$line": "1",
								"$code": "§7\u007b",
								"$indent_list": [ ] }
						}, {	"@code_line": {
								"$line": "2",
								"$code": "§2\u0022format_version\u0022§7\u003a §32§7,",
								"$indent_list": [ { "@indent_item": { "$show_line": false } } ] }
						}, {	"@code_line": {
								"$line": "3",
								"$code": "§2\u0022header\u0022§7\u003a \u007b",
								"$indent_list": [ { "@indent_item": { "$show_line": false } } ] }
						}, {	"@code_line": {
								"$line": "4",
								"$code": "§2\u0022description\u0022§7\u003a §2\u0022Pack Description\u0022§7,",
								"$indent_list": [ { "@indent_item": { } }, { "@indent_item": { "$show_line": false } } ] }
						}, {	"@code_line": {
								"$line": "5",
								"$code": "§2\u0022name\u0022§7\u003a §2\u0022Pack Name\u0022§7,",
								"$indent_list": [ { "@indent_item": { } }, { "@indent_item": { "$show_line": false } } ] }
						}, {	"@code_line": {
								"$line": "6",
								"$code": "§2\u0022uuid\u0022§7\u003a §2\u002261c47578-8080-6249-7135-224881269330\u0022§7,",
								"$indent_list": [ { "@indent_item": { } }, { "@indent_item": { "$show_line": false } } ] }
						}, {	"@code_line": {
								"$line": "7",
								"$code": "§2\u0022version\u0022§7\u003a \u005b §30§7, §30§7, §31§7 \u005d,",
								"$indent_list": [ { "@indent_item": { } }, { "@indent_item": { "$show_line": false } } ] }
						}, {	"@code_line": {
								"$line": "8",
								"$code": "§2\u0022min_engine_version\u0022§7\u003a \u005b §31§7, §314§7, §30§7 \u005d",
								"$indent_list": [ { "@indent_item": { } }, { "@indent_item": { "$show_line": false } } ] }
						}, {	"@code_line": {
								"$line": "9",
								"$code": "§7\u007d,",
								"$indent_list": [ { "@indent_item": { "$show_line": false } } ] }
						}, {	"@code_line": {
								"$line": "10",
								"$code": "§2\u0022modules\u0022§7\u003a \u005b",
								"$indent_list": [ { "@indent_item": { "$show_line": false } } ] }
						}, {	"@code_line": {
								"$line": "11",
								"$code": "§7\u007b",
								"$indent_list": [ { "@indent_item": { } }, { "@indent_item": { "$show_line": false } } ] }
						}, {	"@code_line": {
								"$line": "12",
								"$code": "§2\u0022type\u0022§7\u003a §2\u0022resources\u0022§7,",
								"$indent_list": [ { "@indent_item": { } }, { "@indent_item": { } }, { "@indent_item": { "$show_line": false } } ] }
						}, {	"@code_line": {
								"$line": "13",
								"$code": "§2\u0022uuid\u0022§7\u003a §2\u002240877432-1323-6493-3286-d40888341843\u0022§7,",
								"$indent_list": [ { "@indent_item": { } }, { "@indent_item": { } }, { "@indent_item": { "$show_line": false } } ] }
						}, {	"@code_line": {
								"$line": "14",
								"$code": "§2\u0022version\u0022§7\u003a \u005b §30§7, §30§7, §31§7 \u005d",
								"$indent_list": [ { "@indent_item": { } }, { "@indent_item": { } }, { "@indent_item": { "$show_line": false } } ] }
						}, {	"@code_line": {
								"$line": "15",
								"$code": "§7\u007d",
								"$indent_list": [ { "@indent_item": { } }, { "@indent_item": { "$show_line": false } } ] }
						}, {	"@code_line": {
								"$line": "16",
								"$code": "§7\u005d",
								"$indent_list": [ { "@indent_item": { "$show_line": false } } ] }
						}, {	"@code_line": {
								"$line": "17",
								"$code": "§7\u007d",
								"$indent_list": [ ] }
						}
					] }
			}, {	"label_5": {
					"type": "label",
					"text": "yao.howtowrite.code.createResourcesPack.5",
					"size": [ "100%", "default" ] }
			}
		] },

	"flat_button_section": {
		"type": "stack_panel",
		"controls": [
			{	"label_0": {
					"type": "label",
					"text": "yao.howtowrite.code.flat_button.0",
					"size": [ "100%", "default" ] }
			}, {	"label_1": {
					"type": "label",
					"text": "yao.howtowrite.code.flat_button.1",
					"size": [ "100%", "default" ] }
			}, {	"label_": {
					"type": "label",
					"text": "yao.howtowrite.code.flat_button.2",
					"size": [ "100%", "default" ] }
			}, {	"label_example": {
					"type": "label",
					"text": "yao.howtowrite.code.example",
					"size": [ "100%", "default" ] }
			}, {	"code_panel@yao_code.code_panel": {
					"$codes": [
						{	"@code_line": {
								"$line": "1",
								"$code": "§2\u0022Control Name\u0040common.text_button\u0022§7\u003a \u007b",
								"$indent_list": [ { "@indent_item": { } } ] }
						}, {	"@code_line": {
								"$line": "2",
								"$code": "§2\u0022$pressed_button_name\u0022§7\u003a §2\u0022button.menu_play\u0022",
								"$indent_list": [ { "@indent_item": { } }, { "@indent_item": { } } ] }
						}, {	"@code_line": {
								"$line": "3",
								"$code": "§2\u0022$button_text\u0022§7\u003a §2\u0022menu.play\u0022",
								"$indent_list": [ { "@indent_item": { } }, { "@indent_item": { } } ] }
						}
					] }
			}
		] },

	"selector_panel": {
		"type": "stack_panel",
		"size": [ "100%", "100%c" ],
		"controls": [
			{	"createResourcesPack_section_section_toggle@common.text_toggle": {
					"$toggle_name": "navigation_tab",
					"$radio_toggle_group": true,
					"$toggle_group_forced_index": 0,
					"$button_text": "yao.howtowrite.code.createResourcesPack" }
			}, {	"flat_button_section_toggle@common.text_toggle": {
					"$toggle_name": "navigation_tab",
					"$radio_toggle_group": true,
					"$toggle_group_forced_index": 3,
					"$button_text": "yao.howtowrite.code.flat_button" }
			}
		]
	},

	"content_panel": {
		"type": "stack_panel",
		"size": [ "100%", "100%c" ],
		"controls": [
			{	"createResourcesPack_section@yao_code.createResourcesPack_section": {
					"bindings": [
						{	"binding_type": "view",
							"source_control_name": "createResourcesPack_section_section_toggle",
							"source_property_name": "#toggle_state",
							"target_property_name": "#visible" }
					] }
			}, {	"flat_button_section@yao_code.flat_button_section": {
					"bindings": [
						{	"binding_type": "view",
							"source_control_name": "flat_button_section_toggle",
							"source_property_name": "#toggle_state",
							"target_property_name": "#visible" }
					] }
			}
		]
	},

	"screen_panel": {
		"type": "panel",
		"size": [ "100%", "100%" ],
		"controls": [
			{	"selector_area@common.scrolling_panel": {
					"$scrolling_content": "yao_code.selector_panel",
					"$show_background": false,
					"size": [ 150, "100%-24px" ],
					"offset": [ 0, 0 ],
					"anchor_from": "bottom_left",
					"anchor_to": "bottom_left" }
			}, {	"content_area@common.scrolling_panel": {
					"$scrolling_content": "yao_code.content_panel",
					"$show_background": false,
					"size": [ "100%-154px", "100%-24px" ],
					"offset": [ 0, 0 ],
					"anchor_from": "bottom_right",
					"anchor_to": "bottom_right" }
			}
		] }
}