{	"namespace": "yao_debug_secEvent",

	"event_button@common_buttons.light_text_button": {
		"size": [ 160, 20 ],
		"hover_enabled": false,
		"button_mappings": [
			{	"from_button_id": "$button_text",
				"to_button_id": "$button_text",
				"mapping_type": "global",
				"consume_event": false }
		] },

	"events_stack": {
		"type": "stack_panel",
		"orientation": "horizontal",
		"size": [ "100%", 20 ],
		"anchor_from": "top_left",
		"anchor_to": "top_left",
		"layer": 90,
		"controls": [
			{	"offset_sizer": {
					"type": "panel",
					"size": [ "-0%", "100%" ],
					"offset": [ 0, 0 ],
					"anchor_from": "top_left",
					"anchor_to": "top_left",
					"use_anchored_offset": true,
					"property_bag": {
						"#size_binding_x": 0.0,
						"#size_binding_y": 1.0,
						"#anchored_offset_value_x": 0.0,
						"#anchored_offset_value_y": 0.0 },
					"bindings": [
						{	"binding_type": "view",
							"source_control_name": "stackEvents_offset_slider_control",
							"source_property_name": "(-#slider_value)",
							"target_property_name": "#size_binding_x" }
					] }
			},
			{ "@event_button": { "$button_text": "button.menu_cancel" } },
			{ "@event_button": { "$button_text": "button.menu_inventory_cancel" } },
			{ "@event_button": { "$button_text": "button.menu_ok" } },
			{ "@event_button": { "$button_text": "button.menu_select" } },
			{ "@event_button": { "$button_text": "button.menu_controller_select" } },
			{ "@event_button": { "$button_text": "button.menu_secondary_select" } },
			{ "@event_button": { "$button_text": "button.menu_up" } },
			{ "@event_button": { "$button_text": "button.menu_down" } },
			{ "@event_button": { "$button_text": "button.menu_left" } },
			{ "@event_button": { "$button_text": "button.menu_right" } },
			{ "@event_button": { "$button_text": "button.menu_tab_left" } },
			{ "@event_button": { "$button_text": "button.menu_tab_right" } },
			{ "@event_button": { "$button_text": "button.button.menu_textedit_up" } },
			{ "@event_button": { "$button_text": "button.button.menu_textedit_down" } },
			{ "@event_button": { "$button_text": "button.menu_auto_place" } },
			{ "@event_button": { "$button_text": "button.menu_inventory_drop" } },
			{ "@event_button": { "$button_text": "button.menu_inventory_drop_all" } },
			{ "@event_button": { "$button_text": "button.menu_clear" } },
			{ "@event_button": { "$button_text": "button.chat" } },
			{ "@event_button": { "$button_text": "button.mobeffects" } },
			{ "@event_button": { "$button_text": "key.emote" } },
			{ "@event_button": { "$button_text": "button.slot0" } },
			{ "@event_button": { "$button_text": "button.slot1" } },
			{ "@event_button": { "$button_text": "button.slot2" } },
			{ "@event_button": { "$button_text": "button.slot3" } },
			{ "@event_button": { "$button_text": "button.slot4" } },
			{ "@event_button": { "$button_text": "button.slot5" } },
			{ "@event_button": { "$button_text": "button.slot6" } },
			{ "@event_button": { "$button_text": "button.slot7" } },
			{ "@event_button": { "$button_text": "button.slot8" } },
			{ "@event_button": { "$button_text": "button.slot9" } },
			{ "@event_button": { "$button_text": "button.inventory_right" } },
			{ "@event_button": { "$button_text": "button.inventory_left" } },
			{ "@event_button": { "$button_text": "button.scoreboard" } },
			{ "@event_button": { "$button_text": "button.hide_gui" } },
			{ "@event_button": { "$button_text": "button.hide_tooltips" } },
			{ "@event_button": { "$button_text": "button.hide_paperdoll" } },
			{ "@event_button": { "$button_text": "button.menu_vr_realign" } }
		] }
}