{	"namespace": "yao_screen_bright",

	"bright_toggle@common.toggle": {
		"$toggle_name": "bright_toggles",
		"$radio_toggle_group": true,
		"$toggle_group_forced_index": 1,
		"layer": 10,
		"size": [ "100%", 12 ],
		"anchor_from": "top_left",
		"anchor_to": "top_left",
		"button_mappings": [
			{	"from_button_id": "button.scoreboard",
				"to_button_id": "button.expand_bright_button",
				"mapping_type": "focused",
				"consume_event": false },
			{	"from_button_id": "button.menu_select",
				"to_button_id": "button.expand_bright_button",
				"mapping_type": "double_pressed",
				"consume_event": false }
		],
		"bindings": [
			{	"binding_type": "view",
				"source_property_name": "(not #toggle_state)",
				"target_property_name": "#enabled" }
		] },

	"bright_toggle_expanded@common.toggle": {
		"$toggle_name": "bright_toggles",
		"$radio_toggle_group": true,
		"$toggle_group_forced_index": 0,
		"layer": 10,
		"size": [ "100%", 12 ],
		"anchor_from": "top_left",
		"anchor_to": "top_left",
		"button_mappings": [
			{	"from_button_id": "button.scoreboard",
				"to_button_id": "button.reset_bright_button",
				"mapping_type": "focused",
				"consume_event": false },
			{	"from_button_id": "button.menu_select",
				"to_button_id": "button.reset_bright_button",
				"mapping_type": "double_pressed",
				"consume_event": false }
		],
		"bindings": [
			{	"binding_type": "view",
				"source_property_name": "(not #toggle_state)",
				"target_property_name": "#enabled" }
		] },

	"bright_overlay": {
		"type": "image",
		"texture": "textures/ui/white_background",
		"color": "black",
		"fill": true,
		"alpha": 0.0,
		"bindings": [
			{	"binding_type": "view",
				"source_control_name": "bright_slider_control",
				"source_property_name": "(1 - #slider_value)",
				"target_property_name": "#alpha" }
		] },

	"expand_bright_animation_offset": {
		"anim_type": "offset",
		"easing": "out_cubic",
		"duration": 0.25,
		"from": [ 0, "-100%c" ],
		"to": [ 0, 0 ] },

	"bright_panel": {
		"type": "panel",
		"size": [ 240, "100%c" ],
		"offset": "@yao_screen_bright.expand_bright_animation_offset",
		"anchor_from": "top_middle",
		"anchor_to": "top_middle",
		"animation_reset_name": "button.reset_bright_button",
		"bindings": [
			{	"binding_type": "view",
				"source_control_name": "bright_toggle_expanded",
				"source_property_name": "#toggle_state",
				"target_property_name": "#visible" }
		],
		"controls": [
			{	"bright_slider@settings_common.option_slider": {
					"$slider_control_name": "bright_slider_control",
					"$slider_steps": 1,
					"$slider_value": 1.0 }
			}
		] },

	"reset_bright_animation_offset": {
		"anim_type": "offset",
		"easing": "out_cubic",
		"duration": 0.25,
		"to": [ 0, "-100%c" ],
		"from": [ 0, 0 ] },

	"bright_panel_reseting": {
		"type": "panel",
		"size": [ 240, "100%c" ],
		"offset": "@yao_screen_bright.reset_bright_animation_offset",
		"anchor_from": "top_middle",
		"anchor_to": "top_middle",
		"animation_reset_name": "button.expand_bright_button",
		"bindings": [
			{	"binding_type": "view",
				"source_control_name": "bright_toggle",
				"source_property_name": "#toggle_state",
				"target_property_name": "#visible" }
		],
		"controls": [
			{	"bright_slider@settings_common.option_slider": {
					"$bindings": [
						{	"binding_type": "view",
							"source_control_name": "bright_slider_control",
							"source_property_name": "#slider_value",
							"target_property_name": "#slider_value" }
					],
					"$slider_control_name": "rbright_slider_control",
					"$slider_steps": 1,
					"$slider_value": 1.0 }
			}
		] }
}