{	"namespace": "yao_startup",

	"log_text_wait_animation": {
		"anim_type": "wait",
		"duration": "$wait_duration",
		"next": "@yao_startup.log_text_sizein_animation" },

	"log_text_sizein_animation": {
		"anim_type": "size",
		"duration": 0.0,
		"from": [ "100%", "100%c" ],
		"to": [ "100%", "100%c" ]
		/* "next": "@yao_startup.log_text_sizeout_animation" */ },

	"log_text_sizeout_animation": {
		"anim_type": "size",
		"duration": 1.0,
		"from": [ "100%", 0 ],
		"to": [ "100%", 0 ] },

	"destroy_animation": {
		"anim_type": "wait",
		"duration": 3.0,
		"next": "@yao_startup.ending_alpha_animation" },

	"destroy_animation2": {
		"play_event": "button.onrefresh",
		"reset_event": "button.onrefresh",
		"anim_type": "offset",
		"from": [ 0, 0 ],
		"to": [ 0, 0 ],
		"duration": 0.0,
		"next": "@yao_startup.destroy_animation2w" },

	"destroy_animation2w": {
		"anim_type": "wait",
		"duration": 10.0,
		"next": "@yao_startup.ending_alpha_animation2" },

	"ending_alpha_animation": {
		"anim_type": "alpha",
		"easing": "linear",
		"duration": 0.5,
		"from": 1.0,
		"to": 0.0,
		"destroy_at_end": "startup_view" },

	"ending_alpha_animation2": {
		"anim_type": "alpha",
		"easing": "linear",
		"duration": 0.5,
		"from": 1.0,
		"to": 0.0,
		"next": "@yao_startup.ending_alpha_animation2f" },

	"ending_alpha_animation2f": {
		"anim_type": "offset",
		"from": [ "100%", 0 ],
		"to": [ "100%", 0 ],
		"duration": 0.0 },

	"loading_rect_wait_animation": {
		"anim_type": "wait",
		"duration": 2.12676056,
		"next": "@yao_startup.loading_rect_alphain_animation" },

	"loading_rect_offsetin_animation": {
		"anim_type": "offset",
		"easing": "linear",
		"duration": 0.0,
		"from": "$offset",
		"to": "$offset" },

	"loading_rect_alphain_animation": {
		"anim_type": "alpha",
		"easing": "out_cubic",
		"duration": 0.5,
		"from": 0.0,
		"to": 1.0 },

	"scroll_label": {
		"type": "panel",
		"size": [ 0, 0 ],
		"$item_name|default": "startUpLa",
		"$wait_duration|default": 2.2,
		"$save_duration|default": 3.0,
		"disable_anim_fast_forward": true,
		"anims": [
			"@yao_startup.log_text_wait_animation" ],
		"clips_children": true,
		"controls": [
			{	"item_label": {
					"type": "label",
					"text": "$item_name",
					"size": [ "default", "default" ],
					"max_size": [ "100%", "default" ],
					"anchor_from": "top_left",
					"anchor_to": "top_left",
					"layer": 2,
					"controls": [
						{	"item_background": {
								"type": "image",
								"texture": "textures/ui/white_background",
								"fill": true,
								"color": "black",
								"layer": -1 }
						}
					] }
			}
		] },

	"stack_items": {
		"ignored": false,
		"type": "stack_panel",
		"size": [ "100%", "100%c" ],
		"min_size": [ "100%", "100%" ],
		"anchor_from": "bottom_left",
		"anchor_to": "bottom_left",
		"layer": 5,
		"controls": [
			{ "@yao_startup.scroll_label": { "$wait_duration": 1.1, "$item_name": "package com.yao.elytraui" } },
			{ "@yao_startup.scroll_label": { "$wait_duration": 1.2, "$item_name": "('version = ' + $elytra_ui_version_label)" } },
			{ "@yao_startup.scroll_label": { "$wait_duration": 1.3, "$item_name": "Loading Files..." } },
			{ "@yao_startup.scroll_label": { "$wait_duration": 2.1, "$item_name": "Loading Finish!" } },
			{ "@yao_startup.scroll_label": { "$wait_duration": 2.2, "$item_name": "('$control_texture = ' + $control_texture)" } }
		] },

	"bordershow_animationsizeup": {
		"anim_type": "wait",
		"easing": "linear",
		"duration": "$wait",
		"next": "@yao_startup.bordershow_animationsize" },

	"bordershow_animationsize": {
		"anim_type": "size",
		"easing": "linear",
		"duration": "$wait",
		"next": "@yao_startup.bordershow_animationsize" },

	"bordershow_flipbook_animation": {
		"anim_type": "flip_book",
		"initial_uv": [ 0, 0 ],
		"frame_count": 80,
		"frame_step": 64,
		"fps": 71,
		"reversible": false,
		"easing": "out_cubic" },

	"bordershow_alphain_animation": {
		"anim_type": "alpha",
		"from": 0.0,
		"to": 0.0,
		"duration": 1.12676056,
		"next": "@yao_startup.bordershow_alpha_animation" },

	"bordershow_alpha_animation": {
		"anim_type": "alpha",
		"from": 1.0,
		"to": 1.0,
		"duration": 1.12676056,
		"next": "@yao_startup.bordershow_alphaout_animation" },

	"bordershow_alphaout_animation": {
		"anim_type": "alpha",
		"from": 0.0,
		"to": 0.0,
		"duration": 0.0 },

	"startup_view": {
		"type": "input_panel",
		"anchor_from": "top_left",
		"anchor_to": "top_left",
		"modal": true,
		"anims": [
			"@yao_startup.destroy_animation" ],
		"disable_anim_fast_forward": true,
		"propagate_alpha": true,
		"layer": 95630,
		"clips_children": true,
		"controls": [
			{	"item_background@common.background_image": {
					"type": "image",
					// "texture": "textures/ui/white_background",
					"texture": "elytra_common/background",
					"fill": true,
					// "color": [ 0.2, 0.2, 0.2 ],
					"color": [ 0.5, 0.5, 0.5 ],
					// "color": [ 0.0, 0.0, 0.0 ],
					// "alpha": 0.5,
					"layer": 2 }
			}, { "stack_items@yao_startup.stack_items": { }
			}, {	"progress@progress_bar.progress_bar_indeterminate": {
					"size": [ 144, 2 ],
					"offset": [ 0, 48 ],
					"anchor_from": "center",
					"anchor_to": "center",
					"$color_change_animation_duration": 0.2,
					"$color_keep_animation_duration": 0.8,
					"$duration": 10,
					"$color_animation_easing": "linear",
					// "$color": "@startup.spinner_color_animation_start",
					"disable_anim_fast_forward": true,
					// "$accent_color_texture": "textures/ui/white_background",
					"layer": 12 }
			}, {	"icon": {
					"type": "image",
					"texture": "elytra_common/splash_icon",
					"size": [ 192, 192 ],
					"anims": [
						"@yao_startup.loading_rect_wait_animation" ],
					"disable_anim_fast_forward": true,
					"alpha": 0.0,
					"offset": [ 0, -24 ],
					"anchor_from": "center",
					"anchor_to": "center",
					"color": "white",
					"layer": 10 }
			}, {	"animationed_icon": {
					"type": "image",
					"texture": "elytra_common/splash_icon_load_animation",
					"size": [ 64, 64 ],
					"uv": "@yao_startup.bordershow_flipbook_animation",
					"alpha": "@yao_startup.bordershow_alphain_animation",
					"disable_anim_fast_forward": true,
					"uv_size": [ 64, 64 ],
					"offset": [ 0, -28 ],
					"anchor_from": "center",
					"anchor_to": "center",
					"layer": 9 }
			}
		] }
}}