{	"namespace": "yao_music",

	"music_item_template@common.button": {
		"type": "button",
		"size": [ "100%", 40.5 ],
		"$music_name|default": "none",
		"$creator_label_string|default": "",
		"$music_icon_path|default": "('textures/plugins_icons/music_' + $music_name + '_icon')",
		"$music_label_string|default": "('music.yao.' + $music_name + '.label')",
		"controls": [
			{	"default": {
					"type": "panel",
					"size": [ "100%", 32 ],
					"offset": [ 0, 0 ],
					"anchor_from": "top_left",
					"anchor_to": "top_left" }
			}, {	"hover": {
					"type": "image",
					"texture": "textures/ui/focus_border_white",
					"size": [ "100%", 32 ],
					"offset": [ 0, 0 ],
					"anchor_from": "top_left",
					"anchor_to": "top_left" }
			}, {	"pressed": {
					"type": "panel",
					"size": [ "100%", 32 ],
					"offset": [ 0, 0 ],
					"anchor_from": "top_left",
					"anchor_to": "top_left" }
			}, {	"divider": {
					"type": "image",
					"texture": "textures/ui/white_background",
					"fill": true,
					"alpha": 0.25,
					"size": [ "100% - 48px", 0.5 ],
					"offset": [ 40, 36 ],
					"anchor_from": "top_left",
					"anchor_to": "top_left" }
			}, {	"icon": {
					"type": "image",
					"texture": "$music_icon_path",
					"size": [ 32, 32 ],
					"offset": [ 4, 0 ],
					"anchor_from": "top_left",
					"anchor_to": "top_left" }
			}, {	"music_label": {
					"type": "label",
					"text": "$music_label_string",
					"font_scale_factor": 1.5,
					"size": [ "100% - 64px", 15 ],
					"offset": [ 44, 4 ],
					"anchor_from": "top_left",
					"anchor_to": "top_left",
					"layer": 1 }
			}, {	"creator_label": {
					"type": "label",
					"text": "$creator_label_string",
					"font_scale_factor": 1.2,
					"alpha": 0.75,
					"size": [ "100% - 64px", 15 ],
					"offset": [ 44, 22 ],
					"anchor_from": "top_left",
					"anchor_to": "top_left",
					"layer": 1 }
			}, {	"play_button@common_buttons.light_glyph_button": {
					"sound_name": "$music_name",
					"sound_volume": 1.0,
					"sound_pitch": 1.0,
					"$button_content": "yao_music.button_play_icon",
					"size": [ 24, 24 ],
					"offset": [ -4, 4 ],
					"anchor_from": "top_right",
					"anchor_to": "top_right",
					"layer": 3 }
			}, {	"stop_button@common_buttons.light_glyph_button": {
					"sound_name": "$music_name",
					"sound_volume": 0.001,
					"sound_pitch": 100.0,
					"$button_content": "yao_music.button_stop_icon",
					"size": [ 24, 24 ],
					"offset": [ -32, 4 ],
					"anchor_from": "top_right",
					"anchor_to": "top_right",
					"layer": 3 }
			}
		] },

	"button_play_icon": {
		"type": "image",
		"texture": "textures/ui/music_play",
		"color": "$glyph_color",
		"size": [ 16, 16 ] },

	"button_stop_icon": {
		"type": "image",
		"texture": "textures/ui/music_stop",
		"color": "$glyph_color",
		"size": [ 16, 16 ] },

	"sidebar_tab_toggle@common.sidebar_tab_toggle": {
		"$toggle_name": "music_section_toggle" },

	"sidebar_content_default": {
		"type": "stack_panel",
		"size": [ "100%", "100%c" ],
		"controls": [
			{	"emotes_tab@yao_music.sidebar_tab_toggle": {
					"$toggle_view_binding_name": "emotes_tab_default",
					"$toggle_ref_binding_name": "emotes_tab_verbose",
					"$toggle_icon_texture": "textures/uiYao/sidebar/music_emotes",
					"$toggle_group_forced_index": 0 }
			}, {	"vanilla_music_tab@yao_music.sidebar_tab_toggle": {
					"$toggle_view_binding_name": "vanilla_musie_toggle_default",
					"$toggle_ref_binding_name": "vanilla_musie_toggle_verbose",
					"$toggle_icon_texture": "textures/uiYao/sidebar/music_vanilla",
					"$toggle_group_forced_index": 1 }
			}, { "divider@sidebar_navigation.sidebar_divider_panel": { } }
		] },

	"sidebar_content_verbose": {
		"type": "stack_panel",
		"size": [ "100%", "100%c" ],
		"controls": [
			{	"emotes_tab@yao_music.sidebar_tab_toggle": {
					"$toggle_view_binding_name": "emotes_tab_verbose",
					"$toggle_ref_binding_name": "emotes_tab_default",
					"$toggle_label_text": "music.emotes",
					"$toggle_icon_texture": "textures/uiYao/sidebar/music_emotes",
					"$toggle_group_forced_index": 0 }
			}, {	"vanilla_music_tab@yao_music.sidebar_tab_toggle": {
					"$toggle_view_binding_name": "vanilla_musie_toggle_verbose",
					"$toggle_ref_binding_name": "vanilla_musie_toggle_default",
					"$toggle_label_text": "music.vanilla",
					"$toggle_icon_texture": "textures/uiYao/sidebar/music_vanilla",
					"$toggle_group_forced_index": 1 }
			}, { "divider@sidebar_navigation.sidebar_divider_panel": { } }
		] },

	"music_view@common.sidebar_view": {
		"$screen_main_panel_ref": "@yao_music.music_scrolling_panel",
		"$default_sidebar_content": "yao_music.sidebar_content_default",
		"$verbose_sidebar_content": "yao_music.sidebar_content_verbose" },

	"music_scrolling_panel@elytra_common.scroll_view": {
		"$scroll_content": "@yao_music.music_content_panel" },

	"music_content_panel": {
		"type": "panel",
		"size": [ "100%", "100%c" ],
		"controls": [
			{ "vanilla_list@yao_music.vanilla_music_list": { } },
			{ "emotes_list@yao_music.emotes_list": { } }
		] },

	"emotes_list": {
		"type": "stack_panel",
		"orientation": "vertical",
		"size": [ "100%", "50%x" ],
		"bindings": [
			{	"binding_type": "view",
				"source_control_name": "emotes_tab_default",
				"source_property_name": "#toggle_state",
				"target_property_name": "#visible" }
		],
		"controls": [
			{ "noE@persona_common.emote_wheel_panel": { } }
		] },

	"musicbar_exit_animation": {
		"anim_type": "offset",
		"easing": "out_cubic",
		"duration": 0.5,
		"from": [ 0, 0 ],
		"to": [ 0, 144 ],
		"play_event": "button.musicbar_collapse" },

	"vanilla_music_list_pausebar": {
		"type": "panel",
		"size": [ "100%", "100%cm" ],
		"anchor_from": "bottom_left",
		"anchor_to": "bottom_left",
		"controls": [
			{	"control_background": {
					"type": "image",
					"texture": "textures/ui/dialog_background_opaque",
					"size": [ "100%", "100%sm + 24px" ],
					"offset": [ 0, 0 ],
					"anchor_from": "bottom_left",
					"anchor_to": "bottom_left",
					"layer": -1 }
			}, {	"no_music_pack_warning": {
					"type": "image",
					"texture": "textures/ui/white_background",
					"fill": true,
					"color": "$accent_color",
					"size": [ "100%", 24 ],
					"offset": [ 0, 0 ],
					"anchor_from": "top_left",
					"anchor_to": "bottom_left",
					"layer": 1,
					"controls": [
						{	"item_name": {
								"type": "label",
								"text": "warning.subpacks.musicPack",
								"color": "$on_accent_color",
								"size": [ "100% - 24px", "default" ],
								"offset": [ 24, 0 ],
								"anchor_from": "left_middle",
								"anchor_to": "left_middle",
								"layer": 1 }
						}
					] }
			}, {	"vanilla_music_list@yao_music.vanilla_music_list": {
					"offset": [ 0, -24 ],
					"anchor_from": "bottom_left",
					"anchor_to": "bottom_left",
					"bindings": [
						{	"binding_type": "view",
							"source_control_name": "record_music_toggle",
							"source_property_name": "#toggle_state",
							"target_property_name": "#visible" }
					] }
			}, {	"alpha_music_list@yao_music.alpha_music_list": {
					"offset": [ 0, -24 ],
					"anchor_from": "bottom_left",
					"anchor_to": "bottom_left",
					"bindings": [
						{	"binding_type": "view",
							"source_control_name": "alpha_music_toggle",
							"source_property_name": "#toggle_state",
							"target_property_name": "#visible" }
					] }
			}, {	"mcc_music_list@yao_music.mcc_music_list": {
					"offset": [ 0, -24 ],
					"anchor_from": "bottom_left",
					"anchor_to": "bottom_left",
					"bindings": [
						{	"binding_type": "view",
							"source_control_name": "mcc_music_toggle",
							"source_property_name": "#toggle_state",
							"target_property_name": "#visible" }
					] }
			}
		] },

	"vanilla_music_list": {
		"type": "stack_panel",
		"orientation": "vertical",
		"size": [ "100%", "100%c" ],
		"bindings": [
			{	"binding_type": "view",
				"source_control_name": "vanilla_musie_toggle_default",
				"source_property_name": "#toggle_state",
				"target_property_name": "#visible" }
		],
		"controls": [
			{	"music_5@yao_music.music_item_template": {
					"$music_name": "music.5",
					"$music_icon_path": "textures/items/record_5",
					"$music_label_string": "item.record_5.desc" }
			}, {	"music_11@yao_music.music_item_template": {
					"$music_name": "music.11",
					"$music_icon_path": "textures/items/record_11",
					"$music_label_string": "item.record_11.desc" }
			}, {	"music_13@yao_music.music_item_template": {
					"$music_name": "music.13",
					"$music_icon_path": "textures/items/record_13",
					"$music_label_string": "item.record_13.desc" }
			}, {	"music_blocks@yao_music.music_item_template": {
					"$music_name": "music.blocks",
					"$music_icon_path": "textures/items/record_blocks",
					"$music_label_string": "item.record_blocks.desc" }
			}, {	"music_cat@yao_music.music_item_template": {
					"$music_name": "music.cat",
					"$music_icon_path": "textures/items/record_cat",
					"$music_label_string": "item.record_cat.desc" }
			}, {	"music_chirp@yao_music.music_item_template": {
					"$music_name": "music.chirp",
					"$music_icon_path": "textures/items/record_chirp",
					"$music_label_string": "item.record_chirp.desc" }
			}, {	"music_far@yao_music.music_item_template": {
					"$music_name": "music.far",
					"$music_icon_path": "textures/items/record_far",
					"$music_label_string": "item.record_far.desc" }
			}, {	"music_mall@yao_music.music_item_template": {
					"$music_name": "music.mall",
					"$music_icon_path": "textures/items/record_mall",
					"$music_label_string": "item.record_mall.desc" }
			}, {	"music_mellohi@yao_music.music_item_template": {
					"$music_name": "music.mellohi",
					"$music_icon_path": "textures/items/record_mellohi",
					"$music_label_string": "item.record_mellohi.desc" }
			}, {	"music_otherside@yao_music.music_item_template": {
					"$music_name": "music.otherside",
					"$music_icon_path": "textures/items/record_otherside",
					"$music_label_string": "item.record_otherside.desc" }
			}, {	"music_pigstep_master@yao_music.music_item_template": {
					"$music_name": "music.pigstep_master",
					"$music_icon_path": "textures/items/record_pigstep",
					"$music_label_string": "item.record_pigstep.desc" }
			}, {	"music_relic@yao_music.music_item_template": {
					"$music_name": "music.relic",
					"$music_icon_path": "textures/items/music_disc_relic",
					"$music_label_string": "item.record_relic.desc" }
			}, {	"music_stal@yao_music.music_item_template": {
					"$music_name": "music.stal",
					"$music_icon_path": "textures/items/record_stal",
					"$music_label_string": "item.record_stal.desc" }
			}, {	"music_strad@yao_music.music_item_template": {
					"$music_name": "music.strad",
					"$music_icon_path": "textures/items/record_strad",
					"$music_label_string": "item.record_strad.desc" }
			}, {	"music_wait@yao_music.music_item_template": {
					"$music_name": "music.wait",
					"$music_icon_path": "textures/items/record_wait",
					"$music_label_string": "item.record_wait.desc" }
			}, {	"music_ward@yao_music.music_item_template": {
					"$music_name": "music.ward",
					"$music_icon_path": "textures/items/record_ward",
					"$music_label_string": "item.record_ward.desc" }
			}
		]
	},

	"alpha_music_list": {
		"type": "stack_panel",
		"orientation": "vertical",
		"size": [ "100%", "100%c" ],
		"controls": [
			{	"key@yao_music.music_item_template": {
					"$music_name": "music.key",
					"$music_icon_path": "elytra_common/Micons/Minecraft_-_Volume_Alpha_cover",
					"$music_label_string": "Key",
					"$creator_label_string": "C418" }
			}
		] },

	"mcc_music_list": {
		"type": "stack_panel",
		"orientation": "vertical",
		"size": [ "100%", "100%c" ],
		"controls": [
			{	"ar@yao_music.music_item_template": {
					"$music_name": "music_ar",
					"$music_icon_path": "elytra_common/Micons/ar",
					"$music_label_string": "ar",
					"$creator_label_string": "跑的贼快" }
			}, {	"gr@yao_music.music_item_template": {
					"$music_name": "music_gr",
					"$music_icon_path": "elytra_common/Micons/gr",
					"$music_label_string": "gr",
					"$creator_label_string": "4x任务" }
			}, {	"hub@yao_music.music_item_template": {
					"$music_name": "music_hub",
					"$music_icon_path": "elytra_common/Micons/hub",
					"$music_label_string": "hub",
					"$creator_label_string": "送礼物专用" }
			}, {	"md@yao_music.music_item_template": {
					"$music_name": "music_md",
					"$music_icon_path": "elytra_common/Micons/md",
					"$music_label_string": "md",
					"$creator_label_string": "卡到关服" }
			}, {	"sot@yao_music.music_item_template": {
					"$music_name": "music_sot",
					"$music_icon_path": "elytra_common/Micons/sot",
					"$music_label_string": "sot",
					"$creator_label_string": "法老的沙子" }
			}
		] },

	"music_expand_animation": {
		"anim_type": "offset",
		"easing": "out_cubic",
		"duration": 0.5,
		"from": [ 0, 144 ],
		"to": [ 0, 0 ],
		"play_event": "button.musicbar_expand",
		"start_event": "button.musicbar_expand",
		// "end_event": "button.musicbar_collapse",
		"reset_event": "button.musicbar_collapse" },

	"music_expand_animation_background": {
		"anim_type": "alpha",
		"easing": "out_cubic",
		"duration": 0.5,
		"from": 0.0,
		"to": 0.5,
		"play_event": "button.musicbar_expand",
		"start_event": "button.musicbar_expand",
		// "end_event": "button.musicbar_collapse",
		"reset_event": "button.musicbar_collapse" },

	"music_panel": {
		"type": "toggle",
		"radio_toggle_group": true,
		"toggle_name": "music_toggle_group",
		"toggle_group_forced_index": 0,
		"modal": false,
		"consume_hover_events": false,
		"size": [ "100%", "100%" ],
		"offset": [ 0, 0 ],
		"anchor_from": "top_left",
		"anchor_to": "top_left",

		"layer": 8000,
		"button_mappings": [
			{	"from_button_id": "button.menu_select",
				"to_button_id": "button.musicbar_collapse",
				"mapping_type": "global",
				"consume_event": false },
			{	"from_button_id": "button.menu_cancel",
				"to_button_id": "button.musicbar_collapse",
				"mapping_type": "global",
				"consume_event": false }
		],
		"bindings": [
			{	"binding_type": "view",
				"source_control_name": "music_toggle",
				"source_property_name": "#toggle_state",
				"target_property_name": "#visible" },
			{	"binding_type": "view",
				"source_control_name": "music_toggle",
				"source_property_name": "#toggle_state",
				"target_property_name": "#modal" }
		],
		"controls": [
			{	"global_background": {
					"type": "image",
					"texture": "$control_texture",
					"alpha": 0.5,
/*
					"anims": [
						"@yao_music.music_expand_animation_background" ],
					"animation_reset_name": "button.musicbar_reset",
*/
					"anchor_from": "top_left",
					"anchor_to": "top_left",
					"size": [ "100%", "100%" ],
					"layer": 1 }
			}, {	"vanilla_music_list@elytra_common.scroll_view": {
					"$scroll_content": "@yao_music.vanilla_music_list_pausebar",
					"$scroll_content_size": [ "100%", "100%c + 100% - 144px" ],
/*
					"anims": [
						"@yao_music.music_expand_animation" ],
					"animation_reset_name": "button.musicbar_reset",
*/
					"size": [ "100%", "100%" ],
					"anchor_from": "top_left",
					"anchor_to": "top_left" }
			}, {	"selectable_tab": {
					"type": "stack_panel",
					"orientation": "horizontal",
					"size": [ "100%", 24 ],
					"anchor_from": "bottom_left",
					"anchor_to": "bottom_left",
					"layer": 10,
					"controls": [
						{	"record_music_tab@common_toggles.light_text_toggle": {
								"size": [ 80, "100%" ],
								"$radio_toggle_group": true,
								"$toggle_name": "music_type_tabs",
								"$toggle_state_binding_name": "#toggle_state",
								"$toggle_view_binding_name": "record_music_toggle",
								"$toggle_group_forced_index": 0,
								"$toggle_bindings": [ ],
								"$button_text": "item.record.name" }
						}, {	"alpha_music_tab@common_toggles.light_text_toggle": {
								"size": [ 80, "100%" ],
								"$radio_toggle_group": true,
								"$toggle_name": "music_type_tabs",
								"$toggle_state_binding_name": "#toggle_state",
								"$toggle_view_binding_name": "alpha_music_toggle",
								"$toggle_group_forced_index": 1,
								"$toggle_bindings": [ ],
								"$button_text": "Alpha" }
						}, {	"mcc_music_tab@common_toggles.light_text_toggle": {
								"size": [ 80, "100%" ],
								"$radio_toggle_group": true,
								"$toggle_name": "music_type_tabs",
								"$toggle_state_binding_name": "#toggle_state",
								"$toggle_view_binding_name": "mcc_music_toggle",
								"$toggle_group_forced_index": 2,
								"$toggle_bindings": [ ],
								"$button_text": "MCC" }
						}
					] }
			}
		] }
}