{	"namespace": "elytra_screen_info_and_music",

	"_info_1": "QQ: Bugjump (3071882091)",
	"_info_2": "Bilibili: Minecraft君9a7z (1345634151)",

	"_info_3": "未经允许，禁止使用任何此资源包的代码（可参考，但禁止复制）",
	"_info_4": "原作者保留任何权益",

	"main_content_stack": {
		"type": "stack_panel",

		"orientation": "vertical",

		"size": [ "100%", "100%c" ],
		"offset": [ 0, 0 ],
		"anchor_from": "top_left",
		"anchor_to": "top_left",

		"controls": [
			{ "@elytra_screen_info_and_music_music.Music_Alpha": { } }
		] },

	"main_content@elytra_common.scroll_view": {
		"$scroll_content": "@elytra_screen_info_and_music.main_content_stack",

		"size": [ "100%", "100%" ],
		"offset": [ 0, 18 ],
		"anchor_from": "top_left",
		"anchor_to": "top_left" },

	"info_and_music_content@elytra_variables.global": {
		"type": "panel",

		"size": [ "100%", "100%" ],
		"offset": [ 0, 0 ],
		"anchor_from": "top_left",
		"anchor_to": "top_left",

		"controls": [
			{	"title_bar_layout@elytra_common.title_bar_layout": {
					"$button_text": "Info And Music" }
			}, {	"sidebar@elytra_sidebar.sidebar_view": {
					"$screen_has_title": true,
					"$main_screen_content": "@elytra_screen_info_and_music.main_content",
					"$sidebar_variables": [
						{	"requires": "(not $is_verbose)",
							"$info_toggle_name": "info_toggle",
							"$info_toggle_index": 0,
							"$music_toggle_name": "music_toggle",
							"$music_toggle_index": 1 },
						{	"requires": "$is_verbose",
							"$info_toggle_name": "verbose_info_toggle",
							"$info_toggle_index": 2,
							"$music_toggle_name": "verbose_music_toggle",
							"$music_toggle_index": 3 }
					],
					"$container_controls": [
						{	"$info_toggle_name@elytra_sidebar.sidebar_tge": {
								"$control_name": "info_toggle",
								"$button_text": "Elytra_UI.screens.InfoAndMusic.TabView.Info",
								"$button_icon": "Elytra_UI/textures/icons/pickaxe",
								"$button_icon_size": [ 16, 16 ],
								"$button_icon_offset": [ 7, 0 ],
								"$radio_toggle_group": true,
								"$toggle_name": "section_type_tab",
								"$toggle_group_forced_index": "$info_toggle_index" }
						}, {	"$music_toggle_name@elytra_sidebar.sidebar_tge": {
								"$control_name": "music_toggle",
								"$button_text": "Elytra_UI.screens.InfoAndMusic.TabView.Music",
								"$button_icon": "Elytra_UI/textures/icons/music",
								"$button_icon_size": [ 16, 16 ],
								"$button_icon_offset": [ 7, 0 ],
								"$radio_toggle_group": true,
								"$toggle_name": "section_type_tab",
								"$toggle_group_forced_index": "$music_toggle_index" }
						},
						{ "padding@elytra_paddings.y_4_padding": { } },
						{ "music_sidebar_content@elytra_screen_info_and_music_music.sidebar_content": { } }
					] }
			}
		] }
}