{	"namespace": "elytra_screen_info_and_music_music",

	"_info_1": "QQ: Bugjump (3071882091)",
	"_info_2": "Bilibili: Minecraft君9a7z (1345634151)",

	"_info_3": "未经允许，禁止使用任何此资源包的代码（可参考，但禁止复制）",
	"_info_4": "原作者保留任何权益",

	"time_text_animation_sizein": {
		"anim_type": "size",
		"easing": "linear",
		"duration": "$ratio",
		"from": [ "default", "default" ],
		"to": [ "default", "default" ],
		"next": "@elytra_screen_info_and_music_music.time_text_animation_sizeout" },

	"time_text_animation_sizeout": {
		"anim_type": "size",
		"easing": "linear",
		"duration": "$out_timing",
		"from": [ 0, 0 ],
		"to": [ 0, 0 ],
		"next": "@elytra_screen_info_and_music_music.time_text_animation_sizein" },

	"time_text_animation_sizeload": {
		"anim_type": "size",
		"easing": "linear",
		"duration": "$load_timing",
		"from": [ 0, 0 ],
		"to": [ 0, 0 ],
		"next": "@elytra_screen_info_and_music_music.time_text_animation_sizein" },

	"time_text_template": {
		"visible": "(not ($index > $max))",
		"type": "label",

		"text": "$text",
		"$text": "('§_' + $index)",
		"font_type": "$ui_font_type",

		"anims": [ "@elytra_screen_info_and_music_music.time_text_animation_sizeload" ],
		"animation_reset_name": "$reset",

		"$out_timing": "($max * $ratio)",
		"$load_timing": "($index * $ratio)",

		"size": [ 0, 0 ],
		"offset": [ 0, 0 ],
		"anchor_from": "top_left",
		"anchor_to": "top_left",

		"layer": 1 },

	"time_text_panel": {
		"type": "panel",

		"size": [ "100%c", "100%c" ],
		"offset": [ 0, 0 ],
		"anchor_from": "top_left",
		"anchor_to": "top_left",

		"controls": [
			{ "@elytra_screen_info_and_music_music.time_text_template": { "$index": 0 } },
			{ "@elytra_screen_info_and_music_music.time_text_template": { "$index": 1 } },
			{ "@elytra_screen_info_and_music_music.time_text_template": { "$index": 2 } },
			{ "@elytra_screen_info_and_music_music.time_text_template": { "$index": 3 } },
			{ "@elytra_screen_info_and_music_music.time_text_template": { "$index": 4 } },
			{ "@elytra_screen_info_and_music_music.time_text_template": { "$index": 5 } },
			{ "@elytra_screen_info_and_music_music.time_text_template": { "$index": 6 } },
			{ "@elytra_screen_info_and_music_music.time_text_template": { "$index": 7 } },
			{ "@elytra_screen_info_and_music_music.time_text_template": { "$index": 8 } },
			{ "@elytra_screen_info_and_music_music.time_text_template": { "$index": 9 } }
		] },

	"time_panel": {
		"type": "stack_panel",

		"orientation": "horizontal",

		"size": [ "100%c", "100%cm" ],
		"offset": [ 0, 0 ],
		"anchor_from": "top_left",
		"anchor_to": "top_left",

		"controls": [
			{ "@elytra_screen_info_and_music_music.time_text_panel": { "$ratio": 600, "$max": 5 } },
			{ "@elytra_screen_info_and_music_music.time_text_panel": { "$ratio": 60, "$max": 9 } },
			{	"ip_text": {
					"type": "label",

					"text": ":",
					"font_type": "$ui_font_type",

					"size": [ "default", "default" ],
					"offset": [ 0, 0 ],
					"anchor_from": "top_left",
					"anchor_to": "top_left",
					"bindings": [
						{	"binding_type": "view",
							"source_control_name": "play_button",
							"source_property_name": "#toggle_state",
							"target_property_name": "#visible",
							"resolve_sibling_scope": true }
					] }
			},
			{ "@elytra_screen_info_and_music_music.time_text_panel": { "$ratio": 10, "$max": 5 } },
			{ "@elytra_screen_info_and_music_music.time_text_panel": { "$ratio": 1, "$max": 9 } },

			{	"d_text": {
					"type": "label",

					"text": "|",
					"font_type": "$ui_font_type",

					"size": [ "default", "default" ],
					"offset": [ 0, 0 ],
					"anchor_from": "top_left",
					"anchor_to": "top_left",
					"bindings": [
						{	"binding_type": "view",
							"source_control_name": "play_button",
							"source_property_name": "#toggle_state",
							"target_property_name": "#visible",
							"resolve_sibling_scope": true }
					] }
			}, {	"music_time_label": {
					"type": "label",

					"text": "$music_time",
					"$music_time": "('§_' + (('§__' + ($minute + 100)) + ('§_:_' + ($second + 100))) - '_1')",
					"font_type": "$ui_font_type",

					"size": [ "default", "default" ],
					"offset": [ 0, 0 ],
					"anchor_from": "top_left",
					"anchor_to": "top_left" }
			}
		] },

	"music_item": {
		"type": "panel",

		"size": [ "100%", 24 ],

		"$hour|default": 0,
		"$minute|default": 0,
		"$second|default": 0,
		"$time": "($hour * 3600 + $minute * 60 + $second)",
		"$author|default": "unknown",

		"controls": [
			{	"button_panel": {
					"type": "stack_panel",

					"orientation": "vertical",

					"size": [ 24, 24 ],
					"offset": [ 0, 0 ],
					"anchor_from": "top_right",
					"anchor_to": "top_right",
					
					"controls": [
						{	"play_button@elytra_tges.base_tge": {
								"sound_name": "$music_name",
								"sound_volume": 1.0,
								"sound_pitch": 1.0,

								"$onclick": "('button.' + $music_name + '.play')",
								"$button_text": "play",

								"toggle_name": "$music_name",
								"radio_toggle_group": true,
								"toggle_group_forced_index": 1,

								"size": [ 24, 24 ],
								"offset": [ 0, 0 ],
								"anchor_from": "top_left",
								"anchor_to": "top_left",

								"bindings": [
									{	"binding_type": "view",
										"source_property_name": "(not #toggle_state)",
										"target_property_name": "#visible" }
								] }
						}, {	"stop_button@elytra_tges.base_tge": {
								"sound_name": "$music_name",
								"sound_volume": 0.0001,
								"sound_pitch": 1000.0,

								"$onclick": "('button.' + $music_name + '.stop')",
								"$button_text": "stop",

								"toggle_name": "$music_name",
								"radio_toggle_group": true,
								"toggle_group_forced_index": 0,

								"size": [ 24, 24 ],
								"offset": [ 0, 0 ],
								"anchor_from": "top_left",
								"anchor_to": "top_left",

								"bindings": [
									{	"binding_type": "view",
										"source_property_name": "(not #toggle_state)",
										"target_property_name": "#visible" }
								] }
						}
					] }
			}, {	"music_name_label": {
					"type": "label",

					"text": "$music_string",
					"font_type": "$ui_font_type",

					"size": [ "default", "default" ],
					"offset": [ 4, 2 ],
					"anchor_from": "top_left",
					"anchor_to": "top_left" }
			}, {	"music_description_label": {
					"type": "label",

					"text": "$music_description",
					"$music_description": "('§_' + ($author + ' ' + ('§__' + ($minute + 100)) + ('§_:_' + ($second + 100))) - '_1')",
					"font_type": "$ui_font_type",

					"size": [ "default", "default" ],
					"offset": [ 4, 12 ],
					"anchor_from": "top_left",
					"anchor_to": "top_left",
					"bindings": [
						{	"binding_type": "view",
							"source_control_name": "play_button",
							"source_property_name": "(not #toggle_state)",
							"target_property_name": "#visible",
							"resolve_sibling_scope": true }
					] }/*
			}, {	"music_time_label": {
					"type": "label",

					"text": "$music_time",
					"$music_time": "('§_' + (('§__' + ($minute + 100)) + ('§_:_' + ($second + 100))) - '_1')",
					"font_type": "$ui_font_type",

					"size": [ "default", "default" ],
					"offset": [ 20, 12 ],
					"anchor_from": "top_left",
					"anchor_to": "top_left",
					"bindings": [
						{	"binding_type": "view",
							"source_control_name": "play_button",
							"source_property_name": "#toggle_state",
							"target_property_name": "#visible",
							"resolve_sibling_scope": true }
					] }*/
			}, {	"time_panel@elytra_screen_info_and_music_music.time_panel": {
					"size": [ "100%c", "100%cm" ],
					"offset": [ 4, 12 ],
					"anchor_from": "top_left",
					"anchor_to": "top_left",

					"$reset": "('button.' + $music_name + '.play')",

					"bindings": [
						{	"binding_type": "view",
							"source_control_name": "play_button",
							"source_property_name": "#toggle_state",
							"target_property_name": "#visible",
							"resolve_sibling_scope": true }
					] }
			}, {	"music_progress@elytra_progress.progress_bar_determinate_duration": {
					"size": [ "100% - 84px", 2 ],
					"offset": [ 56, 16 ],
					"anchor_from": "top_left",
					"anchor_to": "top_left",

					"$duration": "$time",
					"$reset": "('button.' + $music_name + '.play')",

					"bindings": [
						{	"binding_type": "view",
							"source_control_name": "play_button",
							"source_property_name": "#toggle_state",
							"target_property_name": "#visible",
							"resolve_sibling_scope": true }
					] }
			}
		] },

	"Music_Alpha": {
		"type": "stack_panel",

		"orientation": "vertical",

		"size": [ "100%", "100%c" ],
		"offset": [ 0, 0 ],
		"anchor_from": "top_left",
		"anchor_to": "top_left",

		"controls": [
			{	"Key@elytra_screen_info_and_music_music.music_item": {
					"$music_name": "music.Alpha.Key",
					"$music_string": "Key",
					"$author": "C418",
					"$minute": 1,
					"$second": 5 }
			}, {	"Door@elytra_screen_info_and_music_music.music_item": {
					"$music_name": "music.Alpha.Door",
					"$music_string": "Door",
					"$author": "C418",
					"$minute": 1,
					"$second": 52 }
			}, {	"Subwofer_Lullaby@elytra_screen_info_and_music_music.music_item": {
					"$music_name": "music.Alpha.Subwofer_Lullaby",
					"$music_string": "Subwofer Lullaby",
					"$author": "C418",
					"$minute": 3,
					"$second": 29 }
			}
		] },

	"sidebar_content": {
		"type": "stack_panel",

		"orientation": "vertical",

		"size": [ "100%", "100%c" ],
		"offset": [ 0, 0 ],
		"anchor_from": "top_left",
		"anchor_to": "top_left",

		"variables": [
			{	"requires": "(not $is_verbose)",
				"$info_toggle_name": "minfo_toggle",
				"$info_toggle_index": 0,
				"$Alpha_toggle_name": "Alpha_toggle",
				"$Alpha_toggle_index": 1 },
			{	"requires": "$is_verbose",
				"$info_toggle_name": "verbose_minfo_toggle",
				"$info_toggle_index": 2,
				"$Alpha_toggle_name": "verbose_Alpha_toggle",
				"$Alpha_toggle_index": 3 }
		],

		"bindings": [
			{	"binding_type": "view",
				"source_control_name": "music_toggle",
				"source_property_name": "#toggle_state",
				"target_property_name": "#toggle_state" },
			{	"binding_type": "view",
				"source_control_name": "verbose_music_toggle",
				"source_property_name": "#toggle_state",
				"target_property_name": "#verbose_toggle_state" },
			{	"binding_type": "view",
				"source_property_name": "(#toggle_state or #verbose_toggle_state)",
				"target_property_name": "#visible" }
		],
		"controls": [
			{	"$info_toggle_name@elytra_sidebar.sidebar_tge": {
					"$control_name": "minfo_toggle",
					"$button_text": "Elytra_UI.screens.InfoAndMusic.TabView.Info",
					"$button_icon": "Elytra_UI/textures/icons/pickaxe",
					"$button_icon_size": [ 16, 16 ],
					"$button_icon_offset": [ 7, 0 ],
					"$radio_toggle_group": true,
					"$toggle_name": "music_tab",
					"$toggle_group_forced_index": "$info_toggle_index" }
			}, {	"$Alpha_toggle_name@elytra_sidebar.sidebar_tge": {
					"$control_name": "Alpha_toggle",
					"$button_text": "Alpha",
					"$button_icon": "Music/Alpha/icon",
					"$button_icon_size": [ 16, 16 ],
					"$button_icon_offset": [ 7, 0 ],
					"$radio_toggle_group": true,
					"$toggle_name": "music_tab",
					"$toggle_group_forced_index": "$Alpha_toggle_index" }
			}
		] }
}