{
    "test_slider_2@elytra_slider.base_slider": {
        "$onclick": "button.test_slider_2",
        "$slider_text": "这是一个滑块(2)",
        "$control_name": "test_slider_2" }

    "description_text_3": {
        "type": "label",

        "text": "上面的滑块控制这个文本的不透明度",
        "text_alignment": "left",
        "font_type": "$ui_font_type",
        "font_scale_factor": 1.0,
        
        "size": [ "100%", "default" ],
        "offset": [ 0, 0 ],
        "anchor_from": "top_left",
        "anchor_to": "top_left",

        "layer": 1,

        "bindings": [
            {	"binding_type": "view",
                "source_control_name": "test_slider_2",
                "source_property_name": "#slider_value",
                "target_property_name": "#alpha" }
        ] }
}