{	"namespace": "elytra_screen_docs",

	"_info_1": "QQ: Bugjump (3071882091)",
	"_info_2": "Bilibili: Minecraft君9a7z (1345634151)",

	"_info_3": "未经允许，禁止使用任何此资源包的代码（可参考，但禁止复制）",
	"_info_4": "原作者保留任何权益",

	"selector_toggle@elytra_sidebar.sidebar_tge": {
		"toggle_name": "navigation_tab" },

	"selector_type_toggle@elytra_sidebar.sidebar_tge": {
		"toggle_name": "type_toggle",

		"$button_icon|default": "",
		"$button_icon_size": [ 16, 16 ],
		"$button_icon_offset": [ -4, 0 ],
		"$button_icon_anchor": "right_middle",

		"$extra_control_1": "@elytra_common.empty_panel",
		"$extra_control_2": "@elytra_common.empty_panel",
		"$extra_control_3": "@elytra_common.empty_panel",

		"$states_panel_variables": [
			{	"requires": "$is_checked",
				"$button_icon": "Elytra_UI/textures/icons/arrow_down" },
			{	"requires": "(not $is_checked)",
				"$button_icon": "Elytra_UI/textures/icons/arrow_right" }
		] },

	"selector_stack_panel": {
		"type": "stack_panel",

		"orientation": "vertical",

		"size": [ "100%", "100%c" ],
		"offset": [ 0, 0 ],
		"anchor_from": "top_left",
		"anchor_to": "top_left",

		"$is_verbose": true,
		"$sidebar_item_size": [ "100%", 24 ],

		"controls": [
			{	"home_tab_toggle@elytra_screen_docs.selector_toggle": {
					"toggle_group_forced_index": 0,
					"$button_text": "主页",

					"$control_name": "home_tab_toggle" }
			}, {	"component_toggle@elytra_screen_docs.selector_type_toggle": {
					"toggle_group_forced_index": 1,
					"$button_text": "组件",

					"$control_name": "component_toggle" }
			}, {	"component.button_tab_toggle@elytra_screen_docs.selector_toggle": {
					"toggle_group_forced_index": 1,
					"$button_text": "按钮",

					"$control_name": "component.button_tab_toggle",

					"bindings": [
						{	"binding_type": "view",
							"source_control_name": "component_toggle",
							"source_property_name": "#toggle_state",
							"target_property_name": "#visible" }
					] }
			}, {	"component.toggle_tab_toggle@elytra_screen_docs.selector_toggle": {
					"toggle_group_forced_index": 2,
					"$button_text": "开关",

					"$control_name": "component.toggle_tab_toggle",

					"bindings": [
						{	"binding_type": "view",
							"source_control_name": "component_toggle",
							"source_property_name": "#toggle_state",
							"target_property_name": "#visible" }
					] }
			}, {	"component.slider_tab_toggle@elytra_screen_docs.selector_toggle": {
					"toggle_group_forced_index": 3,
					"$button_text": "滑块",

					"$control_name": "component.slider_tab_toggle",

					"bindings": [
						{	"binding_type": "view",
							"source_control_name": "component_toggle",
							"source_property_name": "#toggle_state",
							"target_property_name": "#visible" }
					] }
			}
		] },

	"content_stack_panel_template": {
		"type": "stack_panel",

		"orientation": "vertical",

		"size": [ "100%", "100%c" ],
		"offset": [ 0, 0 ],
		"anchor_from": "top_left",
		"anchor_to": "top_left",

		"bindings": [
			{	"binding_type": "view",
				"source_control_name": "$visibility_binding_toggle_control",
				"source_property_name": "#toggle_state",
				"target_property_name": "#visible" }
		] },

	"content_stack_panel": {
		"type": "panel",

		"size": [ "100%", "100%c" ],
		"offset": [ 0, 0 ],
		"anchor_from": "top_left",
		"anchor_to": "top_left",

		"controls": [
			{ "home_tab@elytra_screen_docs_sections.home_tab": { } },
			{ "component.button_tab@elytra_screen_docs_sections.component:button_tab": { } },
			{ "component.toggle_tab@elytra_screen_docs_sections.component:toggle_tab": { } },
			{ "component.slider_tab@elytra_screen_docs_sections.component:slider_tab": { } }
		] },

	"header_content_panel": {
		"type": "stack_panel",

		"orientation": "horizontal",

		"size": [ "fill", "100%" ],
		"offset": [ 0, 0 ],
		"anchor_from": "top_left",
		"anchor_to": "top_left",

		"$button_text": "unset $button_text",

		"controls": [
			{ "left_padding@elytra_paddings.fill_x_padding": { } },
			{ "menu_tge@elytra_tges.menu_tge": { "toggle_default_state": true } }
		] },

	"docs_content@elytra_variables.global": {
		"type": "panel",

		"anims": [
			"@elytra_animations.screen_exit_animation_push_alpha",
			"@elytra_animations.screen_exit_animation_pop_alpha",
			"@elytra_animations.screen_entrance_animation_push_alpha",
			"@elytra_animations.screen_entrance_animation_pop_alpha",

			"@elytra_animations.screen_exit_animation_push_offset",
			"@elytra_animations.screen_exit_animation_pop_offset",
			"@elytra_animations.screen_entrance_animation_push_offset",
			"@elytra_animations.screen_entrance_animation_pop_offset" ],
		"animation_reset_name": "screen_animation_reset",
		"propagate_alpha": true,

		"controls": [
			{	"title_bar_layout@elytra_common.title_bar_layout": {
					"$button_text": "Elytra UI 开发文档",
					"$header_content_panel": "@elytra_screen_docs.header_content_panel" }
			}, {	"selector_blur@elytra_common.blur_container": {
					"$outer_offset": [ "-100% + 150px", 0 ],
					"$inner_offset": [ "100% - 150px", 0 ],

					"bindings": [
						{	"binding_type": "view",
							"source_control_name": "menu_tge",
							"source_property_name": "#toggle_state",
							"target_property_name": "#visible" }
					] }
			}, {	"selector_panel": {
					"type": "panel",

					"size": [ 150, "100% - 18px" ],
					"offset": [ 0, 18 ],
					"anchor_from": "top_left",
					"anchor_to": "top_left",

					"layer": 10,

					"bindings": [
						{	"binding_type": "view",
							"source_control_name": "menu_tge",
							"source_property_name": "#toggle_state",
							"target_property_name": "#visible" }
					],

					"controls": [
						{ "background@elytra_sidebar.sidebar_background": { } },
						{	"scroll_view@elytra_common.scroll_view": {
								"$scroll_content": "@elytra_screen_docs.selector_stack_panel" }
						}
					] }
			}, {	"content_panel": {
					"type": "stack_panel",

					"orientation": "horizontal",

					"size": [ "100%", "100% - 18px" ],
					"offset": [ 0, 18 ],
					"anchor_from": "top_left",
					"anchor_to": "top_left",

					"layer": 30,

					"controls": [
						{ "left_padding@elytra_paddings.x_4_padding": { } },
						{	"@elytra_paddings.padding_panel": {
								"size": [ 150, "100%" ],
								"offset": [ 0, 0 ],
								"anchor_from": "top_left",
								"anchor_to": "top_left",

								"bindings": [
									{	"binding_type": "view",
										"source_control_name": "menu_tge",
										"source_property_name": "#toggle_state",
										"target_property_name": "#visible" }
								] }
						}, {	"scroll_view@elytra_common.scroll_view": {
								"$scroll_content": "@elytra_screen_docs.content_stack_panel",

								"size": [ "fill", "100%" ],
								"offset": [ 0, 0 ],
								"anchor_from": "top_left",
								"anchor_to": "top_left" }
						},
						{ "right_padding@elytra_paddings.x_4_padding": { } }
					] }
			}
		] }
}