{	"namespace": "elytra_screen_docs_sections",

	"_info_1": "QQ: Bugjump (3071882091)",
	"_info_2": "Bilibili: Minecraft君9a7z (1345634151)",

	"_info_3": "未经允许，禁止使用任何此资源包的代码（可参考，但禁止复制）",
	"_info_4": "原作者保留任何权益",

	"home_tab@elytra_screen_docs.content_stack_panel_template": {
		"$visibility_binding_toggle_control": "home_tab_toggle",
		"controls": [
			{ "title_padding@elytra_paddings.y_24_padding": { } },
			{	"title_text": {
					"type": "label",

					"text": "Elytra UI",
					"text_alignment": "center",
					"font_type": "$ui_font_type",
					"font_scale_factor": 3.0,

					"size": [ "100%", "default" ],
					"offset": [ 0, 0 ],
					"anchor_from": "top_left",
					"anchor_to": "top_left",

					"layer": 1 }
			},
			{ "subtitle_padding@elytra_paddings.y_8_padding": { } },
			{	"subtitle_text": {
					"type": "label",

					"text": "开发文档",
					"text_alignment": "center",
					"font_type": "$ui_font_type",
					"font_scale_factor": 2.0,

					"size": [ "100%", "default" ],
					"offset": [ 0, 0 ],
					"anchor_from": "top_left",
					"anchor_to": "top_left",

					"layer": 1 }
			},
			{ "main_spacer@elytra_paddings.padding_panel": { "size": [ "100%", 48 ] } },
			{	"bottom_black_panel": {
					"type": "image",

					"texture": "UITextureBase/fill_white",
					"color": [ 0.0, 0.0, 0.0 ],
					"alpha": 0.5,
					"fill": true,

					"size": [ "100%", "100%c + 8px" ],
					"offset": [ 0, 0 ],
					"anchor_from": "top_left",
					"anchor_to": "top_left",

					"layer": 1,

					"controls": [
						{	"tiping_text": {
								"type": "label",

								"text": "此文档档及 Elytra UI 由 Bugjump 制作\n作者保利所有权益， 禁止盗用\n如有错误请前往QQ群： 808528025 反馈\n提示： 预设控件建议填写变量 $control_name 为该控件的控件名",
								"text_alignment": "center",
								"font_type": "$ui_font_type",
								"font_scale_factor": 1.0,

								"size": [ "100%", "default" ],
								"offset": [ 0, 4 ],
								"anchor_from": "top_left",
								"anchor_to": "top_left",

								"layer": 1 }
						}
					] }
			}
		] },

	"component:button_tab@elytra_screen_docs.content_stack_panel_template": {
		"$visibility_binding_toggle_control": "component.button_tab_toggle",
		"controls": [
			{ "title_padding@elytra_paddings.y_8_padding": { } },
			{	"title_text": {
					"type": "label",

					"text": "按钮控件",
					"text_alignment": "center",
					"font_type": "$ui_font_type",
					"font_scale_factor": 2.0,

					"size": [ "100%", "default" ],
					"offset": [ 0, 0 ],
					"anchor_from": "top_left",
					"anchor_to": "top_left",

					"layer": 1 }
			}, {	"description_text": {
					"type": "label",

					"text": "按钮作为一个常用控件，可以用于响应用户的操作和选择",
					"text_alignment": "left",
					"font_type": "$ui_font_type",
					"font_scale_factor": 1.0,

					"size": [ "100%", "default" ],
					"offset": [ 0, 0 ],
					"anchor_from": "top_left",
					"anchor_to": "top_left",

					"layer": 1 }
			},
			{ "main_padding@elytra_paddings.y_8_padding": { } },
			{	"test_button@elytra_btns.base_btn": {
					"$onclick": "button.test_button",
					"$button_text": "这是一个按钮",
					"$control_name": "test_button",
					"size": [ "100%", 24 ] }
			}, {	"code_area": {
					"type": "image",

					"texture": "UITextureBase/fill_white",
					"color": [ 0.0, 0.0, 0.0 ],
					"alpha": 0.75,
					"fill": true,

					"size": [ "100%", "100%c + 4px" ],
					"offset": [ 0, 0 ],
					"anchor_from": "top_left",
					"anchor_to": "top_left",

					"layer": 1,

					"controls": [
						{	"label": {
								"type": "label",

								"text": "    \"test_button@elytra_btns.base_btn\": {
        \"$onclick\": \"button.test_button\",
        \"$button_text\": \"这是一个按钮\",
        \"$control_name\": \"test_button\",
        \"size\": [ \"100%%\", 24 ]
    }",
								"font_type": "smooth",

								"size": [ "100% - 4px", "default" ],
								"offset": [ 2, 2 ],
								"anchor_from": "top_left",
								"anchor_to": "top_left",

								"layer": 1 }
						}
					] }
			}
		] },

	"component:toggle_tab@elytra_screen_docs.content_stack_panel_template": {
		"$visibility_binding_toggle_control": "component.toggle_tab_toggle",
		"controls": [
			{ "title_padding@elytra_paddings.y_8_padding": { } },
			{	"title_text": {
					"type": "label",

					"text": "开关控件",
					"text_alignment": "center",
					"font_type": "$ui_font_type",
					"font_scale_factor": 2.0,

					"size": [ "100%", "default" ],
					"offset": [ 0, 0 ],
					"anchor_from": "top_left",
					"anchor_to": "top_left",

					"layer": 1 }
			}, {	"description_text": {
					"type": "label",

					"text": "开关作为一个常用控件，可以用于响应用户的操作和选择，也可以有未选中和选中两种状态",
					"text_alignment": "left",
					"font_type": "$ui_font_type",
					"font_scale_factor": 1.0,

					"size": [ "100%", "default" ],
					"offset": [ 0, 0 ],
					"anchor_from": "top_left",
					"anchor_to": "top_left",

					"layer": 1 }
			},
			{ "main_padding@elytra_paddings.y_8_padding": { } },
			{	"test_toggle_1@elytra_tges.base_tge": {
					"$onclick": "button.test_toggle",
					"$button_text": "这是一个开关",
					"$control_name": "test_toggle_1",
					"size": [ "100%", 24 ] }
			}, {	"code_area_1": {
					"type": "image",

					"texture": "UITextureBase/fill_white",
					"color": [ 0.0, 0.0, 0.0 ],
					"alpha": 0.75,
					"fill": true,

					"size": [ "100%", "100%c + 4px" ],
					"offset": [ 0, 0 ],
					"anchor_from": "top_left",
					"anchor_to": "top_left",

					"layer": 1,

					"controls": [
						{	"label": {
								"type": "label",

								"text": "    \"test_toggle_1@elytra_tges.base_tge\": {
        \"$onclick\": \"button.test_toggle\",
        \"$button_text\": \"这是一个开关\",
        \"$control_name\": \"test_toggle_1\",
        \"size\": [ \"100%%\", 24 ]
    }",
								"font_type": "smooth",

								"size": [ "100% - 4px", "default" ],
								"offset": [ 2, 2 ],
								"anchor_from": "top_left",
								"anchor_to": "top_left",

								"layer": 1 }
						}
					] }
			}, {	"description_text_2": {
					"type": "label",

					"text": "开关的状态也可以被绑定，例如下面的事例把开关的选中状态绑定为文本的可见性",
					"text_alignment": "left",
					"font_type": "$ui_font_type",
					"font_scale_factor": 1.0,

					"size": [ "100%", "default" ],
					"offset": [ 0, 0 ],
					"anchor_from": "top_left",
					"anchor_to": "top_left",

					"layer": 1 }
			}, {	"test_toggle_2@elytra_tges.base_tge": {
					"$onclick": "button.test_toggle_2",
					"$button_text": "这是一个开关(2)",
					"$control_name": "test_toggle_2",
					"size": [ "100%", 24 ] }
			}, {	"description_text_3": {
					"type": "label",

					"text": "上面的开关被打开了，这个文本可见了",
					"text_alignment": "left",
					"font_type": "$ui_font_type",
					"font_scale_factor": 1.0,

					"size": [ "100%", "default" ],
					"offset": [ 0, 0 ],
					"anchor_from": "top_left",
					"anchor_to": "top_left",

					"layer": 1,

					"bindings": [
						{	"binding_type": "view",
							"source_control_name": "test_toggle_2",
							"source_property_name": "#toggle_state",
							"target_property_name": "#visible" }
					] }
			}, {	"code_area_2": {
					"type": "image",

					"texture": "UITextureBase/fill_white",
					"color": [ 0.0, 0.0, 0.0 ],
					"alpha": 0.75,
					"fill": true,

					"size": [ "100%", "100%c + 4px" ],
					"offset": [ 0, 0 ],
					"anchor_from": "top_left",
					"anchor_to": "top_left",

					"layer": 1,

					"controls": [
						{	"label": {
								"type": "label",

								"text": "    \"test_toggle_2@elytra_tges.base_tge\": {
        \"$onclick\": \"button.test_toggle_2\",
        \"$button_text\": \"这是一个开关(2)\",
        \"$control_name\": \"test_toggle_2\",
        \"size\": [ \"100%%\", 24 ] }

    \"description_text_3\": {
        \"type\": \"label\",

        \"text\": \"上面的开关被打开了，这个文本可见了\",
        \"text_alignment\": \"left\",
        \"font_type\": \"$ui_font_type\",
        \"font_scale_factor\": 1.0,

        \"size\": [ \"100%%\", \"default\" ],
        \"offset\": [ 0, 0 ],
        \"anchor_from\": \"top_left\",
        \"anchor_to\": \"top_left\",

        \"layer\": 1,

        \"bindings\": [
            {    \"binding_type\": \"view\",
                \"source_control_name\": \"test_toggle_2\",
                \"source_property_name\": \"#toggle_state\",
                \"target_property_name\": \"#visible\" }
        ] }",

								"font_type": "smooth",

								"size": [ "100% - 4px", "default" ],
								"offset": [ 2, 2 ],
								"anchor_from": "top_left",
								"anchor_to": "top_left",

								"layer": 1 }
						}
					] }
			}
		] },

	"component:slider_tab@elytra_screen_docs.content_stack_panel_template": {
		"$visibility_binding_toggle_control": "component.slider_tab_toggle",
		"controls": [
			{ "title_padding@elytra_paddings.y_8_padding": { } },
			{	"title_text": {
					"type": "label",

					"text": "滑块控件",
					"text_alignment": "center",
					"font_type": "$ui_font_type",
					"font_scale_factor": 2.0,

					"size": [ "100%", "default" ],
					"offset": [ 0, 0 ],
					"anchor_from": "top_left",
					"anchor_to": "top_left",

					"layer": 1 }
			}, {	"description_text": {
					"type": "label",

					"text": "滑块也是作为一个常用控件，可以用于选择某个模糊值，或者指定步频做出分段选择器",
					"text_alignment": "left",
					"font_type": "$ui_font_type",
					"font_scale_factor": 1.0,

					"size": [ "100%", "default" ],
					"offset": [ 0, 0 ],
					"anchor_from": "top_left",
					"anchor_to": "top_left",

					"layer": 1 }
			},
			{ "main_padding@elytra_paddings.y_8_padding": { } },
			{	"test_slider_1@elytra_slider.base_slider": {
					"$onclick": "button.test_slider_1",
					"$slider_text": "这是一个滑块",
					"$control_name": "test_slider_1" }
			}, {	"code_area_1": {
					"type": "image",

					"texture": "UITextureBase/fill_white",
					"color": [ 0.0, 0.0, 0.0 ],
					"alpha": 0.75,
					"fill": true,

					"size": [ "100%", "100%c + 4px" ],
					"offset": [ 0, 0 ],
					"anchor_from": "top_left",
					"anchor_to": "top_left",

					"layer": 1,

					"controls": [
						{	"label": {
								"type": "label",

								"text": "    \"test_slider_1@elytra_slider.base_slider\": {
        \"$onclick\": \"button.test_slider_1\",
        \"$slider_text\": \"这是一个滑块\",
        \"$control_name\": \"test_slider_1\" }",
								"font_type": "smooth",

								"size": [ "100% - 4px", "default" ],
								"offset": [ 2, 2 ],
								"anchor_from": "top_left",
								"anchor_to": "top_left",

								"layer": 1 }
						}
					] }
			}, {	"description_text_2": {
					"type": "label",

					"text": "滑块的进度也可以被绑定，例如下面的事例把滑块的进度绑定为文本的不透明度",
					"text_alignment": "left",
					"font_type": "$ui_font_type",
					"font_scale_factor": 1.0,

					"size": [ "100%", "default" ],
					"offset": [ 0, 0 ],
					"anchor_from": "top_left",
					"anchor_to": "top_left",

					"layer": 1 }
			}, {	"test_slider_2@elytra_slider.base_slider": {
					"$onclick": "button.test_slider_2",
					"$slider_text": "这是一个滑块(2)",
					"$control_name": "test_slider_2" }
			}, {	"description_text_3": {
					"type": "label",

					"text": "上面的滑块控制这个文本的不透明度",
					"text_alignment": "left",
					"font_type": "$ui_font_type",
					"font_scale_factor": 1.0,

					"size": [ "100%", "default" ],
					"offset": [ 0, 0 ],
					"anchor_from": "top_left",
					"anchor_to": "top_left",

					"layer": 1,

					"bindings": [
						{	"binding_type": "view",
							"source_control_name": "test_slider_2",
							"source_property_name": "#slider_value",
							"target_property_name": "#alpha" }
					] }
			}, {	"code_area_2": {
					"type": "image",

					"texture": "UITextureBase/fill_white",
					"color": [ 0.0, 0.0, 0.0 ],
					"alpha": 0.75,
					"fill": true,

					"size": [ "100%", "100%c + 4px" ],
					"offset": [ 0, 0 ],
					"anchor_from": "top_left",
					"anchor_to": "top_left",

					"layer": 1,

					"controls": [
						{	"label": {
								"type": "label",

								"text": "    \"test_slider_2@elytra_slider.base_slider\": {
        \"$onclick\": \"button.test_slider_2\",
        \"$slider_text\": \"这是一个滑块(2)\",
        \"$control_name\": \"test_slider_2\" }

    \"description_text_3\": {
        \"type\": \"label\",

        \"text\": \"上面的滑块控制这个文本的不透明度\",
        \"text_alignment\": \"left\",
        \"font_type\": \"$ui_font_type\",
        \"font_scale_factor\": 1.0,
        
        \"size\": [ \"100%\", \"default\" ],
        \"offset\": [ 0, 0 ],
        \"anchor_from\": \"top_left\",
        \"anchor_to\": \"top_left\",

        \"layer\": 1,

        \"bindings\": [
            {    \"binding_type\": \"view\",
                \"source_control_name\": \"test_slider_2\",
                \"source_property_name\": \"#slider_value\",
                \"target_property_name\": \"#alpha\" }
        ] }",

								"font_type": "smooth",

								"size": [ "100% - 4px", "default" ],
								"offset": [ 2, 2 ],
								"anchor_from": "top_left",
								"anchor_to": "top_left",

								"layer": 1 }
						}
					] }
			}
		] }
}