{	"namespace": "elytra_addpacks",

	"item_template@common.button": {
		"size": [ "100%", 50 ],
		"controls": [
			{ "default@elytra_addpacks.item_template_content": { } },
			{ "hover@elytra_addpacks.item_template_content": { "$is_hover_state": true } },
			{ "pressed@elytra_addpacks.item_template_content": { } }
		] },

	"item_template_content": {
		"type": "panel",
		"size": [ "100%", 50 ],
		"$is_hover_state|default": false,
		"layer": 1,
		"controls": [
			{	"hover_border": {
					"ignored": "(not $is_hover_state)",
					"type": "image",
					"texture": "textures/ui/focus_border_white",
					"size": [ "100% - 48px", "100%" ],
					"offset": [ 48, 0 ],
					"anchor_from": "left_middle",
					"anchor_to": "left_middle",
					"layer": 1 }
			}, {	"hover_divider": {
					"ignored": "(not $is_hover_state)",
					"type": "image",
					"texture": "textures/ui/white_background",
					"keep_ratio": false,
					"size": [ 50, "100%" ],
					"offset": [ 0, 0 ],
					"anchor_from": "left_middle",
					"anchor_to": "left_middle",
					"layer": 1 }
			}, {	"item_image": {
					"type": "image",
					"texture": "$addpacks_texture",
					"size": [ 48, 48 ],
					"offset": [ 1, 1 ],
					"anchor_from": "top_left",
					"anchor_to": "top_left",
					"layer": 2 }
			}, {	"item_label": {
					"type": "label",
					"text": "$addpacks_text",
					"size": [ "100% - 56px", 10 ],
					"offset": [ 52, 4 ],
					"anchor_from": "top_left",
					"anchor_to": "top_left",
					"layer": 2 }
			}, {	"item_label": {
					"type": "label",
					"text": "$addpacks_description",
					"size": [ "100% - 56px", "100% - 22px" ],
					"offset": [ 52, 18 ],
					"anchor_from": "top_left",
					"anchor_to": "top_left",
					"layer": 2 }
			}
		] },

	"pack_list": {
		"type": "stack_panel",
		"controls": [
			{	"Elytra_UI@elytra_addpacks.item_template": {
					"$addpacks_text": "Elytra UI",
					"$addpacks_description": "这是一个简洁， 轻量化的 UI",
					"$addpacks_texture": "elytra_common/pack_icon" }
			}
		] }
}