{	"namespace": "NFrameUI/NFrameDebug",

	"SwitcherToggle": {
		"type": "toggle",

		"size": [ 20, "100%" ],

		"toggle_name": "NFrameUI/NFrameDebug/SwitcherToggle",
		"radio_toggle_group": true,

		"unchecked_control": "unchecked",
		"checked_control": "checked",
		"unchecked_hover_control": "unchecked_hover",
		"checked_hover_control": "checked_hover",

		"button_mappings": [
			{	"from_button_id": "button.menu_select",
				"to_button_id": "button.menu_select",
				"mapping_type": "pressed" }
		],

		"controls": [
			{	"unchecked": {
					"type": "image",

					"texture": "NFrameUI/resources",
					"uv": [ 32, 4 ],
					"uv_size": [ 4, 4 ],
					"nineslice_size": 1,

					"size": [ "100%", 12 ],
					"offset": [ 0, 0 ],
					"anchor_from": "top_left",
					"anchor_to": "top_left",

					"layer": 1 }
			}, {	"checked": {
					"type": "image",

					"texture": "NFrameUI/resources",
					"uv": [ 40, 4 ],
					"uv_size": [ 4, 4 ],
					"nineslice_size": 1,

					"size": [ "100%", 12 ],
					"offset": [ 0, 0 ],
					"anchor_from": "top_left",
					"anchor_to": "top_left",

					"layer": 1 }
			}, {	"unchecked_hover": {
					"type": "image",

					"texture": "NFrameUI/resources",
					"uv": [ 36, 4 ],
					"uv_size": [ 4, 4 ],
					"nineslice_size": 1,

					"size": [ "100%", 12 ],
					"offset": [ 0, 0 ],
					"anchor_from": "top_left",
					"anchor_to": "top_left",

					"layer": 1 }
			}, {	"checked_hover": {
					"type": "image",

					"texture": "NFrameUI/resources",
					"uv": [ 44, 4 ],
					"uv_size": [ 4, 4 ],
					"nineslice_size": 1,

					"size": [ "100%", 12 ],
					"offset": [ 0, 0 ],
					"anchor_from": "top_left",
					"anchor_to": "top_left",

					"layer": 1 }
			}, {	"label": {
					"type": "label",

					"text": "$text",
					"font_type": "default",
					"text_alignment": "center",

					"size": [ "default", "default" ],
					"offset": [ 0, 0 ],
					"anchor_from": "center",
					"anchor_to": "center",

					"layer": 2 }
			}
		] },

	"MenuItemLabel": {
		"type": "label",

		"text": "",
		"font_type": "default",
		"text_alignment": "left",

		"size": [ "default", "default" ],
		"offset": [ 0, 0 ],
		"anchor_from": "top_left",
		"anchor_to": "top_left",

		"layer": 1 },

	"MenuItemButton": {
		"type": "button",

		"prevent_touch_input": true,

		"size": [ "100%", 12 ],

		"default_control": "default",
		"hover_control": "hover",
		"pressed_control": "pressed",

		"button_mappings": [
			{	"from_button_id": "button.menu_select",
				"to_button_id": "$onclick",
				"mapping_type": "pressed",
				"consume_event": false }
		],

		"controls": [
			{	"default": {
					"type": "image",

					"texture": "NFrameUI/resources",
					"uv": [ 0, 4 ],
					"uv_size": [ 4, 4 ],
					"nineslice_size": 1,

					"size": [ "100%", 12 ],
					"offset": [ 0, 0 ],
					"anchor_from": "top_left",
					"anchor_to": "top_left",

					"layer": 1 }
			}, {	"hover": {
					"type": "image",

					"texture": "NFrameUI/resources",
					"uv": [ 4, 4 ],
					"uv_size": [ 4, 4 ],
					"nineslice_size": 1,

					"size": [ "100%", 12 ],
					"offset": [ 0, 0 ],
					"anchor_from": "top_left",
					"anchor_to": "top_left",

					"layer": 1 }
			}, {	"pressed": {
					"type": "image",

					"texture": "NFrameUI/resources",
					"uv": [ 8, 4 ],
					"uv_size": [ 4, 4 ],
					"nineslice_size": 1,

					"size": [ "100%", 12 ],
					"offset": [ 0, 0 ],
					"anchor_from": "top_left",
					"anchor_to": "top_left",

					"layer": 1 }
			}, {	"label": {
					"type": "label",

					"text": "$text",
					"font_type": "default",
					"text_alignment": "left",

					"size": [ "default", "default" ],
					"offset": [ 0, 0 ],
					"anchor_from": "left_middle",
					"anchor_to": "left_middle",

					"layer": 2 }
			}
		] },

	"MenuItemEventMaker@MenuItemButton": {
		"$text": "$onclick" },

	"MenuItemViewEventMaker@MenuItemEventMaker": {
		"button_mappings": [
			{	"from_button_id": "button.menu_select",
				"to_button_id": "$onclick",
				"mapping_type": "pressed",
				"consume_event": false,
				"scope": "view" }
		] },

	"MenuItemToggle": {
		"type": "toggle",

		"prevent_touch_input": true,

		"size": [ "100%", 12 ],

		"unchecked_control": "unchecked",
		"checked_control": "checked",
		"unchecked_hover_control": "unchecked_hover",
		"checked_hover_control": "checked_hover",

		"button_mappings": [
			{	"from_button_id": "button.menu_select",
				"to_button_id": "button.menu_select",
				"mapping_type": "pressed",
				"consume_event": false }
		],

		"controls": [
			{	"unchecked": {
					"type": "image",

					"texture": "NFrameUI/resources",
					"uv": [ 16, 4 ],
					"uv_size": [ 4, 4 ],
					"nineslice_size": 1,

					"size": [ "100%", 12 ],
					"offset": [ 0, 0 ],
					"anchor_from": "top_left",
					"anchor_to": "top_left",

					"layer": 1 }
			}, {	"checked": {
					"type": "image",

					"texture": "NFrameUI/resources",
					"uv": [ 24, 4 ],
					"uv_size": [ 4, 4 ],
					"nineslice_size": 1,

					"size": [ "100%", 12 ],
					"offset": [ 0, 0 ],
					"anchor_from": "top_left",
					"anchor_to": "top_left",

					"layer": 1 }
			}, {	"unchecked_hover": {
					"type": "image",

					"texture": "NFrameUI/resources",
					"uv": [ 20, 4 ],
					"uv_size": [ 4, 4 ],
					"nineslice_size": 1,

					"size": [ "100%", 12 ],
					"offset": [ 0, 0 ],
					"anchor_from": "top_left",
					"anchor_to": "top_left",

					"layer": 1 }
			}, {	"checked_hover": {
					"type": "image",

					"texture": "NFrameUI/resources",
					"uv": [ 28, 4 ],
					"uv_size": [ 4, 4 ],
					"nineslice_size": 1,

					"size": [ "100%", 12 ],
					"offset": [ 0, 0 ],
					"anchor_from": "top_left",
					"anchor_to": "top_left",

					"layer": 1 }
			}, {	"label": {
					"type": "label",

					"text": "$text",
					"font_type": "default",
					"text_alignment": "left",

					"size": [ "default", "default" ],
					"offset": [ 0, 0 ],
					"anchor_from": "left_middle",
					"anchor_to": "left_middle",

					"layer": 2 }
			}
		] },

	"MenuBase": {
		"type": "panel",

		"size": [ 80, "100%cm" ],
		"offset": [ 0, 0 ],
		"anchor_from": "bottom_left",
		"anchor_to": "bottom_left",

		"bindings": [
			{	"binding_type": "view",
				"source_control_name": "('NFrameDebugSwitcherToggle' + $MenuIndex)",
				"source_property_name": "#toggle_state",
				"target_property_name": "#visible" }
		],

		"controls": [
			{	"PanelBg": {
					"type": "image",

					"texture": "NFrameUI/resources",
					"uv": [ 0, 0 ],
					"uv_size": [ 4, 4 ],
					"nineslice_size": 1,

					"size": [ "100%", "100%sm" ],
					"offset": [ 0, 0 ],
					"anchor_from": "top_left",
					"anchor_to": "top_left",

					"layer": 1 }
			}, {	"MainStack": {
					"type": "stack_panel",

					"orientation": "vertical",

					"size": [ "100%", "100%c" ],
					"offset": [ 0, 0 ],
					"anchor_from": "top_left",
					"anchor_to": "top_left",

					"layer": 2,
					"controls": "$MenuList" }
			}
		] },

	"DebugMainMenu": {
		"type": "input_panel",

		"prevent_touch_input": true,

		"size": [ "100%", 12 ],
		"offset": [ 0, 0 ],
		"anchor_from": "bottom_left",
		"anchor_to": "bottom_left",

		"layer": 6553608,

		"button_mappings": [
			{	"from_button_id": "button.menu_select",
				"to_button_id": "button.menu_select",
				"mapping_type": "pressed" }
		],

		"controls": [
			{	"PanelBg": {
					"type": "image",

					"texture": "NFrameUI/resources",
					"uv": [ 0, 0 ],
					"uv_size": [ 4, 4 ],
					"nineslice_size": 1,

					"size": [ "100%", "100%" ],
					"offset": [ 0, 0 ],
					"anchor_from": "top_left",
					"anchor_to": "top_left",

					"layer": 1 }
			}, {	"MainStack": {
					"type": "stack_panel",

					"orientation": "horizontal",

					"size": [ "100%", "100%" ],
					"offset": [ 0, 0 ],
					"anchor_from": "top_left",
					"anchor_to": "top_left",

					"layer": 2,
					"controls": [
						{	"NFrameDebugSwitcherToggle1@SwitcherToggle": {
								"toggle_group_forced_index": 1,
								"$text": "环境" }
						}, {	"NFrameDebugSwitcherToggle2@SwitcherToggle": {
								"toggle_group_forced_index": 2,
								"$text": "数据" }
						}, {	"NFrameDebugSwitcherToggle3@SwitcherToggle": {
								"toggle_group_forced_index": 3,
								"$text": "内存" }
						}
					] }
			}, {	"@MenuBase": {
					"offset": [ 0, -12 ],
					"$MenuIndex": 1,
					"$MenuList": [
						{	"Environment.None@MenuItemToggle": {
								"toggle_name": "EnvironmentDebug",
								"toggle_group_forced_index": 0,
								"radio_toggle_group": true,
								"$text": "无" }
						}, {	"Environment.Disconnect@MenuItemToggle": {
								"toggle_name": "EnvironmentDebug",
								"toggle_group_forced_index": 1,
								"radio_toggle_group": true,
								"$text": "断开连接" }
						}, {	"Environment.WorldLoading@MenuItemToggle": {
								"toggle_name": "EnvironmentDebug",
								"toggle_group_forced_index": 2,
								"radio_toggle_group": true,
								"$text": "世界加载" }
						}, {	"Environment.OverworldLoading@MenuItemToggle": {
								"toggle_name": "EnvironmentDebug",
								"toggle_group_forced_index": 3,
								"radio_toggle_group": true,
								"$text": "Dim加载" }
						}, {	"Environment.LayoutTest@MenuItemToggle": {
								"toggle_name": "EnvironmentDebug",
								"toggle_group_forced_index": 4,
								"radio_toggle_group": true,
								"$text": "布局测试" }
						}
					] }
			}, {	"@MenuBase": {
					"offset": [ 20, -12 ],
					"$MenuIndex": 2,
					"$MenuList": [
						{	"@MenuItemLabel": {
								"text": "$text",
								"$text": "('is_pregame = ' + $is_pregame)" }
						}, {	"@MenuItemLabel": {
								"text": "$text",
								"$text": "('land = ' + $ScreenBackground)" }
						}
					] }
			}, {	"@MenuBase": {
					"offset": [ 40, -12 ],
					"$MenuIndex": 3,
					"$MenuList": [
						{	"Atlas.None@MenuItemToggle": {
								"toggle_name": "AtladDebug",
								"toggle_group_forced_index": 0,
								"radio_toggle_group": true,
								"$text": "无" }
						}, {	"Atlas.Terrain@MenuItemToggle": {
								"toggle_name": "AtladDebug",
								"toggle_group_forced_index": 1,
								"radio_toggle_group": true,
								"$text": "atlas.terrain" }
						}, {	"Atlas.Items@MenuItemToggle": {
								"toggle_name": "AtladDebug",
								"toggle_group_forced_index": 2,
								"radio_toggle_group": true,
								"$text": "atlas.items" }
						}
					] }
			}
		] },

	"DebugMain": {
		"type": "panel",
		"controls": [
			{	"DebugMainMenu@DebugMainMenu": {
					"bindings": [
						{	"binding_type": "view",
							"source_control_name": "DebugVisibllityToggle",
							"source_property_name": "#toggle_state",
							"target_property_name": "#visible" }
					] }
			}, {	"DebugVisibllityToggle": {
					"type": "toggle",

					"prevent_touch_input": true,
					"consume_hover_events": false,

					"size": [ 16, 16 ],
					"offset": [ 0, 0 ],
					"anchor_from": "top_right",
					"anchor_to": "top_right",

					"layer": 6553680,

					"button_mappings": [
						{	"from_button_id": "button.menu_select",
							"to_button_id": "button.menu_select",
							"mapping_type": "double_pressed",
							"consume_event": false }
					] }
			}, {	"CloseMenuToggle": {
					"type": "toggle",

					"prevent_touch_input": true,

					"toggle_name": "NFrameUI/NFrameDebug/SwitcherToggle",
					"toggle_group_forced_index": 0,
					"radio_toggle_group": true,

					"size": [ "100%", "100%" ],
					"offset": [ 0, 0 ],
					"anchor_from": "top_left",
					"anchor_to": "top_left",

					"layer": 6553605,

					"button_mappings": [
						{	"from_button_id": "button.menu_select",
							"to_button_id": "button.menu_select",
							"mapping_type": "global",
							"consume_event": false }
					],

					"bindings": [
						{	"binding_type": "view",
							"source_property_name": "(not #toggle_state)",
							"target_property_name": "#visible" }
					] }
			}, {	"screens": {
					"type": "panel",
					"size": [ "100%", "100%" ],
					"controls": [
						{	"disconnect_screen@disconnect.disconnect_screen": {
								"size": [ "100%", "100%" ],
								"bindings": [
									{	"binding_type": "view",
										"source_control_name": "Environment.Disconnect",
										"source_property_name": "#toggle_state",
										"target_property_name": "#visible" }
								] }
						}, {	"world_loading_progress_screen@progress.world_loading_progress_screen": {
								"size": [ "100%", "100%" ],
								"bindings": [
									{	"binding_type": "view",
										"source_control_name": "Environment.WorldLoading",
										"source_property_name": "#toggle_state",
										"target_property_name": "#visible" }
								] }
						}, {	"overworld_loading_progress_screen@progress.overworld_loading_progress_screen": {
								"size": [ "100%", "100%" ],
								"bindings": [
									{	"binding_type": "view",
										"source_control_name": "Environment.OverworldLoading",
										"source_property_name": "#toggle_state",
										"target_property_name": "#visible" }
								] }
						}, {	"LayoutTest": {
								"type": "panel",
								"layer": 30,
								"size": [ "100%", "100%" ],
								"bindings": [
									{	"binding_type": "view",
										"source_control_name": "Environment.LayoutTest",
										"source_property_name": "#toggle_state",
										"target_property_name": "#visible" }
								],
								"controls": [
									{	"": {
											"type": "image",

											"texture": "UITextureBase/fill_white",
											"fill": true,

											"size": [ "100%", "100%" ],
											"offset": [ 0, 0 ],
											"anchor_from": "top_left",
											"anchor_to": "top_left",

											"layer": -10 }
									}, {	"": {
											"type": "image_cycler",

											"prev_sub_page_button_name": "button.prevx",
											"next_sub_page_button_name": "button.nextx",
											"images": [
												{ "texture_path": "textures/blocks/tallgrass" },
												{ "texture_path": "textures/blocks/stone" },
												{ "texture_path": "textures/blocks/glass" }
											],

											"size": [ 32, 32 ],
											"offset": [ 0, -48 ],
											"anchor_from": "bottom_left",
											"anchor_to": "bottom_left",

											"button_mappings": [
												{	"from_button_id": "button.menu_tab_left",
													"to_button_id": "button.prevx",
													"mapping_type": "global",
													"scope": "view" },
												{	"from_button_id": "button.menu_tab_right",
													"to_button_id": "button.nextx",
													"mapping_type": "global",
													"scope": "view" }
											] }
									}, {	"@MenuItemViewEventMaker": {
											"$onclick": "button.prevx",
											"size": [ "50% - 20px", 12 ],
											"offset": [ 0, -12 ],
											"anchor_from": "bottom_left",
											"anchor_to": "bottom_left" }
									}, {	"@MenuItemViewEventMaker": {
											"$onclick": "button.nextx",
											"size": [ "50% - 20px", 12 ],
											"offset": [ "50% - 20px", -12 ],
											"anchor_from": "bottom_left",
											"anchor_to": "bottom_left" }
									}
								] }
						}
					] }
			}, {	"atlas": {
					"type": "panel",
					"size": [ "100%", "100%" ],
					"controls": [
						{	"terrain_atlas": {
								"type": "image",
								"texture": "atlas.terrain",
								"size": [ 256, 128 ],
								"bindings": [
									{	"binding_type": "view",
										"source_control_name": "Atlas.Terrain",
										"source_property_name": "#toggle_state",
										"target_property_name": "#visible" }
								] }
						}, {	"items_atlas": {
								"type": "image",
								"texture": "atlas.items",
								"size": [ 128, 256 ],
								"bindings": [
									{	"binding_type": "view",
										"source_control_name": "Atlas.Items",
										"source_property_name": "#toggle_state",
										"target_property_name": "#visible" }
								] }
						}
					] }
			}
		] }
}