{	"namespace": "NFrameUI/NFrameScreenBase",

	"NFrameScreenBase@elytra_variables.global": {
		"type": "panel",
		"$safe_zone_ignored": false,
		"controls": [
			{	"ScreenStackPanel": {
					"type": "stack_panel",
					"orientation": "vertical",
					"size": [ "100%", "100%" ],
					"bindings": [
						{	"binding_type": "view",
							"source_control_name": "Environment.None",
							"source_property_name": "#toggle_state",
							"target_property_name": "#visible" }
					],
					"controls": [
						{	"SafezoneTopPadding": {
								"ignored": "$safe_zone_ignored",
								"type": "panel",
								"size": "$top_vertical_safezone_size" }
						}, {	"ScreenPanel": {
								"type": "stack_panel",
								"orientation": "horizontal",
								"size": [ "100%", "fill" ],
								"controls": [
									{	"SafezoneLeftPadding": {
											"ignored": "$safe_zone_ignored",
											"type": "panel",
											"size": "$left_horizontal_safezone_size" }
									}, {	"ScreenPanel": {
											"type": "panel",
											"size": [ "fill", "100%" ],
											"controls": [
												{	"PopupDialog": {
														"type": "panel",
														"size": [ "100%", "100%" ],
														"factory": {
															"name": "popup_dialog_factory",
															"control_ids": {
																"modal_dialog_popup": "@elytra_dialog.modal_dialog_popup",
																"storage_dependency_popup": "@popup_dialog.dialog_whenpopup_background",
																"storage_sharing_popup": "@popup_dialog.dialog_whenpopup_background" }
														} }
												},
												{ "$ScreenBackground": { } },
												{ "$ScreenMain": { } }
											] }
									}, {	"SafezoneRightPadding": {
											"ignored": "$safe_zone_ignored",
											"type": "panel",
											"size": "$right_horizontal_safezone_size" }
									}
								] }
						}, {	"SafezoneBottomPadding": {
								"ignored": "$safe_zone_ignored",
								"type": "panel",
								"size": "$bottom_vertical_safezone_size" }
						}
					] }
			}
		] }
}