{
  "resource_pack_name": "vanilla",
  "texture_name": "atlas.terrain",
  "padding": 8,
  "num_mip_levels": 4,
  "texture_data": {
		"info_update": {
			"textures": [
				"textures/blocks/info_update"
			] },
		"info_update2": {
			"textures": [
				"textures/blocks/info_update2"
			] },
		"reserved6": {
			"textures": [
				"textures/blocks/reserved6"
			] }

    
  }
},
        {
          "path": "textures/blocks/grass_top",
          "overlay_color": "#bfb755"
        },
        {
          "path": "textures/blocks/grass_top",
          "overlay_color": "#59c93c"
        },
        {
          "path": "textures/blocks/grass_top",
          "overlay_color": "#55c93f"
        },
        {
          "path": "textures/blocks/grass_top",
          "overlay_color": "#88bb66"
        },
        {
          "path": "textures/blocks/grass_top",
          "overlay_color": "#86b87f"
        },
        {
          "path": "textures/blocks/grass_top",
          "overlay_color": "#64c73f"
        },
        {
          "path": "textures/blocks/grass_top",
          "overlay_color": "#86b783"
        },
        {
          "path": "textures/blocks/grass_top",
          "overlay_color": "#83b593"
        },
        {
          "path": "textures/blocks/grass_top",
          "overlay_color": "#80b497"
        },
        {
          "path": "textures/blocks/grass_top",
          "overlay_color": "#91bd59"
        },
        {
          "path": "textures/blocks/grass_top",
          "overlay_color": "#90814d"
        },
        {
          "path": "textures/blocks/grass_top",
          "overlay_color": "#8eb971"
        },
        {
          "path": "textures/blocks/grass_top",
          "overlay_color": "#6a7039"
        },
        {
          "path": "textures/blocks/grass_top",
          "overlay_color": "#507a32"
        },
        "textures/blocks/snow"
      ]
    },
    "grass_path_side": {
      "textures": [
        "textures/blocks/grass_path_top"
      ]
    },
    "suspicious_sand": {
      "textures": [
        "textures/blocks/suspicious_sand_0",
        "textures/blocks/suspicious_sand_1",
        "textures/blocks/suspicious_sand_2",
        "textures/blocks/suspicious_sand_3"
      ]
    },
    "suspicious_gravel": {
      "textures": [
        "textures/blocks/suspicious_gravel_0",
        "textures/blocks/suspicious_gravel_1",
        "textures/blocks/suspicious_gravel_2",
        "textures/blocks/suspicious_gravel_3"
      ]
    },
    "monster_egg": {
      "textures": [
        "textures/blocks/cobblestone_momster_egg",
        "textures/blocks/stonebrick_momster_egg",
        "textures/blocks/stonebrick_mossy_momster_egg",
        "textures/blocks/stonebrick_cracked_momster_egg",
        "textures/blocks/stonebrick_carved_momster_egg",
        "textures/blocks/stone_momster_egg"
      ]
    },
    "stonebrick": {
      "textures": [
        "textures/blocks/stonebrick",
        "textures/blocks/stonebrick_mossy",
        "textures/blocks/stonebrick_cracked",
        "textures/blocks/stonebrick_carved",
        "textures/blocks/stonebrick_4"
      ]
    },
    "purpur_block_top": {
      "textures": [
        "textures/blocks/purpur_block",
        "textures/blocks/purpur_block_1",
        "textures/blocks/purpur_pillar_top",
        "textures/blocks/purpur_block_3"
      ]
    },
    "purpur_block_bottom": {
      "textures": [
        "textures/blocks/purpur_block",
        "textures/blocks/purpur_block_1",
        "textures/blocks/purpur_pillar_top",
        "textures/blocks/purpur_block_3"
      ]
    },
    "purpur_block_side": {
      "textures": [
        "textures/blocks/purpur_block",
        "textures/blocks/purpur_block_1",
        "textures/blocks/purpur_pillar",
        "textures/blocks/purpur_block_3"
      ]
    }
  }
}