{	"namespace": "SidebarView",

	"sidebar_item": {
		"type": "panel",
		"controls": [
			{	"toggle_control@common_toggles.light_text_toggle": {
					"size": [ 80, 20 ],
					"offset": "@SidebarView.offset_animation",
					"$toggle_name": "$toggle_control",
					"$toggle_view_binding_name": "$toggle_control",
					"$button_text": "$toggle_control" }
			}
		] },

	"offset_animation": {
		"anim_type": "offset",
		"from": [ 0, 20 ],
		"to": [ 0, 0 ] },

	"simple_sidebar_item@SidebarView.sidebar_item": {
		"$toggle_control": "ksimple_sidebar_toggle" },

	"SidebarView": {
		"type": "panel",
		"controls": [
			{	"toggle_control@common_toggles.light_text_toggle": {
					"size": [ 80, 20 ],
					"$toggle_view_binding_name": "simple_sidebar_toggle",
					"$button_text": "toggle_control",
					"anchor_from": "top_left",
					"anchor_to": "top_left" }
			},
			{	"simple_sidebar_factory": {
					"type": "collection_panel",
					"factory": {
						"name": "simple_sidebar_factory",
						"control_name": "SidebarView.simple_sidebar_item",
						"max_children_size": "#collection_length" },
					"bindings": [
						{	"binding_type": "view",
							"source_control_name": "simple_sidebar_toggle",
							"source_property_name": "(1 - (#toggle_state * 1))",
							"target_property_name": "#collection_length" }
					] }
			}
		] }
}