{	"namespace": "elytra_btns",

	"_info_1": "QQ: Bugjump (3071882091)",
	"_info_2": "Bilibili: Minecraft君9a7z (1345634151)",

	"_info_3": "未经允许，禁止使用任何此资源包的代码（可参考，但禁止复制）",
	"_info_4": "原作者保留任何权益",

	"base_btn@elytra_variables.global": {
		"type": "button",

		"layer": 3,

		"$default_control|default": "default@elytra_btns.visual_default",
		"$hover_control|default": "hover@elytra_btns.visual_hover",
		"$pressed_control|default": "pressed@elytra_btns.visual_pressed",
		"$locked_control|default": "locked@elytra_btns.visual_locked",

		"default_control": "default",
		"hover_control": "hover",
		"pressed_control": "pressed",
		"locked_control": "locked",

		"sound_name": "$sound_name",
		"$sound_name|default": "random.click",
		"sound_pitch": "$sound_pitch",
		"$sound_pitch|default": 4.0,

		"$onclick|default": "button.menu_select",
		"$onclickdouble|default": "",
		"$onhover|default": "($onclick + '.hovered')",

		"$can_touch_below|default": true,

		"$glint_size|default": [ "100%", "100%" ],

		"button_mappings": [
			{	"from_button_id": "button.menu_select",
				"to_button_id": "$onclick",
				"mapping_type": "pressed",
				"consume_event": "(not $can_touch_below)" },
			{	"from_button_id": "button.menu_select",
				"to_button_id": "$onclickdouble",
				"mapping_type": "double_pressed",
				"consume_event": "(not $can_touch_below)" },
			{	"to_button_id": "$onhover",
				"mapping_type": "pressed" }
		],

		"controls": [
			{ "$default_control": { } },
			{ "$hover_control": { } },
			{ "$pressed_control": { } },
			{ "$locked_control": { } },
			{ "item_glints@elytra_common.item_glints": { "size": "$glint_size" } }
		] },

	"back_btn@elytra_btns.base_btn": {
		"$button_icon": "Elytra_UI/textures/title_back",
		"$button_icon_size": [ 28, 18 ],
		"$button_icon_anchor": "top_left",

		"$button_text_size": [ "default", "default" ],
		"$button_text_offset": [ 32, 0 ],
		"$button_text_anchor": "left_middle",

		"$default_button_background_alpha": 0.0,

		"$onclick": "button.menu_exit",

		"size": [ "100%cm", 18 ],
		"$button_surface_size": [ "100%sm", "100%" ],
		"$button_state_size": [ "100%cm", 18 ],
		"$glint_size": [ "100%sm", 18 ],
		"$button_content_size": [ "100%c + 12px", 18 ] },

	"close_btn@elytra_btns.base_btn": {
		"$button_icon": "Elytra_UI/textures/title_close_fits",
		"$button_icon_size": [ 9, 9 ],
		"$button_icon_anchor": "center",

		"$default_button_background_alpha": 0.0,

		"$onclick": "button.menu_exit",
		"$onhover": "button.close_button.hovered",

		"$highlight_color": "$error_highlight_color",

		"size": [ 18, 18 ] },

	"visual_default@elytra_common.button_visual": {
		"$default_state": true,

		"$button_background|default": true,
		"$button_border|default": true,
		"$button_background_color|default": "@elytra_common.btn_color_animation_background",
		"$button_border_color|default": "@elytra_common.btn_color_animation_border",
		"$button_background_alpha|default": "@elytra_common.btn_alpha_animation_background",
		"$button_border_alpha|default": "@elytra_common.btn_alpha_animation_border",

		"$background_color_from|default": "$hover_button_background_color",
		"$background_color_to|default": "$default_button_background_color",
		"$border_color_from|default": "$hover_button_border_color",
		"$border_color_to|default": "$default_button_border_color",
		"$background_alpha_from|default": "$hover_button_background_alpha",
		"$background_alpha_to|default": "$default_button_background_alpha",
		"$border_alpha_from|default": "$hover_button_border_alpha",
		"$border_alpha_to|default": "$default_button_border_alpha",

		"$button_text_color|default": "$default_button_text_color",

		"$animation_reset_name": "$onhover",
		"variables": [
			{	"requires": false,
				"$background_color_from|default": "$pressed_button_background_color",
				"$border_color_from|default": "$pressed_button_border_color",
				"$background_alpha_from|default": "$pressed_button_background_alpha",
				"$border_alpha_from|default": "$pressed_button_border_alpha" }
		] },

	"visual_hover@elytra_common.button_visual": {
		"$hover_state": true,

		"$button_background|default": true,
		"$button_border|default": true,
		"$button_background_color|default": "@elytra_common.btn_color_animation_background",
		"$button_border_color|default": "@elytra_common.btn_color_animation_border",
		"$button_background_alpha|default": "@elytra_common.btn_alpha_animation_background",
		"$button_border_alpha|default": "@elytra_common.btn_alpha_animation_border",

		"$background_color_from|default": "$default_button_background_color",
		"$background_color_to|default": "$hover_button_background_color",
		"$border_color_from|default": "$default_button_border_color",
		"$border_color_to|default": "$hover_button_border_color",
		"$background_alpha_from|default": "$default_button_background_alpha",
		"$background_alpha_to|default": "$hover_button_background_alpha",
		"$border_alpha_from|default": "$default_button_border_alpha",
		"$border_alpha_to|default": "$hover_button_border_alpha",

		"$button_text_color|default": "$hover_button_text_color",

		"$animation_reset_name": "$onhover" },

	"visual_pressed@elytra_common.button_visual": {
		"$pressed_state": true,

		"$button_background|default": true,
		"$button_border|default": true,
		"$button_background_color|default": "@elytra_common.btn_color_animation_background",
		"$button_border_color|default": "@elytra_common.btn_color_animation_border",
		"$button_background_alpha|default": "@elytra_common.btn_alpha_animation_background",
		"$button_border_alpha|default": "@elytra_common.btn_alpha_animation_border",

		"$background_color_from|default": "$default_button_background_color",
		"$background_color_to|default": "$pressed_button_background_color",
		"$border_color_from|default": "$default_button_border_color",
		"$border_color_to|default": "$pressed_button_border_color",
		"$background_alpha_from|default": "$default_button_background_alpha",
		"$background_alpha_to|default": "$pressed_button_background_alpha",
		"$border_alpha_from|default": "$default_button_border_alpha",
		"$border_alpha_to|default": "$pressed_button_border_alpha",

		"$button_text_color|default": "$pressed_button_text_color",

		"$animation_reset_name": "$onhover" },

	"locked_button_background_color": {
		"anim_type": "color",
		"duration": 0.0,
		"from": "$locked_button_background_color",
		"to": "$locked_button_background_color" },

	"locked_button_border_color": {
		"anim_type": "color",
		"duration": 0.0,
		"from": "$locked_button_border_color",
		"to": "$locked_button_border_color" },

	"visual_locked@elytra_common.button_visual": {
		"$locked_state": true,

		"$button_background|default": true,
		"$button_border|default": false,
		"$button_background_color|default": "@elytra_btns.locked_button_background_color",
		"$button_border_color|default": "@elytra_btns.locked_button_border_color",
		"$button_background_alpha|default": "$locked_button_background_alpha",
		"$button_border_alpha|default": "$locked_button_border_alpha",

		"$button_text_color|default": "$locked_button_text_color" }
}