{	"namespace": "elytra_common",

	"_info_1": "QQ: Bugjump (3071882091)",
	"_info_2": "Bilibili: Minecraft君9a7z (1345634151)",

	"_info_3": "未经允许，禁止使用任何此资源包的代码（可参考，但禁止复制）",
	"_info_4": "原作者保留任何权益",

	"text_edit_background_color_to_default": {
		"anim_type": "color",
		"duration": "$text_edit_visual_background_duration",
		"easing": "$ui_hover_animation_easing",
		"from": "$text_edit_visual_hover_background_color",
		"to": "$text_edit_visual_default_background_color" },

	"text_edit_background_alpha_to_default": {
		"anim_type": "alpha",
		"duration": "$text_edit_visual_background_duration",
		"easing": "$ui_hover_animation_easing",
		"from": "$text_edit_visual_hover_background_alpha",
		"to": "$text_edit_visual_default_background_alpha" },

	"text_edit_background_color_to_hover": {
		"anim_type": "color",
		"duration": "$text_edit_visual_background_duration",
		"easing": "$ui_hover_animation_easing",
		"to": "$text_edit_visual_hover_background_color",
		"from": "$text_edit_visual_default_background_color" },

	"text_edit_background_alpha_to_hover": {
		"anim_type": "alpha",
		"duration": "$text_edit_visual_background_duration",
		"easing": "$ui_hover_animation_easing",
		"to": "$text_edit_visual_hover_background_alpha",
		"from": "$text_edit_visual_default_background_alpha" },

	"animated_text_edit_input_line_animation": {
		"anim_type": "size",
		"duration": "$text_edit_visual_input_line_duration",
		"easing": "$ui_animation_easing",
		"from": [ 0, 2 ],
		"to": [ "100%", 2 ] },

	"animated_text_edit_input_line_animation_reverse": {
		"anim_type": "size",
		"duration": "$text_edit_visual_input_line_duration",
		"easing": "$ui_animation_easing",
		"to": [ 0, 2 ],
		"from": [ "100%", 2 ] },

	"text_edit_visual_default": {
		"type": "panel",
		"controls": [
			{	"text_edit_background": {
					"type": "image",
					"texture": "UITextureBase/fill_white",
					"color": "$text_edit_visual_default_background_color",
					"alpha": "$text_edit_visual_default_background_alpha",
					"fill": true,

					"anims": [
						"@elytra_common.text_edit_background_color_to_default",
						"@elytra_common.text_edit_background_alpha_to_default" ],
					"animation_reset_name": "$onhover",

					"size": [ "100%", "100%" ],
					"offset": [ 0, 0 ],
					"anchor_from": "top_left",
					"anchor_to": "top_left",

					"layer": 1 }
			}, {	"text_edit_input_line": {
					"type": "image",
					"texture": "UITextureBase/fill_white",
					"color": "$text_edit_visual_default_input_line_color",
					"alpha": "$text_edit_visual_default_input_line_alpha",
					"fill": true,

					"size": [ "100%", 2 ],
					"offset": [ 0, 0 ],
					"anchor_from": "bottom_middle",
					"anchor_to": "bottom_middle",

					"layer": 2 }
			}, {	"animated_text_edit_input_line": {
					"type": "image",
					"texture": "UITextureBase/fill_white",
					"color": "$accent_color",
					"fill": true,

					"size": [ "100%", 2 ],
					"offset": [ 0, 0 ],
					"anchor_from": "bottom_middle",
					"anchor_to": "bottom_middle",

					"anims": [
						"@elytra_common.animated_text_edit_input_line_animation_reverse" ],
					"animation_reset_name": "$onhover",

					"layer": 3 }
			}
		] },

	"text_edit_visual_hover": {
		"type": "panel",
		"controls": [
			{	"text_edit_background": {
					"type": "image",
					"texture": "UITextureBase/fill_white",
					"color": "$text_edit_visual_hover_background_color",
					"alpha": "$text_edit_visual_hover_background_alpha",
					"fill": true,

					"anims": [
						"@elytra_common.text_edit_background_color_to_hover",
						"@elytra_common.text_edit_background_alpha_to_hover" ],
					"animation_reset_name": "$onhover",

					"size": [ "100%", "100%" ],
					"offset": [ 0, 0 ],
					"anchor_from": "top_left",
					"anchor_to": "top_left",

					"layer": 1 }
			}, {	"text_edit_input_line": {
					"type": "image",
					"texture": "UITextureBase/fill_white",
					"color": "$text_edit_visual_hover_input_line_color",
					"alpha": "$text_edit_visual_hover_input_line_alpha",
					"fill": true,

					"size": [ "100%", 2 ],
					"offset": [ 0, 0 ],
					"anchor_from": "bottom_middle",
					"anchor_to": "bottom_middle",

					"layer": 2 }
			}, {	"animated_text_edit_input_line": {
					"type": "image",
					"texture": "UITextureBase/fill_white",
					"color": "$accent_color",
					"fill": true,

					"size": [ "100%", 2 ],
					"offset": [ 0, 0 ],
					"anchor_from": "bottom_middle",
					"anchor_to": "bottom_middle",

					"anims": [
						"@elytra_common.animated_text_edit_input_line_animation" ],
					"animation_reset_name": "$onhover",

					"layer": 3 }
			}
		] },

	"text_edit_box_label": {
		"type": "label",
		"localize": false,
		"enable_profanity_filter": "$enable_profanity_filter",
		"shadow": "$shadow",
		"color": "$text_box_text_color",
		"locked_color": "$locked_color",
		"alpha": "$text_alpha",
		"locked_alpha": "$locked_text_alpha",
		"font_size": "$font_size",
		"text_alignment": "$text_alignment",

		"font_type": "$ui_font_type",

		"$shadow|default": false,
		"$enable_profanity_filter|default": false,
		"$newline_refresh|default": "#newline_refresh",
		"$text_alpha|default": 1.0,
		"$locked_color|default": [ 1.0, 1.0, 1.0, 1.0 ],
		"$locked_text_alpha|default": 0.5,
		"$font_size|default": "normal",
		"$text_alignment|default": "left",

		"$text_edit_box_content_binding_type|default": "global",
		"$text_edit_box_content_binding_name|default": "#text_box_item_name",
		"$text_edit_box_binding_condition|default": "visible",
		"$text_box_name|default": "#text_box_name",

		"$text_color_binding_name|default": "#edit_box_text_color",
		"$text_color_binding_type|default": "none",

		"text": "#item_name",
		"$text_edit_box_binding_type": "global",
		"$text_edit_box_binding_collection_name": "",

		"$text_box_tts_name|default": "",
		"tts_name": "$text_box_tts_name",

		"property_bag": {
			"#property_field": "#item_name"
		},
		"bindings": [
			{	"binding_type": "$text_edit_box_content_binding_type",
				"binding_condition": "$text_edit_box_binding_condition",
				"binding_collection_name": "$text_edit_box_grid_collection_name",
				"binding_name": "$text_edit_box_content_binding_name",
				"binding_name_override": "#item_name" },
			{	"binding_type": "$text_color_binding_type",
				"binding_name": "$text_color_binding_name",
				"binding_name_override": "#color" },
			{ "binding_name": "#newline_refresh" }
		] },

	"text_edit_box_place_holder_label": {
		"type": "label",

		"localize": true,
		"shadow": "$shadow",
		"color": "$place_holder_text_color",
		"locked_color": "$text_box_locked_text_color",
		"alpha": "$text_alpha",
		"locked_alpha": "$locked_text_alpha",
		"font_size": "$font_size",
		"text_alignment": "$text_alignment",

		"font_type": "$ui_font_type",

		"$shadow|default": false,
		"$text_alpha|default": 1.0,
		"$locked_text_alpha|default": 0.5,
		"$font_size|default": "normal",
		"$text_alignment|default": "left",

		"$text_edit_box_placeholder_content_binding_type|default": "global",
		"$text_edit_box_placeholder_content_binding_name|default": "#text_box_item_name",
		"$text_edit_box_placeholder_binding_condition|default": "visible",
		"$text_box_name|default": "#text_box_name",

		"$place_holder_text|default": "",

		"text": "$place_holder_text",
		"$text_edit_box_placeholder_binding_type": "global",
		"$text_edit_box_placeholder_binding_collection_name": "",

		"bindings": [
			{	"binding_type": "$text_edit_box_placeholder_content_binding_type",
				"binding_condition": "$text_edit_box_placeholder_binding_condition",
				"binding_collection_name": "$text_edit_box_grid_collection_name",
				"binding_name": "$text_edit_box_placeholder_content_binding_name" }
		] },

	"text_edit_box@elytra_variables.global": {
		"type": "edit_box",

		"anchor_from": "center",
		"anchor_to": "center",
		"layer": 1,
		"enabled": "#enabled",

		"$text_box_name|default": "#text_box_name",
		"$text_box_enabled_binding_name|default": "#text_box_enabled",
		"$text_edit_box_enabled_binding_type|default": "global",
		"$text_edit_box_grid_collection_name|default": "",
		"$text_edit_clipping_panel_size|default": [ "100%", "100%" ],
		"$text_edit_box_label_size|default": [ "default", "default" ],
		"$text_edit_box_label_anchor_point|default": "right_middle",
		"$text_edit_box_label_min_size|default": [ "100%", 0 ],
		"$text_edit_box_label_offset|default": [ 0, 0 ],

		"text_box_name": "$text_box_name",
		"text_edit_box_grid_collection_name": "$text_edit_box_grid_collection_name",

		"$deselectable_binding_type|default": "none",
		"$deselectable_binding_name|default": "#can_be_deselected",

		"$text_edit_box_focusable_binding_name|default": "#text_edit_box_focusable",

		"$text_edit_visible_binding_name|default": "#text_edit_box_visible",
		"$text_edit_visible_binding_collection_name|default": "",
		"$text_edit_visible_binding_type|default": "none",

		"bindings": [
			{	"binding_type": "$text_edit_box_enabled_binding_type",
				"binding_collection_name": "$text_edit_box_grid_collection_name",
				"binding_name": "$text_box_enabled_binding_name",
				"binding_name_override": "#enabled" },
			{	"binding_type": "$deselectable_binding_type",
				"binding_name": "$deselectable_binding_name",
				"binding_name_override": "#can_be_deselected" },
			{	"binding_type": "none",
				"binding_name": "$text_edit_box_focusable_binding_name",
				"binding_name_override": "#focus_enabled" },
			{	"binding_name": "$text_edit_visible_binding_name",
				"binding_name_override": "#visible",
				"binding_type": "$text_edit_visible_binding_type",
				"binding_collection_name": "$text_edit_visible_binding_collection_name" }
		],

		"default_control": "default",
		"hover_control": "hover",
		"pressed_control": "pressed",
		"locked_control": "locked",

		"max_length": 14,
		"$text_edit_box_text_type|default": "ExtendedASCII",
		"text_type": "$text_edit_box_text_type",

		"$virtual_keyboard_buffer_control|default": "",
		"virtual_keyboard_buffer_control": "$virtual_keyboard_buffer_control",

		"$text_edit_text_control|default": "display_text",
		"text_control": "$text_edit_text_control",
		"$place_holder_control|default": "place_holder_control@elytra_common.text_edit_box_place_holder_label",
		"$text_background_default|default": "default@elytra_common.text_edit_visual_default",
		"$text_background_hover|default": "hover@elytra_common.text_edit_visual_hover",
		"$text_background_pressed|default": "pressed@elytra_common.text_edit_visual_hover",
		"$text_background_locked|default": "locked@elytra_common.text_edit_visual_default",
		"place_holder_control": "place_holder_control",

		"$onhover|default": "button.text_edit_box_hovered",

		"$text_edit_box_selected_to_button_id|default": "button.text_edit_box_selected",
		"$text_edit_box_deselected_to_button_id|default": "button.text_edit_box_deselected",

		"button_mappings": [
			{	"from_button_id": "button.menu_select",
				"to_button_id": "$text_edit_box_selected_to_button_id",
				"handle_select": true,
				"handle_deselect": false,
				"mapping_type": "pressed" },
			{	"from_button_id": "button.menu_select",
				"to_button_id": "$text_edit_box_deselected_to_button_id",
				"handle_select": false,
				"handle_deselect": true,
				"mapping_type": "global",
				// Deselect textbox and allow selection of another UI control with same mouse press
				"consume_event": false },
			{	"from_button_id": "button.menu_ok",
				"to_button_id": "$text_edit_box_selected_to_button_id",
				"handle_select": true,
				"handle_deselect": true,
				"mapping_type": "pressed" },
			{	"from_button_id": "button.menu_ok",
				"to_button_id": "$text_edit_box_selected_to_button_id",
				"handle_select": false,
				"handle_deselect": true,
				"mapping_type": "global" },
			{	"from_button_id": "button.menu_cancel",
				"to_button_id": "$text_edit_box_deselected_to_button_id",
				"handle_select": false,
				"handle_deselect": true,
				"mapping_type": "global" },
			{	"to_button_id": "$onhover",
				"mapping_type": "pressed" }
		],

		"$shadow": false,
		"$font_size": "normal",
		"$color|default": [ 1, 1, 1 ],
		"$alpha|default": 1.0,
		"$disabled_alpha|default": 0.5,
		"$text_offset|default": [ 0, 0 ],

		"$place_holder_text_hover_color|default": "$text_box_text_color",
		"place_holder_text_hover_color": "$place_holder_text_hover_color",

		"controls": [
			{	"centering_panel": {
					"type": "panel",
					"size": [ "100% - 6px", "100% - 4px" ],
					"layer": 20,
					"controls": [
						{	"clipper_panel": {
								"type": "panel",
								"size": "$text_edit_clipping_panel_size",
								"anchor_from": "left_middle",
								"anchor_to": "left_middle",
								"offset": "$text_offset",
								"clips_children": true,
								"$disabled_color|default": "$color",
								"controls": [
									{	"$text_edit_text_control@elytra_common.text_edit_box_label": {
											"layer": 1,
											"size": "$text_edit_box_label_size",
											"offset": "$text_edit_box_label_offset",
											"min_size": "$text_edit_box_label_min_size",
											"anchor_from": "$text_edit_box_label_anchor_point",
											"anchor_to": "$text_edit_box_label_anchor_point",
											"font_size": "$font_size",
											"$text_alpha|default": "$alpha",
											"$locked_text_alpha|default": "$disabled_alpha",
											"$locked_color|default": "$disabled_color" }
									}, {	"visibility_panel": {
											"type": "panel",
											"$placeholder_label_size|default": "$text_edit_box_label_size",
											"controls": [
												{	"$place_holder_control": {
														"layer": 1,
														"size": "$placeholder_label_size",
														"offset": "$text_edit_box_label_offset",
														"min_size": "$text_edit_box_label_min_size",
														"anchor_from": "$text_edit_box_label_anchor_point",
														"anchor_to": "$text_edit_box_label_anchor_point",
														"$text_alpha|default": "$alpha",
														"$locked_text_alpha|default": "$disabled_alpha",
														"$locked_color|default": "$disabled_color" }
												}
											],

											"bindings": [
												{	"binding_type": "view",
													"source_control_name": "$text_edit_text_control",
													"source_property_name": "(#item_name = '')",
													"target_property_name": "#visible",
													"resolve_sibling_scope": true }
											] }
									}
								] }
						}
					] }
			},
			{ "$text_background_default": { } },
			{ "$text_background_hover": { } },
			{ "$text_background_pressed": { } },
			{ "$text_background_locked": { } }
		] },

	"empty_panel": {
		"type": "panel",
		"size": [ 0, 0 ] },

	"vertical_fits_container": {
		"type": "stack_panel",
		"orientation": "vertical",

		"size": [ "100%", "100%c" ],
		"anchor_from": "top_left",
		"anchor_to": "top_left",

		"controls": "$container_controls" },

	"background_image@elytra_variables.global": {
		"type": "image",
		"texture": "Elytra_UI/background",
		"allow_debug_missing_texture": false,
		"fill": true,

		"anims": [
			"@elytra_animations.screen_exit_animation_push_alpha",
			"@elytra_animations.screen_exit_animation_pop_alpha",
			"@elytra_animations.screen_entrance_animation_push_alpha",
			"@elytra_animations.screen_entrance_animation_pop_alpha" ],
		"animation_reset_name": "screen_animation_reset",
		"propagate_alpha": true,

		"controls": [
			{	"white_label_background": {
					"type": "image",
					"texture": "UITextureBase/fill_white",
					"keep_ratio": false,
					"size": [ "100%c", "100%c" ],
					"anchor_from": "top_left",
					"anchor_to": "top_left",
					"layer": -2,
					"controls": [
						{	"defs_label": {
								"type": "label",
								"text": "No Background Pack or Override Background Pack\n无背景包或覆盖背景包",
								"color": "black",
								"layer": 1 }
						}
					] }
			}
		] },

	"background_image_blur@elytra_variables.global": {
		"ignored": "$is_low_memory_device",
		"type": "image",
		"texture": "Elytra_UI/background_blur",
		"allow_debug_missing_texture": false,
		"fill": true,
		"color": "$background_multiply",

		"controls": [
			{	"glass": {
					"type": "image",
					"texture": "Elytra_UI/textures/reflection_image",
					"fill": true,
					"layer": 1 }
			}
		] },

	"elytra_ui_stack": {
		"type": "stack_panel",
		"orientation": "horizontal",
		"size": [ "100%c", 16 ],
		"controls": [
			{	"elytra_icon": {
					"type": "image",
					"texture": "elytra_common/outline_icon",
					"size": [ "100%y", "100%" ] }
			}, {	"elytra_label_panel": {
					"type": "panel",
					"size": [ "100%c + 4px", "100%" ],
					"controls": [
						{	"label": {
								"type": "label",
								"text": "$elytra_ui_label" }
						}
					] }
			}
		] },

	"elytra_ui_stack_container@elytra_common.elytra_ui_stack": {
		"offset": [ 0, -4 ],
		"anchor_from": "bottom_middle",
		"anchor_to": "bottom_middle" },

	"container_background@elytra_variables.global": {
		"type": "input_panel",

		"button_mappings": [
			{	"from_button_id": "button.menu_select",
				"to_button_id": "button.cursor_drop_all",
				"mapping_type": "pressed" },
			{	"from_button_id": "button.menu_secondary_select",
				"to_button_id": "button.cursor_drop_one",
				"mapping_type": "pressed" }
		],

		"anims": [
			"@elytra_animations.inventory_exit_animation_push_alpha",
			"@elytra_animations.inventory_exit_animation_pop_alpha",
			"@elytra_animations.inventory_entrance_animation_push_alpha",
			"@elytra_animations.inventory_entrance_animation_pop_alpha" ],
		"animation_reset_name": "screen_animation_reset",
		"propagate_alpha": true,

		"controls": [
			{	"background": {
					"type": "image",
					"texture": "UITextureBase/fill_white",
					"fill": true,
					"color": "$gameplay_fading_color",
					"size": [ "100%", "100%" ],
					"anchor_from": "center",
					"anchor_to": "center",
					"alpha": "$gameplay_fading_alpha",

					"layer": -10 }
			},
			{ "logo@elytra_common.elytra_ui_stack_container": { } }
		] },

	"blur_container": {
		"type": "panel",

		"size": [ "100%", "100%" ],
		"offset": [ 0, 0 ],
		"anchor_from": "top_left",
		"anchor_to": "top_left",

		"clips_children": true,

		"$outer_offset|default": [ 0, 0 ],
		"$inner_offset|default": [ 0, 0 ],

		"controls": [
			{	"container": {
					"type": "panel",

					"size": [ "100%", "100%" ],
					"offset": "$outer_offset",
					"anchor_from": "top_left",
					"anchor_to": "top_left",

					"clips_children": true,

					"controls": [
						{	"background_image_blur@elytra_common.background_image_blur": {
								"size": [ "100%", "100%" ],
								"offset": "$inner_offset",
								"anchor_from": "top_left",
								"anchor_to": "top_left" }
						}
					] }
			}
		] },

	"blur_container_with_animation": {
		"type": "panel",

		"size": [ "100%", "100%" ],
		"offset": [ 0, 0 ],
		"anchor_from": "top_left",
		"anchor_to": "top_left",

		"clips_children": true,

		"$outer_offset|default": [ 0, 0 ],
		"$inner_offset|default": [ 0, 0 ],

		"$outer_animations|default": [ ],
		"$inner_animations|default": [ ],
		"$animation_reset|default": "screen_animation_reset",

		"anims": [ ],
		"animation_reset_name": "$animation_reset",

		"controls": [
			{	"container": {
					"type": "panel",

					"size": [ "100%", "100%" ],
					"offset": "$outer_offset",
					"anchor_from": "top_left",
					"anchor_to": "top_left",

					"clips_children": true,

					"anims": "$outer_animations",
					"animation_reset_name": "$animation_reset",

					"controls": [
						{	"background_image_blur@elytra_common.background_image_blur": {
								"size": [ "100%", "100%" ],
								"offset": "$inner_offset",
								"anchor_from": "top_left",
								"anchor_to": "top_left",

								"anims": "$inner_animations",
								"animation_reset_name": "$animation_reset" }
						}
					] }
			}
		] },

	"title_bar_layout": {
		"type": "panel",

		"size": [ "100%", "100%" ],

		"$main_control|default": "@elytra_paddings.padding_panel",
		"$header_content_panel|default": "@elytra_paddings.fill_x_padding",

		"$show_menu_button|default": false,

		"controls": [
			{	"blur_container@elytra_common.blur_container": {
					"layer": 1680,
					"offset": [ 0, 0 ],
					"$outer_offset": [ 0, "-100% + 18px" ],
					"$inner_offset": [ 0, "100% - 18px" ] }
			}, {	"header": {
					"type": "image",

					"texture": "textures/ui/white_background",
					"fill": true,
					"color": "$title_bar_color",
					"alpha": "$title_bar_alpha",

					"size": [ "100%", 18 ],
					"offset": [ 0, 0 ],
					"anchor_from": "top_left",
					"anchor_to": "top_left",

					"clips_children": true,
					"layer": 1700,

					"controls": [
						{	"header_stack_panel": {
								"type": "stack_panel",

								"orientation": "horizontal",

								"size": [ "100%", "100%" ],
								"offset": [ 0, 0 ],
								"anchor_from": "top_left",
								"anchor_to": "top_left",

								"anims": [
									"@elytra_animations.title_bar_content_exit_animation_push_offset",
									"@elytra_animations.title_bar_content_exit_animation_pop_offset",
									"@elytra_animations.title_bar_content_entrance_animation_push_offset",
									"@elytra_animations.title_bar_content_entrance_animation_pop_offset" ],
								"animation_reset_name": "screen_animation_reset",

								"controls": [
									{ "header_padding@elytra_paddings.x_4_padding": { } },
									{ "back_btn@elytra_btns.back_btn": { } },
									{ "$header_content_panel": { } }
								] }
						}
					] }
			}, {	"content": {
					"type": "panel",
					"size": [ "100%", "100% - 18px" ],
					"offset": [ 0, 18 ],
					"anchor_from": "top_left",
					"anchor_to": "top_left",
					"controls": [
						{ "$main_control": { } }
					] }
			}
		] },

	"btn_alpha_animation_highlight": {
		"anim_type": "alpha",
		"easing": "$ui_hover_animation_easing",
		"duration": "$element_hover_animation_duration",
		"from": "$highlight_alpha_from",
		"to": "$highlight_alpha_to" },

	"btn_alpha_animation_background": {
		"anim_type": "alpha",
		"easing": "$ui_hover_animation_easing",
		"duration": "$element_hover_animation_duration",
		"from": "$background_alpha_from",
		"to": "$background_alpha_to" },

	"btn_alpha_animation_border": {
		"anim_type": "alpha",
		"easing": "$ui_hover_animation_easing",
		"duration": "$element_hover_animation_duration",
		"from": "$border_alpha_from",
		"to": "$border_alpha_to" },

	"btn_color_animation_background": {
		"anim_type": "color",
		"easing": "$ui_hover_animation_easing",
		"duration": "$element_hover_animation_duration",
		"from": "$background_color_from",
		"to": "$background_color_to" },

	"btn_color_animation_border": {
		"anim_type": "color",
		"easing": "$ui_hover_animation_easing",
		"duration": "$element_hover_animation_duration",
		"from": "$border_color_from",
		"to": "$border_color_to" },

	"item_glint": {
		"type": "panel",

		"size": [ "100%", "100%" ],
		"offset": [ 0, 0 ],
		"anchor_from": "top_left",
		"anchor_to": "top_left",

		"clips_children": true,

		"controls": [
			{	"input_panel": {
					"type": "input_panel",

					"size": [ 128, 128 ],
					"offset": [ -1024, -1024 ],
					"anchor_from": "top_left",
					"anchor_to": "top_left",

					"layer": 1001,

					"consume_hover_events": false,
					"follows_cursor": true,

					"controls": [
						{	"image": {
								"type": "image",
								"texture": "Elytra_UI/textures/glint",
								"color": "$glint_color",
								"alpha": "$glint_alpha",

								"size": [ "100%", "100%" ],
								"offset": [ 0, 0 ],
								"anchor_from": "top_left",
								"anchor_to": "top_left",

								"layer": -1001 }
						}
					] }
			}
		] },

	"item_glints": {
		"type": "panel",

		"size": [ "100%", "100%" ],
		"offset": [ 0, 0 ],
		"anchor_from": "top_left",
		"anchor_to": "top_left",

		"layer": 2,

		"controls": [
			{	"top_glint@elytra_common.item_glint": {
					"size": [ "100% - 2px", 1 ],
					"offset": [ 1, 0 ] }
			}, {	"bottom_glint@elytra_common.item_glint": {
					"size": [ "100% - 2px", 1 ],
					"offset": [ 1, "100% - 1px" ] }
			}, {	"left_glint@elytra_common.item_glint": {
					"size": [ 1, "100%" ],
					"offset": [ 0, 0 ] }
			}, {	"right_glint@elytra_common.item_glint": {
					"size": [ 1, "100%" ],
					"offset": [ "100% - 1px", 0 ] }
			}
		] },

	"button_visual": {
		"type": "panel",

		// 按钮状态
		"$default_state|default": false,
		"$hover_state|default": false,
		"$pressed_state|default": false,
		"$locked_state|default": false,

		// 开关状态
		"$is_checked|default": false,
		"$is_hovered|default": false,

		"$button_text|default": "unset $button_text",
		"$button_text_color|default": "$default_button_text_color",

		"$button_text_alignment|default": "center",
		"$button_text_size|default": [ "100%", "default" ],
		"$button_text_offset|default": [ 0, 0 ],
		"$button_text_anchor|default": "center",

		"$button_icon|default": "unset $button_icon",
		"$button_icon_colored|default": "unset $button_icon_colored",
		"$button_icon_color|default": [ 1.0, 1.0, 1.0 ],

		"$button_icon_size|default": [ 12, 12 ],
		"$button_icon_offset|default": [ 0, 0 ],
		"$button_icon_anchor|default": "center",

		"$animation_reset_name|default": "",

		"size": "$button_state_size",
		"$button_state_size|default": [ "100%", "100%" ],
		"$button_content_size|default": [ "100%", "100%" ],
		"$button_surface_size|default": [ "100%", "100%" ],

		"offset": [ 0, 0 ],
		"anchor_from": "top_left",
		"anchor_to": "top_left",

		"$states_panel_variables|default": [ ],
		"variables": "$states_panel_variables",

		"controls": [
			{	"button_background": {
					"ignored": "(not $button_background)",
					"type": "image",
					"texture": "UITextureBase/fill_white",
					"color": "$button_background_color",
					"alpha": "$button_background_alpha",
					"fill": true,

					"animation_reset_name": "$animation_reset_name",

					"size": "$button_surface_size",
					"offset": [ 0, 0 ],
					"anchor_from": "top_left",
					"anchor_to": "top_left",

					"layer": 1 }
			}, {	"button_border": {
					"ignored": "(not $button_border)",
					"type": "image",
					"texture": "UITextureBase/outline",
					"color": "$button_border_color",
					"alpha": "$button_border_alpha",

					"animation_reset_name": "$animation_reset_name",

					"size": "$button_surface_size",
					"offset": [ 0, 0 ],
					"anchor_from": "top_left",
					"anchor_to": "top_left",

					"layer": 2 }
			}, {	"button_content": {
					"type": "panel",

					"size": "$button_content_size",
					"offset": [ 0, 0 ],
					"anchor_from": "top_left",
					"anchor_to": "top_left",

					"layer": 3,

					"controls": [
						{	"button_text": {
								"ignored": "($button_text = 'unset $button_text')",
								"type": "label",
								"text": "$button_text",
								"color": "$button_text_color",
								"text_alignment": "$button_text_alignment",

								"size": "$button_text_size",
								"offset": "$button_text_offset",
								"anchor_from": "$button_text_anchor",
								"anchor_to": "$button_text_anchor",

								"font_type": "$ui_font_type" }
						}, {	"button_icon": {
								"ignored": "($button_icon = 'unset $button_icon')",
								"type": "image",
								"texture": "$button_icon",
								"color": "$button_icon_color",

								"size": "$button_icon_size",
								"offset": "$button_icon_offset",
								"anchor_from": "$button_icon_anchor",
								"anchor_to": "$button_icon_anchor" }
						}, {	"button_icon_colored": {
								"ignored": "($button_icon_colored = 'unset $button_icon_colored')",
								"type": "image",
								"texture": "$button_icon_colored",
								"color": "$accent_color",

								"size": "$button_icon_size",
								"offset": "$button_icon_offset",
								"anchor_from": "$button_icon_anchor",
								"anchor_to": "$button_icon_anchor" }
						}
					] }
			}
		] },

	"scroll_view@elytra_variables.global": {
		"type": "scroll_view",
		"size": [ "100%", "100%" ],
		"anchor_from": "top_left",
		"anchor_to": "top_left",

		"consume_hover_events": false,

		"scroll_speed": 15,

		"scrollbar_track_button": "button.scrollbar_skip_track",
		"scrollbar_touch_button": "button.scrollbar_touch",

		"touch_mode": false,
		"always_listen_to_input": true,
		"always_handle_pointer": true,
		"always_handle_scrolling": false,

		"scrollbar_track": "track",
		"scrollbar_box": "box",
		"scroll_content": "scroll_content",
		"scroll_view_port": "scroll_view_port",
		"scroll_box_and_track_panel": "box_and_track_panel",

		"$scroll_content|default": "@elytra_common.empty_panel",
		"$scroll_content_size|default": [ "100%", "100%c" ],
		"button_mappings": [
			{	"from_button_id": "button.menu_select",
				"to_button_id": "button.scrollbar_touch",
				"mapping_type": "pressed",
				"button_up_right_of_first_refusal": true }
		],
		"bindings": [
			{ "binding_name": "#gesture_control_enabled" }
		],
		"controls": [
			{	"stack_panel": {
					"type": "stack_panel",
					"size": [ "100%", "100%" ],
					"orientation": "horizontal",
					"controls": [
						{	"scroll_view_port": {
								"type": "panel",
								"size": [ "fill", "100%" ],
								"clips_children": true,
								"controls": [
									{	"scroll_content": {
											"type": "panel",
											"size": "$scroll_content_size",
											"min_size": [ "100%", "100%" ],
											"anchor_from": "top_left",
											"anchor_to": "top_left",
											"controls": [
												{ "$scroll_content": { } },
												{	"top_none_panel": {
														"type": "panel",
														"size": [ "100%", 0 ],
														"anchor_from": "top_left",
														"anchor_to": "top_left",
														"controls": [
															{	"label": {
																	"type": "label",
																	"text": "eui.scrollingPanel.headerUnscrollableLabel",
																	"font_scale_factor": 1.0,
																	"size": [ "default", "default" ],
																	"max_size": [ "100%", 100 ],
																	"offset": [ 4, 0 ],
																	"anchor_from": "bottom_middle",
																	"anchor_to": "bottom_middle",
																	"layer": 2 }
															}, {	"blank_image": {
																	"type": "image",
																	"texture": "UITextureBase/fill_white",
																	"color": "black",
																	"alpha": 0.5,
																	"fill": true,
																	"size": [ "100%", 1024 ],
																	"offset": [ 0, 0 ],
																	"anchor_from": "bottom_middle",
																	"anchor_to": "bottom_middle",
																	"layer": 1 }
															}
														] }
												}, {	"bottom_none_panel": {
														"type": "panel",
														"size": [ "100%", 0 ],
														"anchor_from": "bottom_left",
														"anchor_to": "bottom_left",
														"controls": [
															{	"label": {
																	"type": "label",
																	"text": "eui.scrollingPanel.footerUnscrollableLabel",
																	"font_scale_factor": 1.0,
																	"size": [ "default", "default" ],
																	"max_size": [ "100%", 100 ],
																	"offset": [ -4, 0 ],
																	"anchor_from": "top_middle",
																	"anchor_to": "top_middle",
																	"layer": 2 }
															}, {	"blank_image": {
																	"type": "image",
																	"texture": "UITextureBase/fill_white",
																	"color": "black",
																	"alpha": 0.5,
																	"fill": true,
																	"size": [ "100%", 1024 ],
																	"offset": [ 0, 0 ],
																	"anchor_from": "top_middle",
																	"anchor_to": "top_middle",
																	"layer": 1 }
															}
														] }
												}
											] }
									}
								] }
						}, {	"box_and_track_panel": {
								"type": "panel",
								"size": [ 4, "100%" ],
								"controls": [
									{	"track": {
											"type": "scroll_track",
											"size": [ "100%", "100%" ],
											"layer": 1,
											"button_mappings": [
												{	"from_button_id": "button.menu_select",
													"to_button_id": "button.scrollbar_skip_track",
													"mapping_type": "pressed" }
											] }
									}, {	"scroll_track_image": {
											"type": "image",
											"texture": "UITextureBase/fill_white",
											"color": "$scroll_track_color",
											"alpha": "$scroll_track_alpha",
											"fill": true }
									}, {	"box": {
											"type": "scrollbar_box",
											"size": [ "100%", "100%" ],
											"anchor_from": "top_left",
											"anchor_to": "top_left",
											"layer": 3,
											"contained": true,
											"draggable": "vertical",
											"button_mappings": [
												{	"from_button_id": "button.menu_select",
													"to_button_id": "button.menu_select",
													"mapping_type": "pressed",
													"button_up_right_of_first_refusal": false }
											],
											"allow_clipping": false,
											"controls": [
												{	"scroll_box_image": {
														"type": "image",
														"texture": "UITextureBase/fill_white",
														"color": "$scroll_box_color",
														"fill": true }
												}
											] }
									}
								] }
						}
					] }
			}
		] },

	"hover_text_divider_animation": {
		"anim_type": "size",
		"easing": "$ui_animation_easing",
		"duration": "$hover_text_divider_animation_duration",
		"from": [ 0, 1 ],
		"to": [ "100%", 1 ] },

	"hover_text_core": {
		"type": "panel",

		"size": [ "100%cm", "100%c" ],
		"offset": [ 16, -8 ],
		"anchor_from": "center",
		"anchor_to": "top_left",

		"allow_clipping": false,

		"$hover_text_main_stack_orientation|default": "horizontal",
		"$hover_text_main_stack_size|default": [ "100%c", "100%cm" ],

		"$hover_text_main_stack_start_control|default": "@elytra_common.empty_panel",
		"$hover_text_main_stack_end_control|default": "@elytra_common.empty_panel",

		"$hover_text|default": "",
		"$hover_text_bindings|default": [ ],

		"$onhover|default": "",

		"controls": [
			{	"background": {
					"type": "image",
					"texture": "UITextureBase/fill_white",
					"color": "$hover_text_background_color",
					"alpha": "$hover_text_background_alpha",
					"fill": true,
					"size": [ "100%sm + 4px", "100%sm + 5px" ],
					"anchor_from": "top_left",
					"anchor_to": "top_left",
					"layer": 1 }
			}, {	"accent": {
					"type": "panel",

					"size": [ "100%sm + 4px", 1 ],
					"offset": [ 0, 0 ],
					"anchor_from": "top_left",
					"anchor_to": "top_left",

					"layer": 2,

					"controls": [
						{	"accent": {
								"type": "image",
								"texture": "UITextureBase/fill_white",
								"color": "$accent_color",
								"fill": true,

								"anims": [
									"@elytra_common.hover_text_divider_animation" ],
								"animation_reset_name": "$onhover",

								"size": [ "100%", 1 ],
								"anchor_from": "top_left",
								"anchor_to": "top_left" }
						}
					] }
			}, {	"main_stack": {
					"type": "stack_panel",
					"orientation": "$hover_text_main_stack_orientation",

					"size": "$hover_text_main_stack_size",
					"offset": [ 2, 3 ],
					"anchor_from": "top_left",
					"anchor_to": "top_left",

					"layer": 3,

					"controls": [
						{ "$hover_text_main_stack_start_control": { } },
						{	"hover_text_label": {
								"type": "label",
								"text": "$hover_text",
								"font_type": "$ui_font_type",

								"bindings": "$hover_text_bindings" }
						},
						{ "$hover_text_main_stack_end_control": { } }
					] }
			}
		] }
}