{	"namespace": "elytra_dialog",

	"_info_1": "QQ: Bugjump (3071882091)",
	"_info_2": "Bilibili: Minecraft君9a7z (1345634151)",

	"_info_3": "未经允许，禁止使用任何此资源包的代码（可参考，但禁止复制）",
	"_info_4": "原作者保留任何权益",

	"modal_dialog_popup@elytra_variables.global": {
		"type": "input_panel",
		"modal": true,
		"layer": 800,
		// "alpha": "@popup_dialog.popup_background_alpha_animation",
		// "propagate_alpha": true,

		"$button_count|default": 0,
		"$is_destructure|default": false,

		"variables": [
			{	"requires": "($three_buttons_visible or $destructive_three_buttons_visible)",
				"$button_count": 3 },
			{	"requires": "($two_buttons_visible or $destructive_two_buttons_visible)",
				"$button_count": 2 },
			{	"requires": "$single_button_visible",
				"$button_count": 1 },
			{	"requires": "($destructive_three_buttons_visible or $destructive_two_buttons_visible)",
				"$is_destructure": true }
		],

		"button_mappings": [
			{	"from_button_id": "button.menu_cancel",
				"to_button_id": "popup_dialog.escape",
				"mapping_type": "global" }
		],
		"controls": [
			{	"popup_background": {
					"type": "image",

					"texture": "UITextureBase/fill_white",
					"color": "$popup_fading_color",
					"alpha": "$popup_fading_alpha",
					"fill": true,

					"size": [ "100%", "100%" ],
					"allow_clipping": false,
					"layer": 1 }
			}, {	"blur_container@elytra_common.blur_container": {
					"offset": [ "50% - 100px", "50% - 60px" ],
					"$outer_offset": [ "-100% + 200px", "-100% + 120px" ],
					"$inner_offset": [ "50% - 100px", "50% - 60px" ],
					"layer": 6,
					"clips_children": true }
			}, {	"popup_main_panel": {
					"type": "stack_panel",
					"orientation": "vertical",
					"size": [ 200, 120 ],
					"layer": 20,
					"controls": [
						{	"title_bar_panel": {
								"type": "panel",
								"size": "$popup_title_bar_size",
								"layer": 1,
								"controls": [
									{	"clickable_panel": {
											"type": "input_panel",

											"size": [ "100%", "100%" ],
											"offset": [ 0, 0 ],
											"anchor_from": "top_left",
											"anchor_to": "top_left",

											"layer": 1,

											"button_mappings": [
												{	"from_button_id": "button.menu_select",
													"to_button_id": "button.menu_select",
													"mapping_type": "pressed" }
											] }
									}, {	"title_background": {
											"type": "image",

											"texture": "UITextureBase/fill_white",
											"color": "$popup_title_bar_background_color",
											"alpha": "$popup_title_bar_background_alpha",
											"fill": true,

											"size": [ "100%", "100%" ],
											"offset": [ 0, 0 ],
											"anchor_from": "top_left",
											"anchor_to": "top_left",

											"layer": 1 }
									}, {	"title_bar_text": {
											"type": "label",
											"text": "#modal_title_text",
											"color": "$popup_title_bar_text_color",
											"font_type": "$ui_font_type",

											"size": [ "100%", 10 ],
											"offset": [ 4, 4 ],
											"anchor_from": "top_left",
											"anchor_to": "top_left",

											"layer": 2 }
									}, {	"close_btn@elytra_btns.close_btn": {
											"$onclick": "popup_dialog.escape",
											"anchor_from": "top_right",
											"anchor_to": "top_right",
											"layer": 2 }
									}
								] }
						}, {	"content_panel": {
								"type": "panel",
								"size": [ "100%", "fill" ],
								"layer": 1,
								"controls": [
									{	"clickable_panel": {
											"type": "input_panel",

											"size": [ "100%", "100%" ],
											"offset": [ 0, 0 ],
											"anchor_from": "top_left",
											"anchor_to": "top_left",

											"layer": 1,

											"button_mappings": [
												{	"from_button_id": "button.menu_select",
													"to_button_id": "button.menu_select",
													"mapping_type": "pressed" }
											] }
									}, {	"text_background": {
											"type": "image",

											"texture": "UITextureBase/fill_white",
											"color": "$popup_content_background_color",
											"alpha": "$popup_content_background_alpha",
											"fill": true,

											"size": [ "100%", "100%" ],
											"offset": [ 0, 0 ],
											"anchor_from": "top_left",
											"anchor_to": "top_left",

											"layer": 1 }
									}, {	"text": {
											"type": "label",
											"text": "#modal_label_text",
											"color": "$popup_content_text_color",
											"font_type": "$ui_font_type",

											"size": [ "100%", "default" ],
											"offset": [ 4, 4 ],
											"anchor_from": "top_left",
											"anchor_to": "top_left",

											"layer": 2 }
									}
								] }
						}, {	"button_panel": {
								"type": "panel",
								"size": [ "100%", 22 ],
								"layer": 1,
								"controls": [
									{	"clickable_panel": {
											"type": "input_panel",

											"size": [ "100%", "100%" ],
											"offset": [ 0, 0 ],
											"anchor_from": "top_left",
											"anchor_to": "top_left",

											"layer": 1,

											"button_mappings": [
												{	"from_button_id": "button.menu_select",
													"to_button_id": "button.menu_select",
													"mapping_type": "pressed" }
											] }
									}, {	"button_background": {
											"type": "image",

											"texture": "UITextureBase/fill_white",
											"color": "$popup_buttons_background_color",
											"alpha": "$popup_buttons_background_alpha",
											"fill": true,

											"size": [ "100%", "100%" ],
											"offset": [ 0, 0 ],
											"anchor_from": "top_left",
											"anchor_to": "top_left",

											"layer": 1 }
									}, {	"button_panel": {
											"type": "stack_panel",
											"orientation": "horizontal",

											"size": [ "100%", "100%" ],
											"offset": [ 0, 0 ],
											"anchor_from": "top_left",
											"anchor_to": "top_left",

											"layer": 2,

											"controls": [
												{	"left_button@elytra_btns.base_btn": {
														"ignored": "(#button_count < 2)",
														"size": [ "fill", "100%" ],

														"$onclick": "popup_dialog.left_button",
														"$button_text": "#modal_left_button_text",

														"$default_button_background_alpha": 0.0 }
												}, {	"middle_button@elytra_btns.base_btn": {
														"ignored": "(not (#button_count = 1 or button_count = 3))",
														"size": [ "fill", "100%" ],

														"$onclick": "popup_dialog.middle_button",
														"$button_text": "#modal_middle_button_text",

														"$default_button_background_alpha": 0.0 }
												}, {	"right_button@elytra_btns.base_btn": {
														"ignored": "(#button_count < 2)",
														"size": [ "fill", "100%" ],

														"$onclick": "popup_dialog.rightcancel_button",
														"$button_text": "#modal_rightcancel_button_text",

														"$default_button_background_alpha": 0.0 }
												}
											] }
									}
								] }
						}
					] }
			}
		] }
}