{	"namespace": "elytra_gameplay",

	"_info_1": "QQ: Bugjump (3071882091)",
	"_info_2": "Bilibili: Minecraft君9a7z (1345634151)",

	"_info_3": "未经允许，禁止使用任何此资源包的代码（可参考，但禁止复制）",
	"_info_4": "原作者保留任何权益",

	"item_renderer": {
		"type": "custom",
		"renderer": "inventory_item_renderer",

		"layer": 2,

		"$item_renderer_binding_condition|default": "none",

		"bindings": [
			{	"binding_type": "collection_details",
				"binding_collection_name": "$item_collection_name" },
			{	"binding_name": "#item_id_aux",
				"binding_type": "collection",
				"binding_collection_name": "$item_collection_name",
				"binding_condition": "$item_renderer_binding_condition" },
			{	"binding_name": "#charged_item",
				"binding_type": "collection",
				"binding_collection_name": "$item_collection_name",
				"binding_condition": "$item_renderer_binding_condition" },
			{	"binding_name": "#item_custom_color",
				"binding_type": "collection",
				"binding_collection_name": "$item_collection_name",
				"binding_condition": "$item_renderer_binding_condition" },
			{	"binding_name": "#item_pickup_time",
				"binding_type": "collection",
				"binding_collection_name": "$item_collection_name",
				"binding_condition": "$item_renderer_binding_condition" },
			{	"binding_name": "#show_item_pickup",
				"binding_type": "collection",
				"binding_collection_name": "$item_collection_name",
				"binding_condition": "$item_renderer_binding_condition" },
			{	"binding_name": "#armor_trim_material",
				"binding_type": "collection",
				"binding_collection_name": "$item_collection_name",
				"binding_condition": "$item_renderer_binding_condition" },
			{	"binding_name": "#banner_patterns",
				"binding_condition": "visible",
				"binding_type": "collection",
				"binding_collection_name": "$item_collection_name" },
			{	"binding_name": "#banner_colors",
				"binding_condition": "visible",
				"binding_type": "collection",
				"binding_collection_name": "$item_collection_name" },
			{	"binding_name": "#banner_type",
				"binding_condition": "visible",
				"binding_type": "collection",
				"binding_collection_name": "$item_collection_name" },
			{	"binding_name": "#decorated_pot_sherds",
				"binding_condition": "visible",
				"binding_type": "collection",
				"binding_collection_name": "$item_collection_name" },
			{	"binding_type": "collection",
				"binding_name": "#show_item",
				"binding_name_override": "#visible",
				"binding_collection_name": "$item_collection_name",
				"binding_condition": "$item_renderer_binding_condition" },
			{	"binding_name": "#inactive_item",
				"binding_type": "collection",
				"binding_collection_name": "$item_collection_name",
				"binding_name_override": "#disabled_filter_visible",
				"binding_condition": "$item_renderer_binding_condition" },
			{	"binding_name": "#shield_is_active",
				"binding_type": "collection",
				"binding_collection_name": "$item_collection_name" },
			{	"binding_name": "#shield_base_color",
				"binding_type": "collection",
				"binding_collection_name": "$item_collection_name" },
			{	"binding_name": "#shield_base_color_hovered",
				"binding_type": "collection",
				"binding_collection_name": "$item_collection_name" },
			{	"binding_name": "#item_lodestone_tracking_handle",
				"binding_condition": "visible",
				"binding_type": "collection",
				"binding_collection_name": "$item_collection_name" },
			{	"binding_name": "#group_item_group_name",
				"binding_condition": "visible",
				"binding_type": "collection",
				"binding_collection_name": "$item_collection_name" },
			{	"binding_name": "#fade_in_icon_time_seconds",
				"binding_condition": "visible",
				"binding_type": "collection",
				"binding_collection_name": "$item_collection_name" }
		] },

	"flying_item_renderer": {
		"type": "custom",
		"renderer": "flying_item_renderer",
		"layer": 400,
		"property_bag": {
			"#flying_item_renderer": true
		} },

	"flying_item_mouse": {
		"type": "input_panel",

		"layer": 1002,
		"size": [ 16, 16 ],

		"follows_cursor": true,

		"consume_hover_events": false,

		"$durability_bar_required|default": true,
		"$storage_bar_required|default": true,

		"controls": [
			{	"item_renderer@elytra_gameplay.item_renderer": {
					"size": [ "100%", "100%" ],
					"offset": [ 0, 0 ],
					"bindings": [
						{	"binding_name": "#inventory_selected_item",
							"binding_name_override": "#item_id_aux",
							"binding_condition": "always_when_visible" },
						{	"binding_name": "#inventory_selected_item_charged_item",
							"binding_name_override": "#charged_item",
							"binding_condition": "always_when_visible" },
						{	"binding_name": "#inventory_selected_item_color",
							"binding_name_override": "#item_custom_color",
							"binding_condition": "always_when_visible" },
						{	"binding_name": "#inventory_selected_armor_trim_material",
							"binding_name_override": "#armor_trim_material",
							"binding_condition": "always_when_visible" },
						{	"binding_name": "#inventory_selected_banner_patterns",
							"binding_name_override": "#banner_patterns",
							"binding_condition": "always_when_visible" },
						{	"binding_name": "#shield_base_color_hovered",
							"binding_name_override": "#shield_base_color",
							"binding_condition": "always_when_visible" },
						{	"binding_name": "#inventory_selected_banner_colors",
							"binding_name_override": "#banner_colors",
							"binding_condition": "always_when_visible" },
						{	"binding_name": "#inventory_selected_banner_type",
							"binding_name_override": "#banner_type",
							"binding_condition": "always_when_visible" },
						{	"binding_name": "#inventory_selected_decorated_pot_sherds",
							"binding_name_override": "#decorated_pot_sherds",
							"binding_condition": "always_when_visible" }
					] }
			},
      { "durability_bar_grabbed@common.durability_bar_grabbed": {} },
      { "storage_bar_grabbed@common.storage_bar_grabbed": {} }
    ]
  },

	"item_highlight_slot_animation": {
		"anim_type": "alpha",
		"easing": "$ui_animation_easing",
		"duration": "$item_highlight_slot_animation_duration",
		"from": 0.0,
		"to": "$item_highlight_slot_alpha" },

	"item_highlight_slot_border_animation": {
		"anim_type": "alpha",
		"easing": "$ui_animation_easing",
		"duration": "$item_highlight_slot_animation_duration",
		"from": 0.0,
		"to": "$item_highlight_slot_border_alpha" },

	"item_highlight_slot_animation_reverse": {
		"anim_type": "alpha",
		"easing": "$ui_animation_easing",
		"duration": "$item_highlight_slot_animation_duration",
		"to": 0.0,
		"from": "$item_highlight_slot_alpha" },

	"item_highlight_slot_border_animation_reverse": {
		"anim_type": "alpha",
		"easing": "$ui_animation_easing",
		"duration": "$item_highlight_slot_animation_duration",
		"to": 0.0,
		"from": "$item_highlight_slot_border_alpha" },

	"quick_move_provider_item": {
		"type": "panel",

		"size": [ 0, 0 ],

		"layer": 20,

		"controls": [
			{	"take_mode_button": {
					"type": "input_panel",
					"consume_hover_events": false,

					"size": [ 24, 24 ],
					"offset": [ 0, 0 ],
					"anchor_from": "top_left",
					"anchor_to": "top_left",

					"bindings": [
						{	"binding_type": "collection_details",
							"binding_collection_name": "$item_collection_name" }
					],

					"button_mappings": [
						{	"from_button_id": "button.menu_select",
							"to_button_id": "button.container_auto_place",
							"mapping_type": "pressed",
							"consume_event": false },
						{	"from_button_id": "button.menu_ok",
							"to_button_id": "button.container_auto_place",
							"mapping_type": "pressed",
							"consume_event": false },
						{	"from_button_id": "button.controller_back",
							"to_button_id": "button.container_auto_place",
							"mapping_type": "pressed",
							"ignored": "(not $is_ps4)",
							"consume_event": false },
						{	"from_button_id": "button.menu_secondary_select",
							"to_button_id": "button.container_auto_place_one",
							"mapping_type": "pressed",
							"consume_event": false },
						{	"from_button_id": "button.controller_select",
							"to_button_id": "button.container_auto_place_one",
							"mapping_type": "pressed",
							"consume_event": false }
					] }
			}
		] },

	"quick_drop_provider_item": {
		"type": "panel",

		"size": [ 0, 0 ],

		"layer": 20,

		"controls": [
			{	"drop_mode_button": {
					"type": "input_panel",
					"consume_hover_events": false,

					"size": [ 24, 24 ],
					"offset": [ 0, 0 ],
					"anchor_from": "top_left",
					"anchor_to": "top_left",

					"bindings": [
						{	"binding_type": "collection_details",
							"binding_collection_name": "$item_collection_name" }
					],

					"button_mappings": [
						{	"from_button_id": "button.menu_select",
							"to_button_id": "button.drop_all",
							"mapping_type": "pressed",
							"consume_event": false },
						{	"from_button_id": "button.menu_ok",
							"to_button_id": "button.drop_all",
							"mapping_type": "pressed",
							"consume_event": false },
						{	"from_button_id": "button.controller_back",
							"to_button_id": "button.drop_all",
							"mapping_type": "pressed",
							"ignored": "(not $is_ps4)",
							"consume_event": false },
						{	"from_button_id": "button.menu_secondary_select",
							"to_button_id": "button.drop_one",
							"mapping_type": "pressed",
							"consume_event": false },
						{	"from_button_id": "button.controller_select",
							"to_button_id": "button.drop_one",
							"mapping_type": "pressed",
							"consume_event": false }
					] }
			}
		] },

	"slot_item@elytra_variables.global": {
		"type": "button",

		"size": [ 18, 18 ],
		"offset": [ 0, 0 ],
		"anchor_from": "top_left",
		"anchor_to": "top_left",

		"collection_index": "$index",

		"hover_control": "highlight_rending_panel",
		"layer": 1,

		"$stack_count_required|default": true,
		"$durability_bar_required|default": true,
		"$storage_bar_required|default": true,

		"$use_custom_button_mappings|default": false,

		"$item_renderer|default": "item_renderer@elytra_gameplay.item_renderer",

		"bindings": [
			{	"binding_type": "collection_details",
				"binding_collection_name": "$item_collection_name" }
		],

		"$index|default": 0,
		"$slot_hovered_to_button_id|default": "('button.item_slot_' + $item_collection_name + '_' + $index + '.hovered')",

		"$has_index_grid|default": false,

		"button_mappings": [
			{	"to_button_id": "$slot_hovered_to_button_id",
				"mapping_type": "pressed" }
		],

		"controls": [
			{	"hover_mask_button": {
					"type": "button",
					"consume_hover_events": false,

					"default_control": "hover_mask_reverse",
					"hover_control": "hover_mask",

					"controls": [
						{	"hover_mask": {
								"type": "panel",

								"controls": [
									{	"highlight_image": {
											"type": "image",

											"texture": "UITextureBase/fill_white",
											"fill": true,
											"color": "$highlight_color",
											"alpha": "$item_highlight_slot_alpha",

											"anims": [
												"@elytra_gameplay.item_highlight_slot_animation" ],
											"animation_reset_name": "$slot_hovered_to_button_id",

											"size": [ "100%", "100%" ],

											"layer": 1 }
									}, {	"border_image": {
											"type": "image",

											"texture": "UITextureBase/outline",
											"alpha": "$item_highlight_slot_border_alpha",

											"anims": [
												"@elytra_gameplay.item_highlight_slot_border_animation" ],
											"animation_reset_name": "$slot_hovered_to_button_id",

											"size": [ "100%", "100%" ],

											"layer": 2 }
									}
								] }
						}, {	"hover_mask_reverse": {
								"type": "panel",

								"controls": [
									{	"highlight_image": {
											"ignored": "(not $has_index_grid)",

											"type": "image",

											"texture": "UITextureBase/fill_white",
											"fill": true,
											"color": "$highlight_color",
											"alpha": 0.0,

											"anims": [
												"@elytra_gameplay.item_highlight_slot_animation_reverse" ],
											"animation_reset_name": "$slot_hovered_to_button_id",

											"size": [ "100%", "100%" ],

											"layer": 1 }
									}, {	"border_image": {
											"ignored": "(not $has_index_grid)",

											"type": "image",

											"texture": "UITextureBase/outline",
											"alpha": 0.0,

											"anims": [
												"@elytra_gameplay.item_highlight_slot_border_animation_reverse" ],
											"animation_reset_name": "$slot_hovered_to_button_id",

											"size": [ "100%", "100%" ],

											"layer": 2 }
									}
								] }
						}
					] }
			}, {	"normal_mode_button": {
					"ignored": "$use_custom_button_mappings",
					"type": "input_panel",
					"consume_hover_events": false,

					"bindings": [
						{	"binding_type": "collection_details",
							"binding_collection_name": "$item_collection_name" },
						{	"binding_type": "view",
							"source_control_name": "item_normal_mode_toggle",
							"source_property_name": "#toggle_state",
							"target_property_name": "#visible" }
					],

					"button_mappings": "$custom_default_button_mappings",
					"$custom_default_button_mappings|default": [
						{	"from_button_id": "button.menu_select",
							"to_button_id": "button.container_take_all_place_all",
							"mapping_type": "pressed",
							"consume_event": false },
						{	"from_button_id": "button.menu_ok",
							"to_button_id": "button.container_take_all_place_all",
							"mapping_type": "pressed",
							"consume_event": false },
						{	"from_button_id": "button.controller_back",
							"to_button_id": "button.container_take_all_place_all",
							"mapping_type": "pressed",
							"ignored": "(not $is_ps4)",
							"consume_event": false },
						{	"from_button_id": "button.menu_secondary_select",
							"to_button_id": "button.container_take_half_place_one",
							"mapping_type": "pressed",
							"consume_event": false },
						{	"from_button_id": "button.controller_select",
							"to_button_id": "button.container_take_half_place_one",
							"mapping_type": "pressed",
							"consume_event": false },
						{	"from_button_id": "button.menu_auto_place",
							"to_button_id": "button.container_auto_place",
							"mapping_type": "pressed",
							"consume_event": false },
						{	"from_button_id": "button.controller_secondary_select",
							"to_button_id": "button.container_auto_place",
							"mapping_type": "pressed",
							"consume_event": false },
						{	"from_button_id": "button.menu_inventory_drop",
							"to_button_id": "button.drop_one",
							"mapping_type": "pressed",
							"consume_event": false },
						{	"from_button_id": "button.menu_inventory_drop_all",
							"to_button_id": "button.drop_all",
							"mapping_type": "pressed",
							"consume_event": false },
						{	"from_button_id": "button.menu_select",
							"to_button_id": "button.coalesce_stack",
							"mapping_type": "double_pressed",
							"consume_event": false },
						{	"from_button_id": "button.menu_ok",
							"to_button_id": "button.coalesce_stack",
							"mapping_type": "double_pressed",
							"consume_event": false },
						{	"to_button_id": "button.shape_drawing",
							"mapping_type": "pressed",
							"consume_event": false },
						{	"to_button_id": "button.container_slot_hovered",
							"mapping_type": "pressed",
							"consume_event": false }
					] }
			}, {	"take_mode_button": {
					"ignored": "$use_custom_button_mappings",
					"type": "input_panel",
					"consume_hover_events": false,

					"bindings": [
						{	"binding_type": "collection_details",
							"binding_collection_name": "$item_collection_name" },
						{	"binding_type": "view",
							"source_control_name": "item_take_mode_toggle",
							"source_property_name": "#toggle_state",
							"target_property_name": "#visible" }
					],

					"button_mappings": [
						{	"from_button_id": "button.menu_select",
							"to_button_id": "button.container_auto_place",
							"mapping_type": "pressed",
							"consume_event": false },
						{	"from_button_id": "button.menu_ok",
							"to_button_id": "button.container_auto_place",
							"mapping_type": "pressed",
							"consume_event": false },
						{	"from_button_id": "button.controller_back",
							"to_button_id": "button.container_auto_place",
							"mapping_type": "pressed",
							"ignored": "(not $is_ps4)",
							"consume_event": false },
						{	"from_button_id": "button.menu_secondary_select",
							"to_button_id": "button.container_auto_place_one",
							"mapping_type": "pressed",
							"consume_event": false },
						{	"from_button_id": "button.controller_select",
							"to_button_id": "button.container_auto_place_one",
							"mapping_type": "pressed",
							"consume_event": false },
						{	"to_button_id": "button.container_slot_hovered",
							"mapping_type": "pressed",
							"consume_event": false }
					] }
			}, {	"drop_mode_button": {
					"ignored": "$use_custom_button_mappings",
					"type": "input_panel",
					"consume_hover_events": false,

					"bindings": [
						{	"binding_type": "collection_details",
							"binding_collection_name": "$item_collection_name" },
						{	"binding_type": "view",
							"source_control_name": "item_drop_mode_toggle",
							"source_property_name": "#toggle_state",
							"target_property_name": "#visible" }
					],

					"button_mappings": [
						{	"from_button_id": "button.menu_select",
							"to_button_id": "button.drop_all",
							"mapping_type": "pressed",
							"consume_event": false },
						{	"from_button_id": "button.menu_ok",
							"to_button_id": "button.drop_all",
							"mapping_type": "pressed",
							"consume_event": false },
						{	"from_button_id": "button.controller_back",
							"to_button_id": "button.drop_all",
							"mapping_type": "pressed",
							"ignored": "(not $is_ps4)",
							"consume_event": false },
						{	"from_button_id": "button.menu_secondary_select",
							"to_button_id": "button.drop_one",
							"mapping_type": "pressed",
							"consume_event": false },
						{	"from_button_id": "button.controller_select",
							"to_button_id": "button.drop_one",
							"mapping_type": "pressed",
							"consume_event": false },
						{	"to_button_id": "button.container_slot_hovered",
							"mapping_type": "pressed",
							"consume_event": false }
					] }
			}, {	"custom_mode_button": {
					"ignored": "(not $use_custom_button_mappings)",
					"type": "input_panel",
					"consume_hover_events": false,

					"bindings": [
						{	"binding_type": "collection_details",
							"binding_collection_name": "$item_collection_name" }
					],

					"$custom_button_mappings|default": [ ],
					"button_mappings": "$custom_button_mappings" }
			},
			{ "$item_renderer": { "size": [ 16, 16 ] } },
			{	"items_search_overlay": {
					"visible": false,
					"type": "image",
					"texture": "textures/ui/white_background",
					"keep_ratio": false,
					"alpha": 0.5,
					"color": [ 0.0, 0.0, 0.0 ],
					"layer": 37,
					"$hover_text_binding_name|default": "#hover_text",
					"property_bag": {
						"#search_box_empty": true,
						"#search_result": false },
					"bindings": [
						{	"binding_name": "$hover_text_binding_name",
							"binding_name_override": "#current_item_name",
							"binding_type": "collection",
							"binding_collection_name": "$item_collection_name" },
						{	"binding_type": "view",
							"source_control_name": "items_search_text_edit_text_control",
							"source_property_name": "#item_name",
							"target_property_name": "#search_text" },
						{	"binding_type": "view",
							"source_property_name": "(#search_text = '')",
							"target_property_name": "#search_box_empty" },
						{	"binding_type": "view",
							"source_property_name": "(not ((#current_item_name - #search_text) = #current_item_name))",
							"target_property_name": "#search_result" },
						{	"binding_type": "view",
							"source_property_name": "(not #search_result and not #search_box_empty)",
							"target_property_name": "#visible" }
					] }
			}, {	"cell_background": {
					"type": "image",
					"texture": "UITextureBase/fill_white",
					"fill": true,
					"color": "$cell_background_color",
					"alpha": "$cell_background_alpha",

					"size": [ "100%", "100%" ],

					"layer": 1 }
			}, {	"item_stack_count": {
					"ignored": "(not $stack_count_required)",
					"type": "label",

					"text": "#output_format",
					"font_type": "$ui_font_type",
					"shadow": true,

					"size": [ "default", "default" ],
					"offset": [ 0, 0 ],
					"anchor_from": "bottom_right",
					"anchor_to": "bottom_right",

					"layer": 3,

					"$stack_count_binding_name|default": "#inventory_stack_count",
					"$stack_count_binding_condition|default": "none",
					"bindings": [
						{	"binding_name": "$stack_count_binding_name",
							"binding_name_override": "#stack_count_string",
							"binding_condition": "$stack_count_binding_condition",
							"binding_type": "collection",
							"binding_collection_name": "$item_collection_name" },
						{	"binding_name": "#item_id_aux",
							"binding_type": "collection",
							"binding_collection_name": "$item_collection_name" },
						{	"binding_type": "view",
							"source_property_name": "(not (#item_id_aux = -1))",
							"target_property_name": "#has_item" },
						{	"binding_type": "view",
							"source_property_name": "(#stack_count_string = '')",
							"target_property_name": "#is_one_item" },
						{	"binding_type": "view",
							"source_property_name": "(#stack_count_string * 1)",
							"target_property_name": "#stack_count_int" },
						{	"binding_type": "view",
							"source_property_name": "('§_' + #stack_count_int)",
							"target_property_name": "#output_format" }
					] }
			}, {	"durability_bar": {
					"ignored": "(not $durability_bar_required)",
					"type": "custom",
					"renderer": "progress_bar_renderer",
					"layer": 4,
					"$durability_bar_size|default": [ 12, 1 ],
					"$durability_bar_offset|default": [ 0, 5 ],
					"offset": "$durability_bar_offset",
					"size": "$durability_bar_size",
					"property_bag": {
						"drop_shadow": true,
						"is_durability": true,
						"round_value": true },
					"bindings": [
						{	"binding_name": "#item_durability_visible",
							"binding_name_override": "#touch_progress_bar_visible",
							"binding_type": "collection",
							"binding_collection_name": "$item_collection_name" },
						{	"binding_name": "#item_durability_total_amount",
							"binding_name_override": "#progress_bar_total_amount",
							"binding_type": "collection",
							"binding_collection_name": "$item_collection_name" },
						{	"binding_name": "#item_durability_current_amount",
							"binding_name_override": "#progress_bar_current_amount",
							"binding_type": "collection",
							"binding_collection_name": "$item_collection_name" }
					] }
			}, {	"storage_bar": {
					"ignored": "(not $storage_bar_required)",
					"type": "custom",
					"renderer": "progress_bar_renderer",
					"layer": 4,
					"$durability_bar_size|default": [ 12, 1 ],
					"$durability_bar_offset|default": [ 0, 5 ],
					"offset": "$durability_bar_offset",
					"size": "$durability_bar_size",
					"primary_color": [ 0.4, 0.4, 1.0, 1.0 ],
					"full_storage_color": [ 1.0, 0.4, 0.4 ],
					"property_bag": {
						"drop_shadow": true,
						"is_storage_bar": true },
					"bindings": [
						{	"binding_name": "#item_storage_visible",
							"binding_name_override": "#progress_bar_visible",
							"binding_type": "collection",
							"binding_collection_name": "$item_collection_name" },
						{	"binding_name": "#item_storage_total_amount",
							"binding_name_override": "#progress_bar_total_amount",
							"binding_type": "collection",
							"binding_collection_name": "$item_collection_name" },
						{	"binding_name": "#item_storage_current_amount",
							"binding_name_override": "#progress_bar_current_amount",
							"binding_type": "collection",
							"binding_collection_name": "$item_collection_name" }
					] }
			}, {	"selected_image": {
					"type": "image",
					"texture": "UITextureBase/outline",

					"size": [ "100%", "100%" ],

					"layer": 5,

					"$slot_selected_binding_name|default": "#is_selected_slot",
					"bindings": "$slot_selected_bindings",
					"$slot_selected_bindings|default": [
						{	"binding_name": "$slot_selected_binding_name",
							"binding_name_override": "#visible",
							"binding_type": "collection",
							"binding_collection_name": "$item_collection_name" }
					] }
			}, {	"clipping_panel": {
					"type": "panel",

					"clips_children": true,

					"controls": [
						{	"highlight_following_panel": {
								"type": "input_panel",

								"consume_hover_events": false,
								"follows_cursor": true,

								"layer": 79,

								"controls": [
									{	"highlight_rending_panel": {
											"type": "panel",

											"size": [ 16, 16 ],

											"controls": [
												{	"hover_text_core@elytra_common.hover_text_core": {
														"$hover_text": "#text",
														"$hover_text_main_stack_orientation": "vertical",
														"$hover_text_main_stack_size": [ "100%cm", "100%c" ],

														"$hover_text_main_stack_end_control": "@elytra_gameplay.hover_text_additional_content",

														"$onhover": "$slot_hovered_to_button_id",

														"$hover_text_binding_name|default": "#hover_text",
														"$hover_text_bindings": [
															{	"binding_name": "$hover_text_binding_name",
																"binding_name_override": "#hover_text",
																"binding_type": "collection",
																"binding_collection_name": "$item_collection_name" },
															{	"binding_name": "#item_id_aux",
																"binding_type": "collection",
																"binding_collection_name": "$item_collection_name" },
															{	"binding_name": "#item_durability_total_amount",
																"binding_type": "collection",
																"binding_collection_name": "$item_collection_name" },
															{	"binding_name": "#item_durability_current_amount",
																"binding_type": "collection",
																"binding_collection_name": "$item_collection_name" },
															{	"binding_type": "view",
																"source_property_name": "(#hover_text + '\nitem_id_aux: ' + #item_id_aux)",
																"target_property_name": "#text" }
														],

														"bindings": [
															{	"binding_name": "$hover_text_binding_name",
																"binding_type": "collection",
																"binding_collection_name": "$item_collection_name" },
															{	"binding_type": "view",
																"source_property_name": "(not $hover_text_binding_name = '')",
																"target_property_name": "#visible" }
														] }
												}
											] }
									}
								] }
						}
					] }
			}
		] },

	"hover_text_additional_content": {
		"type": "stack_panel",
		"orientation": "vertical",

		"size": [ "100%sm", "100%c" ],
		"min_size": [ 80, 0 ],

		"bindings": [
			{	"binding_name": "#item_durability_visible",
				"binding_name_override": "#visible",
				"binding_type": "collection",
				"binding_collection_name": "$item_collection_name" }
		],
		"controls": [
			{	"durability_bar": {
					"ignored": "(not $durability_bar_required)",
					"type": "panel",

					"layer": 1,
					"size": [ "100%", 10 ],

					"bindings": [
						{	"binding_name": "#item_durability_visible",
							"binding_name_override": "#visible",
							"binding_type": "collection",
							"binding_collection_name": "$item_collection_name" },
						{	"binding_name": "#item_durability_visible",
							"binding_name_override": "#touch_progress_bar_visible",
							"binding_type": "collection",
							"binding_collection_name": "$item_collection_name" }
					],
					"controls": [
						{	"progress_bar_background": {
								"type": "image",

								"texture": "UITextureBase/fill_white",
								"color": [ 0.0, 0.0, 0.0 ],
								"alpha": 0.25,
								"fill": true,

								"size": [ "100%", "100%" ],
								"offset": [ 0, 0 ],
								"anchor_from": "top_left",
								"anchor_to": "top_left",

								"layer": 1 }
						}, {	"progress_bar": {
								"type": "image",

								"texture": "UITextureBase/fill_white",
								"color": [ 0.0, 0.8, 0.0 ],
								"alpha": 1.0,
								"fill": true,

								"size": [ "100%", "100%" ],
								"offset": [ 0, 0 ],
								"anchor_from": "top_left",
								"anchor_to": "top_left",
								"use_anchored_offset": true,

								"layer": 2,

								"property_bag": {
									"#size_binding_x": 1.0,
									"#size_binding_y": 1.0,
									"#anchored_offset_value_x": 0.0,
									"#anchored_offset_value_y": 0.0 },

								"bindings": [
									{	"binding_name": "#item_durability_total_amount",
										"binding_type": "collection",
										"binding_collection_name": "$item_collection_name" },
									{	"binding_name": "#item_durability_current_amount",
										"binding_type": "collection",
										"binding_collection_name": "$item_collection_name" },
									{	"binding_type": "view",
										"source_property_name": "(#item_durability_current_amount / #item_durability_total_amount - #item_durability_current_amount / #item_durability_total_amount * 2 * (#item_durability_current_amount < 0))",
										"target_property_name": "#size_binding_x" },
									{	"binding_type": "view",
										"source_property_name": "(#item_durability_current_amount / #item_durability_total_amount * (#item_durability_current_amount < 0))",
										"target_property_name": "#anchored_offset_value_x" }
								],

								"controls": [
									{	"progress_bar_overlay_1": {
											"type": "image",

											"texture": "UITextureBase/fill_white",
											"color": [ 0.8, 0.8, 0.0 ],
											"alpha": 1.0,
											"fill": true,

											"size": [ "100%", "100%" ],
											"offset": [ 0, 0 ],
											"anchor_from": "top_left",
											"anchor_to": "top_left",

											"layer": 1,

											"bindings": [
												{	"binding_name": "#item_durability_total_amount",
													"binding_type": "collection",
													"binding_collection_name": "$item_collection_name" },
												{	"binding_name": "#item_durability_current_amount",
													"binding_type": "collection",
													"binding_collection_name": "$item_collection_name" },
												{	"binding_type": "view",
													"source_property_name": "(2.0 - (#item_durability_current_amount / #item_durability_total_amount * 2))",
													"target_property_name": "#alpha" },
												{	"binding_type": "view",
													"source_property_name": "((#item_durability_current_amount / #item_durability_total_amount) > 0.5)",
													"target_property_name": "#visible" }
											] }
									}, {	"progress_bar_overlay_2": {
											"type": "image",

											"texture": "UITextureBase/fill_white",
											"color": [ 0.8, 0.0, 0.0 ],
											"alpha": 1.0,
											"fill": true,

											"size": [ "100%", "100%" ],
											"offset": [ 0, 0 ],
											"anchor_from": "top_left",
											"anchor_to": "top_left",

											"layer": 2,

											"bindings": [
												{	"binding_name": "#item_durability_total_amount",
													"binding_type": "collection",
													"binding_collection_name": "$item_collection_name" },
												{	"binding_name": "#item_durability_current_amount",
													"binding_type": "collection",
													"binding_collection_name": "$item_collection_name" },
												{	"binding_type": "view",
													"source_property_name": "(1.5 - (#item_durability_current_amount / #item_durability_total_amount * 2))",
													"target_property_name": "#alpha" }/*,
												{	"binding_type": "view",
													"source_property_name": "(not ((#item_durability_current_amount / #item_durability_total_amount) > 0.5))",
													"target_property_name": "#visible" }*/
											] }
									}
								] }
						}, {	"percentage_label": {
								"type": "label",
								"text": "#output_format",
								"property_bag": {
									"#output_total_dura_upper": 0,
									"#output_current_dura_upper": 0,
									"#output_total_dura_lower": 0,
									"#output_current_dura_lower": 0 },
								"layer": 5,
								"bindings": [
									{	"binding_name": "#item_durability_total_amount",
										"binding_type": "collection",
										"binding_collection_name": "$item_collection_name" },
									{	"binding_name": "#item_durability_current_amount",
										"binding_type": "collection",
										"binding_collection_name": "$item_collection_name" },
									{	"binding_type": "view",
										"source_property_name": "((#output_total_dura_upper * 64 - 64 < #item_durability_total_amount) - (#output_total_dura_upper * 64 + 64 > #item_durability_total_amount) + #output_total_dura_upper)",
										"target_property_name": "#output_total_dura_upper" },
									{	"binding_type": "view",
										"source_property_name": "((#output_total_dura_upper * 64 + #output_total_dura_lower < #item_durability_total_amount) - (#output_total_dura_upper * 64 + #output_total_dura_lower > #item_durability_total_amount) + #output_total_dura_lower)",
										"target_property_name": "#output_total_dura_lower" },
									{	"binding_type": "view",
										"source_property_name": "((#output_current_dura_upper * 64 - 64 < #item_durability_current_amount) - (#output_current_dura_upper * 64 + 64 > #item_durability_current_amount) + #output_current_dura_upper)",
										"target_property_name": "#output_current_dura_upper" },
									{	"binding_type": "view",
										"source_property_name": "((#output_current_dura_upper * 64 + #output_current_dura_lower < #item_durability_current_amount) - (#output_current_dura_upper * 64 + #output_current_dura_lower > #item_durability_current_amount) + #output_current_dura_lower)",
										"target_property_name": "#output_current_dura_lower" },
									{	"binding_type": "view",
										"source_property_name": "('§_' + (#output_current_dura_upper * 64 + #output_current_dura_lower) + '/' + (#output_total_dura_upper * 64 + #output_total_dura_lower))",
										"target_property_name": "#output_format" }
								] }
						}
					] }
			}
		] },

	"item_mode_button@elytra_btns.base_btn": {
		"size": [ "100%", "100%x" ],

		"consume_hover_events": true,
		"$can_touch_below": false,

		"$default_button_background_alpha": 0.0,

		"$button_icon_size": [ 20, 20 ],
		"$button_icon_offset": [ 0, 0 ],
		"$button_icon_anchor": "center" },

	"item_mode_toggle@elytra_tges.base_tge": {
		"size": [ "100%", "100%x" ],

		"consume_hover_events": true,
		"$can_touch_below": false,

		"radio_toggle_group": true,
		"toggle_group_forced_index": -1,
		"toggle_name": "item_mode_tabs",

		"$unchecked_toggle_background_alpha": 0.0,
		"$checked_toggle_background_alpha": 0.0,

		"$button_icon_size": [ 20, 20 ],
		"$button_icon_offset": [ 0, 0 ],
		"$button_icon_anchor": "center",

		"$extra_control_1": "@elytra_gameplay.accent_divider",
		"$extra_control_2": "@elytra_gameplay.accent_divider_reverse" },

	"tab_divider": {
		"type": "image",
		"texture": "UITextureBase/fill_white",
		"color": "$accent_color",
		"fill": true,

		"size": "$horizontal_layout_toggle_divider_size",
		"anchor_from": "left_middle",
		"anchor_to": "left_middle",

		"layer": 1,

		"anims": [
			"@elytra_gameplay.tabview_accent_select_animation"
		] },

	"tabview_accent_select_animation": {
		"anim_type": "size",
		"duration": 0.5,
		"easing": "$ui_animation_easing",
		"from": [ 2, 0 ],
		"to": "$horizontal_layout_toggle_divider_size" },

	"tab_divider_reverse": {
		"type": "image",
		"texture": "UITextureBase/fill_white",
		"color": "$accent_color",
		"fill": true,

		"size": "$horizontal_layout_toggle_divider_size",
		"anchor_from": "left_middle",
		"anchor_to": "left_middle",

		"layer": 1,

		"anims": [
			"@elytra_gameplay.tabview_accent_select_animation_reverse"
		] },

	"tabview_accent_select_animation_reverse": {
		"anim_type": "size",
		"duration": 0.5,
		"easing": "$ui_animation_easing",
		"to": [ 2, 0 ],
		"from": "$horizontal_layout_toggle_divider_size" },

	"accent_divider": {
		"type": "collection_panel",
		"size": [ "100%", "100%" ],
		"anchor_from": "top_left",
		"anchor_to": "top_left",
		"propagate_alpha": true,
		"layer": 10,
		"factory": {
			"name": "divider_factory",
			"control_name": "elytra_gameplay.tab_divider",
			"max_children_size": 1 },
		"bindings": [
			{	"binding_type": "view",
				"source_control_name": "$control_name",
				"source_property_name": "#toggle_state",
				"target_property_name": "#toggle_state" },
			{	"binding_type": "view",
				"source_property_name": "(1 * #toggle_state)",
				"target_property_name": "#alpha" },
			{	"binding_type": "view",
				"source_property_name": "(1 * #toggle_state)",
				"target_property_name": "#collection_length" }
		] },

	"accent_divider_reverse": {
		"type": "collection_panel",
		"size": [ "100%", "100%" ],
		"anchor_from": "top_left",
		"anchor_to": "top_left",
		"propagate_alpha": true,
		"layer": 10,
		"factory": {
			"name": "divider_reverse_factory",
			"control_name": "elytra_gameplay.tab_divider_reverse",
			"max_children_size": 1 },
		"bindings": [
			{	"binding_type": "view",
				"source_control_name": "$control_name",
				"source_property_name": "#toggle_state",
				"target_property_name": "#toggle_state" },
			{	"binding_type": "view",
				"source_property_name": "(1 * (not #toggle_state))",
				"target_property_name": "#alpha" },
			{	"binding_type": "view",
				"source_property_name": "(1 * (not #toggle_state))",
				"target_property_name": "#collection_length" }
		] },

	"inventory_grid": {
		"type": "collection_panel",
		"size": [ 162, 54 ],
		"$item_collection_name": "inventory_items",
		"collection_name": "$item_collection_name",

		"$has_index_grid": true,

		"controls": [
			{ "0@elytra_gameplay.slot_item": { "$index": 0, "offset": [ 0, 0 ] } },
			{ "1@elytra_gameplay.slot_item": { "$index": 1, "offset": [ 18, 0 ] } },
			{ "2@elytra_gameplay.slot_item": { "$index": 2, "offset": [ 36, 0 ] } },
			{ "3@elytra_gameplay.slot_item": { "$index": 3, "offset": [ 54, 0 ] } },
			{ "4@elytra_gameplay.slot_item": { "$index": 4, "offset": [ 72, 0 ] } },
			{ "5@elytra_gameplay.slot_item": { "$index": 5, "offset": [ 90, 0 ] } },
			{ "6@elytra_gameplay.slot_item": { "$index": 6, "offset": [ 108, 0 ] } },
			{ "7@elytra_gameplay.slot_item": { "$index": 7, "offset": [ 126, 0 ] } },
			{ "8@elytra_gameplay.slot_item": { "$index": 8, "offset": [ 144, 0 ] } },
			{ "9@elytra_gameplay.slot_item": { "$index": 9, "offset": [ 0, 18 ] } },
			{ "10@elytra_gameplay.slot_item": { "$index": 10, "offset": [ 18, 18 ] } },
			{ "11@elytra_gameplay.slot_item": { "$index": 11, "offset": [ 36, 18 ] } },
			{ "12@elytra_gameplay.slot_item": { "$index": 12, "offset": [ 54, 18 ] } },
			{ "13@elytra_gameplay.slot_item": { "$index": 13, "offset": [ 72, 18 ] } },
			{ "14@elytra_gameplay.slot_item": { "$index": 14, "offset": [ 90, 18 ] } },
			{ "15@elytra_gameplay.slot_item": { "$index": 15, "offset": [ 108, 18 ] } },
			{ "16@elytra_gameplay.slot_item": { "$index": 16, "offset": [ 126, 18 ] } },
			{ "17@elytra_gameplay.slot_item": { "$index": 17, "offset": [ 144, 18 ] } },
			{ "18@elytra_gameplay.slot_item": { "$index": 18, "offset": [ 0, 36 ] } },
			{ "19@elytra_gameplay.slot_item": { "$index": 19, "offset": [ 18, 36 ] } },
			{ "20@elytra_gameplay.slot_item": { "$index": 20, "offset": [ 36, 36 ] } },
			{ "21@elytra_gameplay.slot_item": { "$index": 21, "offset": [ 54, 36 ] } },
			{ "22@elytra_gameplay.slot_item": { "$index": 22, "offset": [ 72, 36 ] } },
			{ "23@elytra_gameplay.slot_item": { "$index": 23, "offset": [ 90, 36 ] } },
			{ "24@elytra_gameplay.slot_item": { "$index": 24, "offset": [ 108, 36 ] } },
			{ "25@elytra_gameplay.slot_item": { "$index": 25, "offset": [ 126, 36 ] } },
			{ "26@elytra_gameplay.slot_item": { "$index": 26, "offset": [ 144, 36 ] } }
		] },

	"hotbar_grid": {
		"type": "collection_panel",
		"size": [ 162, 18 ],
		"$item_collection_name": "hotbar_items",
		"collection_name": "$item_collection_name",

		"$has_index_grid": true,

		"controls": [
			{ "0@elytra_gameplay.slot_item": { "$index": 0, "offset": [ 0, 0 ] } },
			{ "1@elytra_gameplay.slot_item": { "$index": 1, "offset": [ 18, 0 ] } },
			{ "2@elytra_gameplay.slot_item": { "$index": 2, "offset": [ 36, 0 ] } },
			{ "3@elytra_gameplay.slot_item": { "$index": 3, "offset": [ 54, 0 ] } },
			{ "4@elytra_gameplay.slot_item": { "$index": 4, "offset": [ 72, 0 ] } },
			{ "5@elytra_gameplay.slot_item": { "$index": 5, "offset": [ 90, 0 ] } },
			{ "6@elytra_gameplay.slot_item": { "$index": 6, "offset": [ 108, 0 ] } },
			{ "7@elytra_gameplay.slot_item": { "$index": 7, "offset": [ 126, 0 ] } },
			{ "8@elytra_gameplay.slot_item": { "$index": 8, "offset": [ 144, 0 ] } }
		] },

	"container_grid": {
		"type": "collection_panel",
		"size": [ 162, 54 ],
		"$container_collection_name|default": "container_items",
		"$item_collection_name": "$container_collection_name",
		"collection_name": "$item_collection_name",

		"$has_index_grid": true,

		"controls": [
			{ "0@elytra_gameplay.slot_item": { "$index": 0, "offset": [ 0, 0 ] } },
			{ "1@elytra_gameplay.slot_item": { "$index": 1, "offset": [ 18, 0 ] } },
			{ "2@elytra_gameplay.slot_item": { "$index": 2, "offset": [ 36, 0 ] } },
			{ "3@elytra_gameplay.slot_item": { "$index": 3, "offset": [ 54, 0 ] } },
			{ "4@elytra_gameplay.slot_item": { "$index": 4, "offset": [ 72, 0 ] } },
			{ "5@elytra_gameplay.slot_item": { "$index": 5, "offset": [ 90, 0 ] } },
			{ "6@elytra_gameplay.slot_item": { "$index": 6, "offset": [ 108, 0 ] } },
			{ "7@elytra_gameplay.slot_item": { "$index": 7, "offset": [ 126, 0 ] } },
			{ "8@elytra_gameplay.slot_item": { "$index": 8, "offset": [ 144, 0 ] } },
			{ "9@elytra_gameplay.slot_item": { "$index": 9, "offset": [ 0, 18 ] } },
			{ "10@elytra_gameplay.slot_item": { "$index": 10, "offset": [ 18, 18 ] } },
			{ "11@elytra_gameplay.slot_item": { "$index": 11, "offset": [ 36, 18 ] } },
			{ "12@elytra_gameplay.slot_item": { "$index": 12, "offset": [ 54, 18 ] } },
			{ "13@elytra_gameplay.slot_item": { "$index": 13, "offset": [ 72, 18 ] } },
			{ "14@elytra_gameplay.slot_item": { "$index": 14, "offset": [ 90, 18 ] } },
			{ "15@elytra_gameplay.slot_item": { "$index": 15, "offset": [ 108, 18 ] } },
			{ "16@elytra_gameplay.slot_item": { "$index": 16, "offset": [ 126, 18 ] } },
			{ "17@elytra_gameplay.slot_item": { "$index": 17, "offset": [ 144, 18 ] } },
			{ "18@elytra_gameplay.slot_item": { "$index": 18, "offset": [ 0, 36 ] } },
			{ "19@elytra_gameplay.slot_item": { "$index": 19, "offset": [ 18, 36 ] } },
			{ "20@elytra_gameplay.slot_item": { "$index": 20, "offset": [ 36, 36 ] } },
			{ "21@elytra_gameplay.slot_item": { "$index": 21, "offset": [ 54, 36 ] } },
			{ "22@elytra_gameplay.slot_item": { "$index": 22, "offset": [ 72, 36 ] } },
			{ "23@elytra_gameplay.slot_item": { "$index": 23, "offset": [ 90, 36 ] } },
			{ "24@elytra_gameplay.slot_item": { "$index": 24, "offset": [ 108, 36 ] } },
			{ "25@elytra_gameplay.slot_item": { "$index": 25, "offset": [ 126, 36 ] } },
			{ "26@elytra_gameplay.slot_item": { "$index": 26, "offset": [ 144, 36 ] } }
		] },

	"container_grid_54": {
		"type": "collection_panel",
		"size": [ 162, 108 ],
		"$container_collection_name|default": "container_items",
		"$item_collection_name": "$container_collection_name",
		"collection_name": "$item_collection_name",

		"$has_index_grid": true,

		"controls": [
			{ "0@elytra_gameplay.slot_item": { "$index": 0, "offset": [ 0, 0 ] } },
			{ "1@elytra_gameplay.slot_item": { "$index": 1, "offset": [ 18, 0 ] } },
			{ "2@elytra_gameplay.slot_item": { "$index": 2, "offset": [ 36, 0 ] } },
			{ "3@elytra_gameplay.slot_item": { "$index": 3, "offset": [ 54, 0 ] } },
			{ "4@elytra_gameplay.slot_item": { "$index": 4, "offset": [ 72, 0 ] } },
			{ "5@elytra_gameplay.slot_item": { "$index": 5, "offset": [ 90, 0 ] } },
			{ "6@elytra_gameplay.slot_item": { "$index": 6, "offset": [ 108, 0 ] } },
			{ "7@elytra_gameplay.slot_item": { "$index": 7, "offset": [ 126, 0 ] } },
			{ "8@elytra_gameplay.slot_item": { "$index": 8, "offset": [ 144, 0 ] } },
			{ "9@elytra_gameplay.slot_item": { "$index": 9, "offset": [ 0, 18 ] } },
			{ "10@elytra_gameplay.slot_item": { "$index": 10, "offset": [ 18, 18 ] } },
			{ "11@elytra_gameplay.slot_item": { "$index": 11, "offset": [ 36, 18 ] } },
			{ "12@elytra_gameplay.slot_item": { "$index": 12, "offset": [ 54, 18 ] } },
			{ "13@elytra_gameplay.slot_item": { "$index": 13, "offset": [ 72, 18 ] } },
			{ "14@elytra_gameplay.slot_item": { "$index": 14, "offset": [ 90, 18 ] } },
			{ "15@elytra_gameplay.slot_item": { "$index": 15, "offset": [ 108, 18 ] } },
			{ "16@elytra_gameplay.slot_item": { "$index": 16, "offset": [ 126, 18 ] } },
			{ "17@elytra_gameplay.slot_item": { "$index": 17, "offset": [ 144, 18 ] } },
			{ "18@elytra_gameplay.slot_item": { "$index": 18, "offset": [ 0, 36 ] } },
			{ "19@elytra_gameplay.slot_item": { "$index": 19, "offset": [ 18, 36 ] } },
			{ "20@elytra_gameplay.slot_item": { "$index": 20, "offset": [ 36, 36 ] } },
			{ "21@elytra_gameplay.slot_item": { "$index": 21, "offset": [ 54, 36 ] } },
			{ "22@elytra_gameplay.slot_item": { "$index": 22, "offset": [ 72, 36 ] } },
			{ "23@elytra_gameplay.slot_item": { "$index": 23, "offset": [ 90, 36 ] } },
			{ "24@elytra_gameplay.slot_item": { "$index": 24, "offset": [ 108, 36 ] } },
			{ "25@elytra_gameplay.slot_item": { "$index": 25, "offset": [ 126, 36 ] } },
			{ "26@elytra_gameplay.slot_item": { "$index": 26, "offset": [ 144, 36 ] } },
			{ "27@elytra_gameplay.slot_item": { "$index": 27, "offset": [ 0, 54 ] } },
			{ "28@elytra_gameplay.slot_item": { "$index": 28, "offset": [ 18, 54 ] } },
			{ "29@elytra_gameplay.slot_item": { "$index": 29, "offset": [ 36, 54 ] } },
			{ "30@elytra_gameplay.slot_item": { "$index": 30, "offset": [ 54, 54 ] } },
			{ "31@elytra_gameplay.slot_item": { "$index": 31, "offset": [ 72, 54 ] } },
			{ "32@elytra_gameplay.slot_item": { "$index": 32, "offset": [ 90, 54 ] } },
			{ "33@elytra_gameplay.slot_item": { "$index": 33, "offset": [ 108, 54 ] } },
			{ "34@elytra_gameplay.slot_item": { "$index": 34, "offset": [ 126, 54 ] } },
			{ "35@elytra_gameplay.slot_item": { "$index": 35, "offset": [ 144, 54 ] } },
			{ "36@elytra_gameplay.slot_item": { "$index": 36, "offset": [ 0, 72 ] } },
			{ "37@elytra_gameplay.slot_item": { "$index": 37, "offset": [ 18, 72 ] } },
			{ "38@elytra_gameplay.slot_item": { "$index": 38, "offset": [ 36, 72 ] } },
			{ "39@elytra_gameplay.slot_item": { "$index": 39, "offset": [ 54, 72 ] } },
			{ "40@elytra_gameplay.slot_item": { "$index": 40, "offset": [ 72, 72 ] } },
			{ "41@elytra_gameplay.slot_item": { "$index": 41, "offset": [ 90, 72 ] } },
			{ "42@elytra_gameplay.slot_item": { "$index": 42, "offset": [ 108, 72 ] } },
			{ "43@elytra_gameplay.slot_item": { "$index": 43, "offset": [ 126, 72 ] } },
			{ "44@elytra_gameplay.slot_item": { "$index": 44, "offset": [ 144, 72 ] } },
			{ "45@elytra_gameplay.slot_item": { "$index": 45, "offset": [ 0, 90 ] } },
			{ "46@elytra_gameplay.slot_item": { "$index": 46, "offset": [ 18, 90 ] } },
			{ "47@elytra_gameplay.slot_item": { "$index": 47, "offset": [ 36, 90 ] } },
			{ "48@elytra_gameplay.slot_item": { "$index": 48, "offset": [ 54, 90 ] } },
			{ "49@elytra_gameplay.slot_item": { "$index": 49, "offset": [ 72, 90 ] } },
			{ "50@elytra_gameplay.slot_item": { "$index": 50, "offset": [ 90, 90 ] } },
			{ "51@elytra_gameplay.slot_item": { "$index": 51, "offset": [ 108, 90 ] } },
			{ "52@elytra_gameplay.slot_item": { "$index": 52, "offset": [ 126, 90 ] } },
			{ "53@elytra_gameplay.slot_item": { "$index": 53, "offset": [ 144, 90 ] } }
		] },

	"left_menu_top": {
		"type": "stack_panel",
		"orientation": "vertical",

		"controls": [
			{	"item_quick_place_container_provider": {
					"ignored": "(not $is_container_screen)",
					"type": "grid",
					"size": [ 0, 0 ],
					"grid_dimensions": [ 27, 1 ],
					"grid_item_template": "elytra_gameplay.quick_move_provider_item",
					"$item_collection_name": "inventory_items",
					"collection_name": "$item_collection_name" }
			}, {	"item_quick_place_container_visual@elytra_gameplay.item_mode_button": {
					"ignored": "(not $is_container_screen)",
					"$onhover": "button.item_quick_place_container_visual.hovered",
					"$control_name": "item_quick_place_container_visual",
					"$button_icon": "Elytra_UI/textures/take_all_to_container" }
			}, {	"item_quick_place_inventory_provider": {
					"ignored": "(not $is_container_screen)",
					"type": "grid",
					"size": [ 0, 0 ],
					"grid_dimensions": [ 54, 1 ],
					"grid_item_template": "elytra_gameplay.quick_move_provider_item",
					"$item_collection_name": "container_items",
					"collection_name": "$item_collection_name" }
			}, {	"item_quick_place_inventory_visual@elytra_gameplay.item_mode_button": {
					"ignored": "(not $is_container_screen)",
					"$onhover": "button.item_quick_place_inventory_visual.hovered",
					"$control_name": "item_quick_place_inventory_visual",
					"$button_icon": "Elytra_UI/textures/take_all_to_inventory" }
			}, {	"item_quick_drop_container_provider": {
					"ignored": "(not $is_container_screen)",
					"type": "grid",
					"size": [ 0, 0 ],
					"grid_dimensions": [ 54, 1 ],
					"grid_item_template": "elytra_gameplay.quick_drop_provider_item",
					"$item_collection_name": "container_items",
					"collection_name": "$item_collection_name" }
			}, {	"item_quick_drop_container_visual@elytra_gameplay.item_mode_button": {
					"ignored": "(not $is_container_screen)",
					"$onhover": "button.item_quick_drop_container_visual.hovered",
					"$control_name": "item_quick_drop_container_visual",
					"$button_icon": "Elytra_UI/textures/drop_all" }
			}, {	"item_quick_drop_inventory_provider": {
					"ignored": "(not $is_container_screen)",
					"type": "grid",
					"size": [ 0, 0 ],
					"grid_dimensions": [ 27, 1 ],
					"grid_item_template": "elytra_gameplay.quick_drop_provider_item",
					"$item_collection_name": "inventory_items",
					"collection_name": "$item_collection_name" }
			}, {	"item_quick_drop_inventory_visual@elytra_gameplay.item_mode_button": {
					"ignored": "(not $is_container_screen)",
					"$onhover": "button.item_quick_drop_inventory_visual.hovered",
					"$control_name": "item_quick_drop_inventory_visual",
					"$button_icon": "Elytra_UI/textures/drop_all" }
			}
		] },

	"right_menu_top": {
		"type": "stack_panel",
		"orientation": "vertical",

		"controls": [
			{	"item_normal_mode_toggle@elytra_gameplay.item_mode_toggle": {
					"toggle_group_forced_index": 0,
					"toggle_default_state": true,
					"$control_name": "item_normal_mode_toggle",
					"$button_icon": "Elytra_UI/textures/container_normal_mode" }
			}, {	"item_take_mode_toggle@elytra_gameplay.item_mode_toggle": {
					"toggle_group_forced_index": 1,
					"toggle_default_state": false,
					"$control_name": "item_take_mode_toggle",
					"$button_icon": "Elytra_UI/textures/container_take_mode" }
			}, {	"item_drop_mode_toggle@elytra_gameplay.item_mode_toggle": {
					"toggle_group_forced_index": 2,
					"toggle_default_state": false,
					"$control_name": "item_drop_mode_toggle",
					"$button_icon": "Elytra_UI/textures/container_drop_mode" }
			}
		] },

	"gameplay_layout": {
		"type": "stack_panel",
		"orientation": "vertical",
		"size": [ "100%cm", "100%c" ],

		"$is_container_screen|default": false,

		"controls": [
			{	"gameplay_top_mod_holder": {
					"type": "panel",

					"size": [ "100%sm", 0 ],

					"layer": 10,

					"controls": [
						{	"left@elytra_gameplay.left_menu_top": {
								"size": [ 24, "100%c" ],
								"offset": [ -24, 0 ],
								"anchor_from": "top_left",
								"anchor_to": "top_left" }
						}, {	"right@elytra_gameplay.right_menu_top": {
								"size": [ 24, "100%c" ],
								"offset": [ 24, 0 ],
								"anchor_from": "top_right",
								"anchor_to": "top_right" }
						}
					] }
			}, {	"gameplay_title_bar": {
					"type": "panel",

					"size": "$gameplay_title_bar_size",

					"layer": 1,

					"controls": [
						{	"clickable_panel": {
								"type": "input_panel",

								"size": [ "100%", "100%" ],
								"offset": [ 0, 0 ],
								"anchor_from": "top_left",
								"anchor_to": "top_left",

								"layer": 1,

								"button_mappings": [
									{	"from_button_id": "button.menu_select",
										"to_button_id": "button.menu_select",
										"mapping_type": "pressed" }
								] }
						}, {	"title_background": {
								"type": "image",

								"texture": "UITextureBase/fill_white",
								"color": "$gameplay_title_bar_background_color",
								"alpha": "$gameplay_title_bar_background_alpha",
								"fill": true,

								"size": [ "100%", "100%" ],
								"offset": [ 0, 0 ],
								"anchor_from": "top_left",
								"anchor_to": "top_left",

								"layer": 1 }
						}, {	"title_bar_icon": {
								"type": "image",
								"texture": "$screen_icon",

								"size": [ 16, 16 ],
								"offset": [ 1, 1 ],
								"anchor_from": "top_left",
								"anchor_to": "top_left",

								"layer": 2 }
						}, {	"title_bar_text": {
								"type": "label",
								"text": "$title_text",
								"font_type": "$ui_font_type",

								"size": [ "100%", 10 ],
								"offset": [ 18, 4 ],
								"anchor_from": "top_left",
								"anchor_to": "top_left",

								"layer": 2 }
						}, {	"item_search_text_edit@elytra_common.text_edit_box": {
								"$text_box_name": "items_search_text_edit",
								"$text_edit_binding_name": "#items_search_text_edit",
								"$text_box_enabled_binding_name": "#items_search_text_edit_enabled",
								"$text_edit_text_control": "items_search_text_edit_text_control",
								"$text_edit_box_content_binding_name": "#items_search_text_edit_text",
								"$place_holder_text": "container.searchTextBox.placeHolderText",
								"$onhover": "button.item_search_text_edit.onhover",
								"size": [ 80, 16 ],
								"offset": [ -19, 1 ],
								"anchor_from": "top_right",
								"anchor_to": "top_right",
								"layer": 2 }
						}, {	"close_btn@elytra_btns.close_btn": {
								"anchor_from": "top_right",
								"anchor_to": "top_right",
								"layer": 2 }
						}
					] }
			},
			{ "title_padding@elytra_paddings.y_4_padding": { } },
			{ "$gameplay_main_control": { } },
			{ "gameplay_padding@elytra_paddings.y_4_padding": { } },
			{ "inventory@elytra_gameplay.inventory_grid": { } },
			{ "player_items_padding@elytra_paddings.y_4_padding": { } },
			{ "hotbar@elytra_gameplay.hotbar_grid": { } }
		] }
}