{	"namespace": "elytra_paddings",

	"_info_1": "QQ: Bugjump (3071882091)",
	"_info_2": "Bilibili: Minecraft君9a7z (1345634151)",

	"_info_3": "未经允许，禁止使用任何此资源包的代码（可参考，但禁止复制）",
	"_info_4": "原作者保留任何权益",

	"padding_panel@elytra_common.empty_panel": { },

	"fill_x_padding@elytra_paddings.padding_panel": {
		"size": [ "fill", 0 ] },

	"fill_y_padding@elytra_paddings.padding_panel": {
		"size": [ 0, "fill" ] },

	"x_24_padding@elytra_paddings.padding_panel": {
		"size": [ 24, 0 ] },

	"x_16_padding@elytra_paddings.padding_panel": {
		"size": [ 16, 0 ] },

	"x_8_padding@elytra_paddings.padding_panel": {
		"size": [ 8, 0 ] },

	"x_4_padding@elytra_paddings.padding_panel": {
		"size": [ 4, 0 ] },

	"x_2_padding@elytra_paddings.padding_panel": {
		"size": [ 2, 0 ] },

	"y_24_padding@elytra_paddings.padding_panel": {
		"size": [ 0, 24 ] },

	"y_16_padding@elytra_paddings.padding_panel": {
		"size": [ 0, 16 ] },

	"y_8_padding@elytra_paddings.padding_panel": {
		"size": [ 0, 8 ] },

	"y_4_padding@elytra_paddings.padding_panel": {
		"size": [ 0, 4 ] },

	"y_2_padding@elytra_paddings.padding_panel": {
		"size": [ 0, 2 ] }
}