{	"namespace": "elytra_sidebar",

	"_info_1": "QQ: Bugjump (3071882091)",
	"_info_2": "Bilibili: Minecraft君9a7z (1345634151)",

	"_info_3": "未经允许，禁止使用任何此资源包的代码（可参考，但禁止复制）",
	"_info_4": "原作者保留任何权益",

	"sidebar_btn@elytra_btns.base_btn": {
		"size": "$sidebar_item_size",

		"consume_hover_events": false,

		"$default_button_background_alpha": 0.0,

		"$button_text_alignment": "left",
		"$button_text_size": [ "100% - 30px", "default" ],
		"$button_text_offset": [ 30, 0 ],
		"$button_text_anchor": "left_middle",

		"$button_icon_offset": [ 9, 0 ],
		"$button_icon_anchor": "left_middle" },

	"sidebar_tge@elytra_tges.base_tge": {
		"size": "$sidebar_item_size",

		"consume_hover_events": false,

		"$control_name|default": "",

		"radio_toggle_group": "$radio_toggle_group",
		"toggle_group_forced_index": "$toggle_group_forced_index",
		"toggle_name": "$toggle_name",

		"$radio_toggle_group|default": true,
		"$toggle_group_forced_index|default": -1,
		"$toggle_name|default": "toggle",

		"$unchecked_toggle_background_alpha": 0.0,
		"$checked_toggle_background_alpha": 0.0,

		"$button_text_alignment": "left",
		"$button_text_size": [ "100% - 30px", "default" ],
		"$button_text_offset": [ 30, 0 ],
		"$button_text_anchor": "left_middle",

		"$button_icon_offset": [ 9, 0 ],
		"$button_icon_anchor": "left_middle",

		"$extra_control_1": "@elytra_sidebar.accent_divider",
		"$extra_control_2": "@elytra_sidebar.accent_divider_reverse" },

	"tab_divider": {
		"type": "image",
		"texture": "UITextureBase/fill_white",
		"color": "$accent_color",
		"fill": true,

		"size": "$horizontal_layout_toggle_divider_size",
		"anchor_from": "left_middle",
		"anchor_to": "left_middle",

		"layer": 1,

		"anims": [
			"@elytra_sidebar.tabview_accent_select_animation"
		] },

	"tabview_accent_select_animation": {
		"anim_type": "size",
		"duration": 0.5,
		"easing": "$ui_animation_easing",
		"from": [ 2, 0 ],
		"to": "$horizontal_layout_toggle_divider_size" },

	"tab_divider_reverse": {
		"type": "image",
		"texture": "UITextureBase/fill_white",
		"color": "$accent_color",
		"fill": true,

		"size": "$horizontal_layout_toggle_divider_size",
		"anchor_from": "left_middle",
		"anchor_to": "left_middle",

		"layer": 1,

		"anims": [
			"@elytra_sidebar.tabview_accent_select_animation_reverse"
		] },

	"tabview_accent_select_animation_reverse": {
		"anim_type": "size",
		"duration": 0.5,
		"easing": "$ui_animation_easing",
		"to": [ 2, 0 ],
		"from": "$horizontal_layout_toggle_divider_size" },

	"accent_divider": {
		"type": "collection_panel",
		"size": [ "100%", "100%" ],
		"anchor_from": "top_left",
		"anchor_to": "top_left",
		"propagate_alpha": true,
		"layer": 10,
		"factory": {
			"name": "divider_factory",
			"control_name": "elytra_sidebar.tab_divider",
			"max_children_size": 1 },
		"bindings": [
			{	"binding_type": "view",
				"source_control_name": "$control_name",
				"source_property_name": "#toggle_state",
				"target_property_name": "#toggle_state" },
			{	"binding_type": "view",
				"source_control_name": "('verbose_' + $control_name)",
				"source_property_name": "#toggle_state",
				"target_property_name": "#verbose_toggle_state" },
			{	"binding_type": "view",
				"source_property_name": "(1 * (#toggle_state or #verbose_toggle_state))",
				"target_property_name": "#alpha" },
			{	"binding_type": "view",
				"source_property_name": "(1 * (#toggle_state or #verbose_toggle_state))",
				"target_property_name": "#collection_length" }
		] },

	"accent_divider_reverse": {
		"type": "collection_panel",
		"size": [ "100%", "100%" ],
		"anchor_from": "top_left",
		"anchor_to": "top_left",
		"propagate_alpha": true,
		"layer": 10,
		"factory": {
			"name": "divider_reverse_factory",
			"control_name": "elytra_sidebar.tab_divider_reverse",
			"max_children_size": 1 },
		"bindings": [
			{	"binding_type": "view",
				"source_control_name": "$control_name",
				"source_property_name": "#toggle_state",
				"target_property_name": "#toggle_state" },
			{	"binding_type": "view",
				"source_control_name": "('verbose_' + $control_name)",
				"source_property_name": "#toggle_state",
				"target_property_name": "#verbose_toggle_state" },
			{	"binding_type": "view",
				"source_property_name": "(1 * (not (#toggle_state or #verbose_toggle_state)))",
				"target_property_name": "#alpha" },
			{	"binding_type": "view",
				"source_property_name": "(1 * (not (#toggle_state or #verbose_toggle_state)))",
				"target_property_name": "#collection_length" }
		] },

	"sidebar_background": {
		"type": "image",
		"texture": "UITextureBase/fill_white",
		"color": "$sidebar_background_color",
		"alpha": "$sidebar_background_alpha",
		"fill": true,

		"size": [ "100%", "100%" ],
		"offset": [ 0, 0 ],
		"anchor_from": "top_left",
		"anchor_to": "top_left" },

	"sidebar_fade_din": {
		"type": "image",
		"texture": "UITextureBase/fill_white",
		"color": "$sidebar_fade_dim_color",
		"alpha": "$sidebar_fade_dim_alpha",
		"fill": true,

		"size": [ "100%", "100%" ],
		"offset": [ 0, 0 ],
		"anchor_from": "top_left",
		"anchor_to": "top_left" },

	"sidebar_content_panel": {
		"type": "stack_panel",
		"orientation": "vertical",

		"size": [ 70, "100%" ],
		"offset": [ 0, 0 ],
		"anchor_from": "top_left",
		"anchor_to": "top_left",

		"controls": [
			{	"header_padding": {
					"ignored": "(not $screen_has_title)",
					"type": "panel",
					"size": [ "100%", 18 ] }
			}, {	"$sidebar_toggle_name@elytra_sidebar.sidebar_tge": {
					"toggle_name": "sidebar_state_toggle",
					"radio_toggle_group": true,
					"toggle_group_forced_index": "$sidebar_index",

					"variables": [
						{	"requires": "(not $is_verbose)",
							"$onclick": "button.sidebar_expand" },
						{	"requires": "$is_verbose",
							"$onclick": "button.sidebar_collapse" }
					],

					"$onhover": "button.on_hovered",

					"$can_touch_below": false,

					"$extra_control_1": "@elytra_common.empty_panel",
					"$extra_control_2": "@elytra_common.empty_panel",
					"$button_icon": "textures/ui/sidebar_icons/sidebar_menu_icon",

					"bindings": [
						{	"binding_type": "view",
							"source_property_name": "(not #toggle_state)",
							"target_property_name": "#visible" }
					] }
			},
			{ "$sidebar_header_content": { } },
			{ "scroll_view@elytra_common.scroll_view": { "size": [ "100%", "fill" ] } },
			{	"button_padding": {
					"type": "panel",
					"size": [ "100%", 4 ] }
			}, {	"verbose_screen_nav_option_panel": {
					"type": "panel",
					"size": "$sidebar_item_size",
					"anchor_from": "bottom_left",
					"anchor_to": "bottom_left",
					"controls": [
						{	"verbose_nav_button@elytra_sidebar.sidebar_btn": {
								"ignored": "(not $show_sidebar_button)",
								"$button_text": "$sidebar_button_button_text",
								"$onclick": "$sidebar_button_onclick",
								"$button_icon": "$sidebar_button_button_icon",
								"$button_icon_size": "$sidebar_button_button_icon_size",
								"$button_icon_offset": "$sidebar_button_button_icon_offset",
								"$button_icon_anchor": "$sidebar_button_button_icon_anchor" }
						}
					] }
			}
		] },

	"sidebar_collapse_animation": {
		"anim_type": "size",
		"easing": "$sidebar_animation_easing",
		"duration": "$sidebar_animation_duration",
		"from": [ 140, "100%" ],
		"to": [ 30, "100%" ] },

	"sidebar_expand_animation": {
		"anim_type": "size",
		"easing": "$sidebar_animation_easing",
		"duration": "$sidebar_animation_duration",
		"from": [ 30, "100%" ],
		"to": [ 140, "100%" ] },

	"sidebar_panel@elytra_variables.global": {
		"type": "panel",
		"layer": 500,

		"controls": [
			{	"simple_sidebar": {
					"type": "input_panel",
					"consume_hover_events": false,

					"size": [ "100%", "100%" ],

					"propagate_alpha": true,

					"$sidebar_toggle_name": "sidebar_state_toggle_control",
					"$sidebar_index": 1,
					"$is_verbose": false,

					"variables": "$sidebar_variables",

					"bindings": [
						{	"binding_type": "view",
							"source_control_name": "sidebar_state_toggle_control",
							"source_property_name": "((not #toggle_state) * 1)",
							"target_property_name": "#alpha" },
						{	"binding_type": "view",
							"source_control_name": "sidebar_state_toggle_control",
							"source_property_name": "(not #toggle_state)",
							"target_property_name": "#enabled" }
					],

					"controls": [
						{	"blur_container@elytra_common.blur_container": {
								"ignored": "(not $show_blur_background)",
								"layer": 1,
								"$outer_offset": [ "-100% + 30px", 0 ],
								"$inner_offset": [ "100% - 30px", 0 ] }
						}, {	"sidebar_background@elytra_sidebar.sidebar_background": {
								"size": [ 30, "100%" ],
								"anims": [ "@elytra_sidebar.sidebar_collapse_animation" ],
								"animation_reset_name": "button.sidebar_collapse",
								"layer": 3 }
						}, {	"sidebar_content_panel@elytra_sidebar.sidebar_content_panel": {
								"size": [ 30, "100%" ],
								"anims": [ "@elytra_sidebar.sidebar_collapse_animation" ],
								"animation_reset_name": "button.sidebar_collapse",
								"layer": 4 }
						}
					] }
			}, {	"verbose_sidebar": {
					"type": "input_panel",
					"consume_hover_events": false,

					"size": [ "100%", "100%" ],

					"propagate_alpha": true,

					"$sidebar_toggle_name": "sidebar_state_toggle_verbosed_control",
					"$sidebar_index": 0,
					"$is_verbose": true,

					"variables": "$sidebar_variables",

					"bindings": [
						{	"binding_type": "view",
							"source_control_name": "sidebar_state_toggle_control",
							"source_property_name": "(#toggle_state * 1)",
							"target_property_name": "#alpha" },
						{	"binding_type": "view",
							"source_control_name": "sidebar_state_toggle_control",
							"source_property_name": "#toggle_state",
							"target_property_name": "#enabled" },
						{	"binding_type": "view",
							"source_control_name": "sidebar_state_toggle_control",
							"source_property_name": "#toggle_state",
							"target_property_name": "#modal" }
					],

					"controls": [
						{	"fade_dim_toggle@elytra_tges.base_tge": {
								"layer": 1,
								"$unchecked_control": "@elytra_sidebar.sidebar_fade_din",
								"$unchecked_hover_control": "@elytra_sidebar.sidebar_fade_din",

								"$onclick": "button.sidebar_collapse",

								"consume_hover_events": false,

								"toggle_name": "sidebar_state_toggle",
								"radio_toggle_group": true,
								"toggle_group_forced_index": 0,

								"button_mappings": [
									{	"from_button_id": "button.menu_select",
										"to_button_id": "$onclick",
										"mapping_type": "global",
										"consume_event": "(not $can_touch_below)" },
									{	"from_button_id": "button.menu_cancel",
										"to_button_id": "$onclick",
										"mapping_type": "global",
										"consume_event": "(not $can_touch_below)" }
								],

								"bindings": [
									{	"binding_type": "view",
										"source_control_name": "sidebar_state_toggle_control",
										"source_property_name": "#toggle_state",
										"target_property_name": "#visible" }
								] }
						}, {	"blur_container@elytra_common.blur_container": {
								"ignored": "(not $show_blur_background)",
								"layer": 2,
								"$outer_offset": [ "-100% + 140px", 0 ],
								"$inner_offset": [ "100% - 140px", 0 ] }
						}, {	"sidebar_background@elytra_sidebar.sidebar_background": {
								"size": [ 140, "100%" ],
								"anims": [ "@elytra_sidebar.sidebar_expand_animation" ],
								"animation_reset_name": "button.sidebar_expand",
								"layer": 4 }
						}, {	"sidebar_content_panel@elytra_sidebar.sidebar_content_panel": {
								"size": [ 140, "100%" ],
								"anims": [ "@elytra_sidebar.sidebar_expand_animation" ],
								"animation_reset_name": "button.sidebar_expand",
								"layer": 5 }
						}
					] }
			}
		] },

	"content_panel": {
		"type": "stack_panel",
		"orientation": "horizontal",
		"size": [ "100%", "100%" ],
		"controls": [
			{ "sidebar_padding@elytra_paddings.padding_panel": { "size": [ 30, "100%" ] } },
			{	"content_panel": {
					"type": "panel",
					"size": [ "fill", "100%" ],
					"controls": [
						{ "$main_screen_content": { } }
					] }
			}
		] },

	"sidebar_view": {
		"type": "panel",

		"$sidebar_variables|default": [
			{	"requires": "(not $is_verbose)"
				/* simple state variables */ },
			{	"requires": "$is_verbose"
				/* verbose state variables */ }
		],

		"$sidebar_item_size|default": [ "100%", 24 ],
		"$scroll_content": "@elytra_common.vertical_fits_container",

		"$show_sidebar_button|default": false,
		"$sidebar_button_onclick|default": "",
		"$sidebar_button_button_text|default": "",
		"$sidebar_button_button_icon|default": "",
		"$sidebar_button_button_icon_size|default": [ 12, 12 ],
		"$sidebar_button_button_icon_offset|default": [ 9, 0 ],
		"$sidebar_button_button_icon_anchor|default": "left_middle",

		"$screen_has_title|default": false,
		"$show_blur_background|default": true,
		"$sidebar_header_content|default": "@elytra_paddings.padding_panel",

		"$main_screen_content|default": "@elytra_common.empty_panel",

		"controls": [
			{ "sidebar_panel@elytra_sidebar.sidebar_panel": { } },
			{ "content_panel@elytra_sidebar.content_panel": { } }
		] }
}