{	"namespace": "elytra_slider",

	"_info_1": "QQ: Bugjump (3071882091)",
	"_info_2": "Bilibili: Minecraft君9a7z (1345634151)",

	"_info_3": "未经允许，禁止使用任何此资源包的代码（可参考，但禁止复制）",
	"_info_4": "原作者保留任何权益",

	"base_slider@elytra_variables.global": {
		"type": "slider",

		"size": [ "100%", 16 ],

		"layer": 3,

		"$control_name|default": "slider_control",

		"slider_track_button": "$ondrag",

		"$ondrag|default": "button.slider_drag",
		"$onhover|default": "('button.' + $control_name + '.hovered')",
		"$onselect|default": "button.slider_select",
		"$ondeselect|default": "button.slider_deselect",

		"slider_selected_button": "$onselect",
		"slider_deselected_button": "$ondeselect",

		"slider_direction": "horizontal",
		"slider_box_control": "slider_box",
		"default_control": "slider_bar_default",
		"hover_control": "slider_bar_hover",
		"background_control": "slider_background",
		"background_hover_control": "slider_background_hover",
		"progress_control": "slider_progress",
		"progress_hover_control": "slider_progress_hover",

		"consume_hover_events": false,

		"$slider_text|default": "unset $slider_text",
		"$slider_text_color|default": [ 1.0, 1.0, 1.0 ],

		"$slider_text_alignment|default": "center",
		"$slider_text_size|default": [ "100%", "default" ],
		"$slider_text_offset|default": [ 0, 0 ],
		"$slider_text_anchor|default": "center",

		"slider_steps": 1.0,

		"property_bag": {
			"#slider_steps": 1.0,
			"#slider_value": 0.25 },

		"button_mappings": [
			{	"from_button_id": "button.menu_select",
				"to_button_id": "$ondrag",
				"mapping_type": "pressed",
				"button_up_right_of_first_refusal": true,
				"consume_event": false },
			{	"to_button_id": "$onhover",
				"mapping_type": "pressed",
				"consume_event": false },
			{	"from_button_id": "button.menu_ok",
				"to_button_id": "$onselect",
				"mapping_type": "focused",
				"consume_event": false },
			{	"from_button_id": "button.menu_cancel",
				"to_button_id": "$ondeselect",
				"mapping_type": "focused",
				"consume_event": false }
		],

		"controls": [
			{	"slider_bar_default": {
					"type": "panel",
					"size": [ "100%", "100%" ],
					"controls": [
						{	"slider_background": {
								"type": "image",

								"texture": "UITextureBase/fill_white",
								"color": "@elytra_common.btn_color_animation_background",
								"alpha": "@elytra_common.btn_alpha_animation_background",
								"fill": true,

								"$background_color_from": "$slider_background_color_hover",
								"$background_color_to": "$slider_background_color",
								"$background_alpha_from": "$slider_background_alpha_hover",
								"$background_alpha_to": "$slider_background_alpha",
								"animation_reset_name": "$onhover",

								"layer": 1 }
						}, {	"slider_progress": {
								"type": "image",

								"texture": "UITextureBase/fill_white",
								"color": "@elytra_common.btn_color_animation_background",
								"alpha": "@elytra_common.btn_alpha_animation_background",
								"fill": true,

								"$background_color_from": "$slider_progress_color_hover",
								"$background_color_to": "$slider_progress_color",
								"$background_alpha_from": "$slider_progress_alpha_hover",
								"$background_alpha_to": "$slider_progress_alpha",
								"animation_reset_name": "$onhover",

								"clip_direction": "left",
								"clip_pixelperfect": false,

								"layer": 2 }
						}, {	"slider_border": {
								"type": "image",

								"texture": "UITextureBase/outline",
								"alpha": "@elytra_common.btn_alpha_animation_border",

								"$border_alpha_from": 0.5,
								"$border_alpha_to": 0.0,
								"animation_reset_name": "$onhover",

								"layer": 3 }
						}
					] }
			}, {	"slider_bar_hover": {
					"type": "panel",
					"size": [ "100%", "100%" ],
					"controls": [
						{	"slider_background_hover": {
								"type": "image",

								"texture": "UITextureBase/fill_white",
								"color": "@elytra_common.btn_color_animation_background",
								"alpha": "@elytra_common.btn_alpha_animation_background",
								"fill": true,

								"$background_color_from": "$slider_background_color",
								"$background_color_to": "$slider_background_color_hover",
								"$background_alpha_from": "$slider_background_alpha",
								"$background_alpha_to": "$slider_background_alpha_hover",
								"animation_reset_name": "$onhover",

								"layer": 1 }
						}, {	"slider_progress_hover": {
								"type": "image",

								"texture": "UITextureBase/fill_white",
								"color": "@elytra_common.btn_color_animation_background",
								"alpha": "@elytra_common.btn_alpha_animation_background",
								"fill": true,

								"$background_color_from": "$slider_progress_color",
								"$background_color_to": "$slider_progress_color_hover",
								"$background_alpha_from": "$slider_progress_alpha",
								"$background_alpha_to": "$slider_progress_alpha_hover",
								"animation_reset_name": "$onhover",

								"clip_direction": "left",
								"clip_pixelperfect": false,

								"layer": 2 }
						}, {	"slider_border": {
								"type": "image",

								"texture": "UITextureBase/outline",
								"alpha": "@elytra_common.btn_alpha_animation_border",

								"$border_alpha_from": 0.0,
								"$border_alpha_to": 0.5,
								"animation_reset_name": "$onhover",

								"layer": 3 }
						}
					] }
			}, {	"slider_box_panel": {
					"type": "panel",
					"size": [ "100%", "100%" ],
					"offset": [ 0, 0 ],
					"anchor_from": "top_left",
					"anchor_to": "top_left",
					"controls": [
						{	"slider_box": {
								"type": "slider_box",
								"consume_hover_events": false,
								"size": [ 4, "100%" ],
								"anchor_from": "center",
								"anchor_to": "center",
								"default_control": "default",
								"hover_control": "hover",
								// "indent_control": "indent",
								// "locked_control": "locked",
								"controls": [
									{	"default": {
											"type": "image",

											"texture": "UITextureBase/fill_white",
											"color": "$slider_box_color_default",
											"fill": true,

											"layer": 4 }
									}, {	"hover": {
											"type": "image",

											"texture": "UITextureBase/fill_white",
											"color": "$slider_box_color_hover",
											"fill": true,

											"layer": 4 }
									}
								] }
						}
					] }
			}, {	"slider_text": {
					"ignored": "($slider_text = 'unset $slider_text')",
					"type": "label",
					"text": "$slider_text",
					"color": "$slider_text_color",
					"text_alignment": "$slider_text_alignment",
					"font_type": "$ui_font_type",

					"size": "$slider_text_size",
					"offset": "$slider_text_offset",
					"anchor_from": "$slider_text_anchor",
					"anchor_to": "$slider_text_anchor",

					"layer": 5 }
			},
			{ "item_glints@elytra_common.item_glints": { "size": "$glint_size" } }
		] }

}