{	"namespace": "elytra_tges",

	"_info_1": "QQ: Bugjump (3071882091)",
	"_info_2": "Bilibili: Minecraft君9a7z (1345634151)",

	"_info_3": "未经允许，禁止使用任何此资源包的代码（可参考，但禁止复制）",
	"_info_4": "原作者保留任何权益",

	"base_tge@elytra_variables.global": {
		"type": "toggle",

		"$unchecked_control|default": "unchecked@elytra_tges.visual_unchecked",
		"$checked_control|default": "checked@elytra_tges.visual_checked",
		"$unchecked_hover_control|default": "unchecked_hover@elytra_tges.visual_unchecked_hover",
		"$checked_hover_control|default": "checked_hover@elytra_tges.visual_checked_hover",

		"unchecked_control": "unchecked",
		"checked_control": "checked",
		"unchecked_hover_control": "unchecked_hover",
		"checked_hover_control": "checked_hover",

		"sound_name": "$sound_name",
		"$sound_name|default": "random.click",
		"sound_pitch": "$sound_pitch",
		"$sound_pitch|default": 4.0,

		"$onclick|default": "('button.' + $control_name)",
		"$onclickdouble|default": "",
		"$onhover|default": "($onclick + '.hovered')",

		"$can_touch_below|default": true,

		"$control_name|default": "toggle_control",

		"$extra_control_1|default": "@elytra_common.empty_panel",
		"$extra_control_2|default": "@elytra_common.empty_panel",
		"$extra_control_3|default": "@elytra_common.empty_panel",

		"$glint_size|default": [ "100%", "100%" ],

		"button_mappings": [
			{	"from_button_id": "button.menu_select",
				"to_button_id": "$onclick",
				"mapping_type": "pressed",
				"consume_event": "(not $can_touch_below)" },
			{	"from_button_id": "button.menu_select",
				"to_button_id": "$onclickdouble",
				"mapping_type": "double_pressed",
				"consume_event": "(not $can_touch_below)" },
			{	"to_button_id": "$onhover",
				"mapping_type": "pressed" }
		],

		"controls": [
			{ "$unchecked_control": { } },
			{ "$checked_control": { } },
			{ "$unchecked_hover_control": { } },
			{ "$checked_hover_control": { } },
			{ "$extra_control_1": { } },
			{ "$extra_control_2": { } },
			{ "$extra_control_3": { } },
			{ "item_glints@elytra_common.item_glints": { "size": "$glint_size" } }
		] },

	"back_tge@elytra_tges.base_tge": {
		"$button_icon": "Elytra_UI/textures/title_back",
		"$button_icon_size": [ 28, 18 ],
		"$button_icon_anchor": "top_left",

		"$button_text_size": [ "default", "default" ],
		"$button_text_offset": [ 32, 0 ],
		"$button_text_anchor": "left_middle",

		"$default_button_background_alpha": 0.0,

		"size": [ "100%cm", 18 ],
		"$button_surface_size": [ "100%sm", "100%" ],
		"$button_state_size": [ "100%cm", 18 ],
		"$glint_size": [ "100%sm", 18 ],
		"$button_content_size": [ "100%c + 12px", 18 ] },

	"menu_tge@elytra_tges.base_tge": {
		"$button_icon": "Elytra_UI/textures/title_menu",
		"$button_icon_size": [ 18, 18 ],
		"$button_icon_anchor": "top_left",

		"$default_button_background_alpha": 0.0,

		"size": [ 18, 18 ] },

	"visual_unchecked@elytra_common.button_visual": {

		"$button_background|default": true,
		"$button_border|default": true,
		"$button_background_color|default": "@elytra_common.btn_color_animation_background",
		"$button_border_color|default": "@elytra_common.btn_color_animation_border",
		"$button_background_alpha|default": "@elytra_common.btn_alpha_animation_background",
		"$button_border_alpha|default": "@elytra_common.btn_alpha_animation_border",

		"$background_color_from|default": "$unchecked_hover_toggle_background_color",
		"$background_color_to|default": "$unchecked_toggle_background_color",
		"$border_color_from|default": "$unchecked_hover_toggle_border_color",
		"$border_color_to|default": "$unchecked_toggle_border_color",
		"$background_alpha_from|default": "$unchecked_hover_toggle_background_alpha",
		"$background_alpha_to|default": "$unchecked_toggle_background_alpha",
		"$border_alpha_from|default": "$unchecked_hover_toggle_border_alpha",
		"$border_alpha_to|default": "$unchecked_toggle_border_alpha",

		"$text_color|default": "$unchecked_toggle_text_color",

		"$animation_reset_name": "$onhover" },

	"visual_checked@elytra_common.button_visual": {
		"$is_checked": true,

		"$button_background|default": true,
		"$button_border|default": true,
		"$button_background_color|default": "@elytra_common.btn_color_animation_background",
		"$button_border_color|default": "@elytra_common.btn_color_animation_border",
		"$button_background_alpha|default": "@elytra_common.btn_alpha_animation_background",
		"$button_border_alpha|default": "@elytra_common.btn_alpha_animation_border",

		"$background_color_from|default": "$checked_hover_toggle_background_color",
		"$background_color_to|default": "$checked_toggle_background_color",
		"$border_color_from|default": "$checked_hover_toggle_border_color",
		"$border_color_to|default": "$checked_toggle_border_color",
		"$background_alpha_from|default": "$checked_hover_toggle_background_alpha",
		"$background_alpha_to|default": "$checked_toggle_background_alpha",
		"$border_alpha_from|default": "$checked_hover_toggle_border_alpha",
		"$border_alpha_to|default": "$checked_toggle_border_alpha",

		"$text_color|default": "$checked_toggle_text_color",

		"$animation_reset_name": "$onhover" },

	"visual_unchecked_hover@elytra_common.button_visual": {
		"$is_hovered": true,

		"$button_background|default": true,
		"$button_border|default": true,
		"$button_background_color|default": "@elytra_common.btn_color_animation_background",
		"$button_border_color|default": "@elytra_common.btn_color_animation_border",
		"$button_background_alpha|default": "@elytra_common.btn_alpha_animation_background",
		"$button_border_alpha|default": "@elytra_common.btn_alpha_animation_border",

		"$background_color_from|default": "$unchecked_toggle_background_color",
		"$background_color_to|default": "$unchecked_hover_toggle_background_color",
		"$border_color_from|default": "$unchecked_toggle_border_color",
		"$border_color_to|default": "$unchecked_hover_toggle_border_color",
		"$background_alpha_from|default": "$unchecked_toggle_background_alpha",
		"$background_alpha_to|default": "$unchecked_hover_toggle_background_alpha",
		"$border_alpha_from|default": "$unchecked_toggle_border_alpha",
		"$border_alpha_to|default": "$unchecked_hover_toggle_border_alpha",

		"$text_color|default": "$unchecked_hover_toggle_text_color",

		"$animation_reset_name": "$onhover" },

	"visual_checked_hover@elytra_common.button_visual": {
		"$is_checked": true,
		"$is_hovered": true,

		"$button_background|default": true,
		"$button_border|default": true,
		"$button_background_color|default": "@elytra_common.btn_color_animation_background",
		"$button_border_color|default": "@elytra_common.btn_color_animation_border",
		"$button_background_alpha|default": "@elytra_common.btn_alpha_animation_background",
		"$button_border_alpha|default": "@elytra_common.btn_alpha_animation_border",

		"$background_color_from|default": "$checked_toggle_background_color",
		"$background_color_to|default": "$checked_hover_toggle_background_color",
		"$border_color_from|default": "$checked_toggle_border_color",
		"$border_color_to|default": "$checked_hover_toggle_border_color",
		"$background_alpha_from|default": "$checked_toggle_background_alpha",
		"$background_alpha_to|default": "$checked_hover_toggle_background_alpha",
		"$border_alpha_from|default": "$checked_toggle_border_alpha",
		"$border_alpha_to|default": "$checked_hover_toggle_border_alpha",

		"$text_color|default": "$checked_hover_toggle_text_color",

		"$animation_reset_name": "$onhover" }
}