{	"namespace": "elytra_animations",

	"_info_1": "QQ: Bugjump (3071882091)",
	"_info_2": "Bilibili: Minecraft君9a7z (1345634151)",

	"_info_3": "未经允许，禁止使用任何此资源包的代码（可参考，但禁止复制）",
	"_info_4": "原作者保留任何权益",

	"inventory_exit_animation_alpha": {
		"anim_type": "alpha",
		"easing": "in_cubic",
		"duration": "$screen_animation_duration",
		"to": 0.0,
		"from": 1.0,
		"end_event": "screen.exit_end" },

	"inventory_exit_animation_push_alpha@inventory_exit_animation_alpha": { "play_event": "screen.exit_push" },
	"inventory_exit_animation_pop_alpha@inventory_exit_animation_alpha": { "play_event": "screen.exit_pop" },

	"inventory_entrance_animation_alpha": {
		"anim_type": "alpha",
		"easing": "out_cubic",
		"duration": "$screen_animation_duration",
		"from": 0.0,
		"to": 1.0,
		"end_event": "screen.entrance_end" },

	"inventory_entrance_animation_push_alpha@inventory_entrance_animation_alpha": { "play_event": "screen.entrance_push" },
	"inventory_entrance_animation_pop_alpha@inventory_entrance_animation_alpha": { "play_event": "screen.entrance_pop" },

	"inventory_exit_animation_offset": {
		"anim_type": "offset",
		"easing": "in_cubic",
		"duration": "$screen_animation_duration",
		"to": [ 0, 8 ],
		"from": [ 0, 0 ],
		"end_event": "screen.exit_end" },

	"inventory_exit_animation_push_offset@inventory_exit_animation_offset": { "play_event": "screen.exit_push" },
	"inventory_exit_animation_pop_offset@inventory_exit_animation_offset": { "play_event": "screen.exit_pop" },

	"inventory_entrance_animation_offset": {
		"anim_type": "offset",
		"easing": "out_cubic",
		"duration": "$screen_animation_duration",
		"from": [ 0, 8 ],
		"to": [ 0, 0 ],
		"end_event": "screen.entrance_end" },

	"inventory_entrance_animation_push_offset@inventory_entrance_animation_offset": { "play_event": "screen.entrance_push" },
	"inventory_entrance_animation_pop_offset@inventory_entrance_animation_offset": { "play_event": "screen.entrance_pop" },

	// 屏幕

	"screen_exit_animation_alpha": {
		"anim_type": "alpha",
		"easing": "out_cubic",
		"duration": "$screen_animation_duration",
		"to": 0.0,
		"from": 1.0,
		"end_event": "screen.exit_end" },

	"screen_exit_animation_push_alpha@screen_exit_animation_alpha": { "play_event": "screen.exit_push" },
	"screen_exit_animation_pop_alpha@screen_exit_animation_alpha": { "play_event": "screen.exit_pop" },

	"screen_entrance_animation_alpha": {
		"anim_type": "alpha",
		"easing": "out_cubic",
		"duration": "$screen_animation_duration",
		"from": 0.0,
		"to": 1.0,
		"end_event": "screen.entrance_end" },

	"screen_entrance_animation_push_alpha@screen_entrance_animation_alpha": { "play_event": "screen.entrance_push" },
	"screen_entrance_animation_pop_alpha@screen_entrance_animation_alpha": { "play_event": "screen.entrance_pop" },

	"screen_exit_animation_offset": {
		"anim_type": "offset",
		"easing": "out_cubic",
		"duration": "$screen_animation_duration",
		"to": [ 16, 0 ],
		"from": [ 0, 0 ],
		"end_event": "screen.exit_end" },

	"screen_exit_animation_push_offset@screen_exit_animation_offset": { "play_event": "screen.exit_push" },
	"screen_exit_animation_pop_offset@screen_exit_animation_offset": { "play_event": "screen.exit_pop" },

	"screen_entrance_animation_offset": {
		"anim_type": "offset",
		"easing": "out_cubic",
		"duration": "$screen_animation_duration",
		"from": [ 16, 0 ],
		"to": [ 0, 0 ],
		"end_event": "screen.entrance_end" },

	"screen_entrance_animation_push_offset@screen_entrance_animation_offset": { "play_event": "screen.entrance_push" },
	"screen_entrance_animation_pop_offset@screen_entrance_animation_offset": { "play_event": "screen.entrance_pop" },

	// 标题栏

	"title_bar_content_exit_animation_offset": {
		"anim_type": "offset",
		"easing": "$ui_animation_easing",
		"duration": "$screen_animation_duration",
		"to": [ 16, 0 ],
		"from": [ 0, 0 ],
		"end_event": "screen.exit_end" },

	"title_bar_content_exit_animation_push_offset@title_bar_content_exit_animation_offset": { "play_event": "screen.exit_push" },
	"title_bar_content_exit_animation_pop_offset@title_bar_content_exit_animation_offset": { "play_event": "screen.exit_pop" },

	"title_bar_content_entrance_animation_offset": {
		"anim_type": "offset",
		"easing": "$ui_animation_easing",
		"duration": "$screen_animation_duration",
		"from": [ 16, 0 ],
		"to": [ 0, 0 ],
		"end_event": "screen.entrance_end" },

	"title_bar_content_entrance_animation_push_offset@title_bar_content_entrance_animation_offset": { "play_event": "screen.entrance_push" },
	"title_bar_content_entrance_animation_pop_offset@title_bar_content_entrance_animation_offset": { "play_event": "screen.entrance_pop" }
}