{	"namespace": "elytra_variables",

	"_info_1": "QQ: Bugjump (3071882091)",
	"_info_2": "Bilibili: Minecraft君9a7z (1345634151)",

	"_info_3": "未经允许，禁止使用任何此资源包的代码（可参考，但禁止复制）",
	"_info_4": "原作者保留任何权益",

	"global": {
		"type": "panel",

		"$is_debug_ui": true,

		"$has_player_entity_modify": false,

		"$accent_color": [ 0.506, 0.831, 0.98 ], // 主题色
		"$highlight_color": [ 0.0, 0.8, 0.6 ], // 高亮颜色
		"$error_highlight_color": [ 1.0, 0.2, 0.2 ], // 错误高亮颜色

		"$support_factory_animation": true, // 正常为true，如遇某些控件不显示可尝试改为false

		"$ui_font_type": "smooth", // 全局字体
		"$ui_animation_easing": "out_cubic", // 动画曲线
		"$sidebar_animation_easing": "out_cubic", // 侧边栏动画曲线
		"$ui_hover_animation_easing": "out_cubic", // 悬停动画曲线
		"$background_multiply": [ 0.9, 1.0, 0.95 ], // 背景模糊颜色
		"$screen_animation_duration": 0.2, // 屏幕动画长度
		"$sidebar_animation_duration": 0.5, // 侧边栏动画长度

		"$horizontal_layout_toggle_divider_size": [ 2, "100%" ],
		"$vertical_layout_toggle_divider_size": [ "100%", 2 ],

		// Glints

		"$glint_color": [ 1.0, 1.0, 1.0 ],
		"$glint_alpha": 0.5,

		// 按钮&切换器

		"$element_hover_animation_duration": 0.2,

		"$default_button_background_color": [ 0.0, 0.0, 0.0 ],
		"$hover_button_background_color": "$highlight_color",
		"$pressed_button_background_color": "$highlight_color",
		"$locked_button_background_color": [ 0.5, 0.5, 0.5 ],

		"$default_button_border_color": [ 0.0, 0.0, 0.0 ],
		"$hover_button_border_color": [ 1.0, 1.0, 1.0 ],
		"$pressed_button_border_color": [ 1.0, 1.0, 1.0 ],
		"$locked_button_border_color": [ 0.0, 0.0, 0.0 ],

		"$default_button_background_alpha": 0.25,
		"$hover_button_background_alpha": 0.25,
		"$pressed_button_background_alpha": 0.25,
		"$locked_button_background_alpha": 0.25,

		"$default_button_border_alpha": 0.0,
		"$hover_button_border_alpha": 0.5,
		"$pressed_button_border_alpha": 0.0,
		"$locked_button_border_alpha": 0.0,

		"$default_button_text_color": [ 1.0, 1.0, 1.0 ],
		"$hover_button_text_color": [ 1.0, 1.0, 1.0 ],
		"$pressed_button_text_color": [ 1.0, 1.0, 1.0 ],
		"$locked_button_text_color": [ 1.0, 1.0, 1.0 ],

		"$unchecked_toggle_background_color": [ 0.0, 0.0, 0.0 ],
		"$checked_toggle_background_color": [ 0.0, 0.0, 0.0 ],
		"$unchecked_hover_toggle_background_color": "$highlight_color",
		"$checked_hover_toggle_background_color": "$highlight_color",

		"$unchecked_toggle_border_color": [ 0.0, 0.0, 0.0 ],
		"$checked_toggle_border_color": [ 0.0, 0.0, 0.0 ],
		"$unchecked_hover_toggle_border_color": [ 1.0, 1.0, 1.0 ],
		"$checked_hover_toggle_border_color": [ 1.0, 1.0, 1.0 ],

		"$unchecked_toggle_background_alpha": 0.25,
		"$checked_toggle_background_alpha": 0.25,
		"$unchecked_hover_toggle_background_alpha": 0.25,
		"$checked_hover_toggle_background_alpha": 0.25,

		"$unchecked_toggle_border_alpha": 0.0,
		"$checked_toggle_border_alpha": 0.0,
		"$unchecked_hover_toggle_border_alpha": 0.5,
		"$checked_hover_toggle_border_alpha": 0.5,

		"$unchecked_toggle_text_color": [ 1.0, 1.0, 1.0 ],
		"$checked_toggle_text_color": [ 1.0, 1.0, 1.0 ],
		"$unchecked_hover_toggle_text_color": [ 1.0, 1.0, 1.0 ],
		"$checked_hover_toggle_text_color": [ 1.0, 1.0, 1.0 ],

		// 输入框

		"$text_edit_visual_default_background_color": [ 0.0, 0.0, 0.0 ],
		"$text_edit_visual_default_background_alpha": 0.25,
		"$text_edit_visual_default_input_line_color": [ 1.0, 1.0, 1.0 ],
		"$text_edit_visual_default_input_line_alpha": 0.5,

		"$text_edit_visual_hover_background_color": [ 1.0, 1.0, 1.0 ],
		"$text_edit_visual_hover_background_alpha": 0.25,
		"$text_edit_visual_hover_input_line_color": [ 1.0, 1.0, 1.0 ],
		"$text_edit_visual_hover_input_line_alpha": 0.5,

		"$text_edit_visual_background_duration": 0.2,
		"$text_edit_visual_input_line_duration": 0.5,

		// 滑块

		"$slider_background_color": [ 0.0, 0.0, 0.0 ],
		"$slider_background_alpha": 0.25,
		"$slider_progress_color": [ 1.0, 1.0, 1.0 ],
		"$slider_progress_alpha": 0.5,
		"$slider_background_color_hover": "$highlight_color",
		"$slider_background_alpha_hover": 0.25,
		"$slider_progress_color_hover": "$highlight_color",
		"$slider_progress_alpha_hover": 0.5,

		"$slider_box_color_default": "$accent_color",
		"$slider_box_color_hover": [ 1.0, 1.0, 1.0 ],

		// 滚动条

		"$scroll_track_color": [ 0.0, 0.0, 0.0 ],
		"$scroll_track_alpha": 0.5,
		"$scroll_box_color": "$accent_color",

		// 进度条

		"$progress_bar_background_color": [ 1.0, 1.0, 1.0 ],
		"$progress_bar_background_alpha": 0.25,

		// 侧边栏

		"$sidebar_background_color": [ 0.0, 0.0, 0.0 ],
		"$sidebar_background_alpha": 0.25,

		"$sidebar_fade_dim_color": [ 0.0, 0.0, 0.0 ],
		"$sidebar_fade_dim_alpha": 0.25,

		"$sidebar_toggle_selected_color": [ 1.0, 1.0, 1.0 ],

		// 标题栏

		"$title_bar_color": [ 0.0, 0.0, 0.0 ],
		"$title_bar_alpha": 0.25,

		// 弹窗

		"$popup_fading_color": [ 0.0, 0.0, 0.0 ],
		"$popup_fading_alpha": 0.25,

		"$popup_title_bar_size": [ "100%", 18 ],
		"$popup_title_bar_background_color": [ 0.0, 0.0, 0.0 ],
		"$popup_title_bar_background_alpha": 0.5,
		"$popup_title_bar_text_color": [ 1.0, 1.0, 1.0 ],

		"$popup_content_background_color": [ 0.0, 0.0, 0.0 ],
		"$popup_content_background_alpha": 0.25,
		"$popup_content_text_color": [ 1.0, 1.0, 1.0 ],

		"$popup_buttons_background_color": [ 0.0, 0.0, 0.0 ],
		"$popup_buttons_background_alpha": 0.5,

		// 悬停文本

		"$hover_text_background_color": [ 0.0, 0.0, 0.0 ],
		"$hover_text_background_alpha": 0.5,

		// 物品格

		"$cell_background_color": [ 0.0, 0.0, 0.0 ],
		"$cell_background_alpha": 0.25,
		"$ender_chest_cell_background_color": [ 0.80784314, 0.57647059, 0.84705882 ],

		"$hover_text_divider_animation_duration": 0.5,

		"$show_single_item_label": true,

		"$item_highlight_slot_animation_duration": 0.2,
		"$item_highlight_slot_alpha": 0.25,
		"$item_highlight_slot_border_alpha": 0.5,

		// 游戏内容器（背包/箱子等）

		"$gameplay_fading_color": [ 0.0, 0.0, 0.0 ],
		"$gameplay_fading_alpha": 0.25,

		"$gameplay_title_bar_size": [ "100%sm", 18 ],
		"$gameplay_title_bar_background_color": [ 0.0, 0.0, 0.0 ],
		"$gameplay_title_bar_background_alpha": 0.25,

		"$using_jei_right_recipe": true,

		"variables": [
			{	"requires": false,
				"$hover_button_background_color": "$default_button_background_color",
				"$hover_button_border_color": "$default_button_border_color",
				"$hover_button_background_alpha": "$default_button_background_alpha",
				"$hover_button_border_alpha": "$default_button_border_alpha",
				"$hover_button_text_color": "$default_button_text_color" }
		] },

	"start@elytra_variables.global": {
		"$text_panel_bg_color": [ 0.0, 0.0, 0.0 ],
		"$text_panel_bg_alpha": 0.25,
		"$text_panel_text_color": [ 1.0, 1.0, 1.0 ],

		"$player_name_text_color": [ 1.0, 1.0, 1.0 ] },

	"play@elytra_variables.global": {
		"$NFrame_PLAY": true },

	"hud@elytra_variables.global": {
		"$NFrame_HUD": true,
		"$hotbar_color": [ 0.0, 0.0, 0.0 ],
		"$hotbar_alpha": 0.25,

		"$xp_bar_bg_color": [ 0.0, 0.0, 0.0 ],
		"$xp_bar_bg_alpha": 0.25,

		"$status_bar_bg_color": [ 0.0, 0.0, 0.0 ],
		"$status_bar_bg_alpha": 0.25,

		"$left_binding_label_bg_color": [ 0.0, 0.0, 0.0 ],
		"$left_binding_label_bg_alpha": 0.25,
		"$left_binding_label_color": [ 1.0, 1.0, 1.0 ],

		"$scoreboard_bg_color": [ 0.0, 0.0, 0.0 ],
		"$scoreboard_bg_alpha": 0.25,
		"$scoreboard_title_bg_color": [ 0.0, 0.0, 0.0 ],
		"$scoreboard_title_bg_alpha": 0.5,
		"$scoreboard_title_text_color": [ 1.0, 1.0, 1.0 ],
		"$scoreboard_player_text_color": [ 1.0, 1.0, 1.0 ],
		"$scoreboard_score_text_color": [ 1.0, 1.0, 1.0 ],

		"$menu_title_bar_size": [ "100%sm", 18 ],
		"$menu_title_bar_background_color": [ 0.0, 0.0, 0.0 ],
		"$menu_title_bar_background_alpha": 0.5,
		"$menu_title_bar_text_color": [ 1.0, 1.0, 1.0 ],
		"$menu_background_color": [ 0.0, 0.0, 0.0 ],
		"$menu_background_alpha": 0.25,

		"$menu_options_title_bar_background_color": [ 0.0, 0.0, 0.0 ],
		"$menu_options_title_bar_background_alpha": 0.5,
		"$menu_options_title_bar_text_color": [ 1.0, 1.0, 1.0 ],

		"$chat_background_color": [ 0.0, 0.0, 0.0 ],
		"$chat_background_alpha": 0.25,
		"$chat_text_color": [ 1.0, 1.0, 1.0 ],
		"$chat_text_alpha": 1.0,

		"$chat_in_animation_easing": "out_cubic",
		"$chat_out_animation_easing": "out_cubic" },

	"hud_menu@elytra_variables.hud": {
		"$bottom_element": true,
		"$show_status": true,
		"$show_hotbar": true,
		"$fillsize_hotbar_background": false,

		"$chat_msg": true,
		"$chat_anchor": 1,

		"$inventory_display": true }
}