{	"namespace": "elytra_screen_play",

	"_info_1": "QQ: Bugjump (3071882091)",
	"_info_2": "Bilibili: Minecraft君9a7z (1345634151)",

	"_info_3": "未经允许，禁止使用任何此资源包的代码（可参考，但禁止复制）",
	"_info_4": "原作者保留任何权益",

	"local_world_grid_item": {
		"type": "panel",

		"size": [ 134, 82.75 ],
		"offset": [ 0, 0 ],
		"anchor_from": "top_left",
		"anchor_to": "top_left",

		"controls": [
			{	"button@elytra_btns.base_btn": {
					"size": [ "100%", "100%" ],
					"offset": [ 0, 0 ],
					"anchor_from": "top_left",
					"anchor_to": "top_left",

					"$onclick": "button.menu_start_local_world",
					"$onhover": "#onhover",

					"bindings": [
						{	"binding_type": "collection_details",
							"binding_collection_name": "local_worlds" },
						{	"binding_type": "collection",
							"binding_name": "#world_button_focus_identifier",
							"binding_collection_name": "local_worlds" },
						{	"binding_type": "view",
							"source_property_name": "#world_button_focus_identifier",
							"target_property_name": "#focus_identifier" },
						{	"binding_type": "view",
							"source_property_name": "('button.' + #world_button_focus_identifier + '.hovered')",
							"target_property_name": "#onhover" }
					] }
			},
			{	"resizing_panel": {
					"type": "panel",

					"size": [ "100%", "100%" ],
					"offset": [ 0, 0 ],
					"anchor_from": "top_left",
					"anchor_to": "top_left",

					"layer": 10,

					"controls": [
						{	"screenshot_picture": {
								"type": "image",

								"fill": true,
								"layer": 1,
								"force_texture_reload": true,

								"size": [ "100% - 4px", "100% - 4px" ],
								"offset": [ 2, 2 ],
								"anchor_from": "top_left",
								"anchor_to": "top_left",

								"alpha": 1.0,

								"bindings": [
									{	"binding_name": "#local_world_image",
										"binding_name_override": "#texture",
										"binding_type": "collection",
										"binding_collection_name": "local_worlds" },
									{	"binding_name": "#local_world_texture_source",
										"binding_name_override": "#texture_file_system",
										"binding_type": "collection",
										"binding_collection_name": "local_worlds" }
								] }
						}
					] }
			}
		] },

	"last_played_world": {
		"type": "panel",
		"size": [ "100%", "100%" ],
		"max_size": [ 640, "100%" ],
		"collection_index": 0,
		"layer": 2,
		"controls": [
			{	"border": {
					"type": "image",

					"texture": "textures/ui/white_background",
					"color": [ 0.0, 0.0, 0.0 ],
					"fill": true,
					"layer": 0,

					"size": [ "100%", "100%" ],
					"offset": [ 0, 0 ],
					"anchor_from": "top_left",
					"anchor_to": "top_left" }
			}, {	"screenshot_picture": {
					"type": "image",

					"fill": true,
					"layer": 1,
					"force_texture_reload": true,
					"size": [ "100% - 2px", "100% - 2px" ],
					"offset": [ 1, 1 ],
					"keep_ratio": true,

					"anchor_from": "top_left",
					"anchor_to": "top_left",

					"bindings": [
						{	"binding_name": "#local_world_image",
							"binding_name_override": "#texture",
							"binding_type": "collection",
							"binding_collection_name": "local_worlds" },
						{	"binding_name": "#local_world_texture_source",
							"binding_name_override": "#texture_file_system",
							"binding_type": "collection",
							"binding_collection_name": "local_worlds" }
					] }
			}, {	"button_top_padding": {
					"type": "image",

					"texture": "textures/ui/white_background",
					"fill": true,
					"color": "$surface_color",
					"alpha": 0.5,

					"size": [ "100%", 12 ],
					"offset": [ 0, "100% - 37px" ],
					"anchor_from": "top_left",
					"anchor_to": "top_left",

					"layer": 2 }
			}, {	"button_left_padding": {
					"type": "image",

					"texture": "textures/ui/white_background",
					"fill": true,
					"color": "$surface_color",
					"alpha": 0.5,

					"size": [ "100% - 86px", 20 ],
					"offset": [ 1, "100% - 25px" ],
					"anchor_from": "top_left",
					"anchor_to": "top_left",

					"layer": 2 }
			}, {	"button_right_padding": {
					"type": "image",

					"texture": "textures/ui/white_background",
					"fill": true,
					"color": "$surface_color",
					"alpha": 0.5,

					"size": [ 4, 20 ],
					"offset": [ "100% - 5px", "100% - 25px" ],
					"anchor_from": "top_left",
					"anchor_to": "top_left",

					"layer": 2 }
			}, {	"button_bottom_padding": {
					"type": "image",

					"texture": "textures/ui/white_background",
					"fill": true,
					"color": "$surface_color",
					"alpha": 0.5,

					"size": [ "100%", 4 ],
					"offset": [ 0, "100% - 5px" ],
					"anchor_from": "top_left",
					"anchor_to": "top_left",

					"layer": 2 }
			}, {	"play_button@elytra_btns.base_btn": {
					"$onclick": "button.menu_start_local_world",
					"$button_text": "playScreen.playOnLast.play",

					"$button_image_size": [ "100%", "100%" ],

					"size": [ 80, 20 ],
					"offset": [ -5, -5 ],
					"anchor_from": "bottom_right",
					"anchor_to": "bottom_right",

					"layer": 2,

					"bindings": [
						{	"binding_type": "collection_details",
							"binding_collection_name": "local_worlds" }
					] }
			}, {	"local_world_name": {
					"type": "label",
					"text": "#local_world_name",
					"localize": false,
					"font_scale_factor": 2.0,
					"size": [ "default", 20 ],
					"offset": [ 5, -15 ],
					"anchor_from": "bottom_left",
					"anchor_to": "bottom_left",
					"layer": 3,
					"bindings": [
						{	"binding_name": "#local_world_name",
							"binding_type": "collection",
							"binding_collection_name": "local_worlds" }
					] }
			}, {	"last_play_label": {
					"type": "label",
					"text": "playScreen.playOnLast",
					"size": [ "default", 10 ],
					"offset": [ 5, -5 ],
					"anchor_from": "bottom_left",
					"anchor_to": "bottom_left",
					"layer": 3 }

			}
		] },

	"world_list_content": {
		"type": "stack_panel",

		"size": [ "100%", "100%c" ],
		"offset": [ 0, 0 ],
		"anchor_from": "top_left",
		"anchor_to": "top_left",

		"controls": [
			{	"last_world_panel": {
					"type": "collection_panel",
					"size": [ "100%", 144 ],

					"collection_name": "local_worlds",

					"controls": [
						{	"banner": {
								"type": "image",

								"texture": "UITextureBase/fill_white",
								"color": "$accent_color",
								"fill": true,
								"layer": 1,

								"size": [ "100%", "100%" ],
								"offset": [ 0, 0 ],
								"anchor_from": "top_left",
								"anchor_to": "top_left" }
						},
						{ "last_played_world@elytra_screen_play.last_played_world": { } }
					] }
			},
			{	"local_world_item_grid": {
					"type": "grid",

					"grid_item_template": "elytra_screen_play.local_world_grid_item",
					"grid_rescaling_type": "horizontal",
					"maximum_grid_items": "#maximum_grid_items",
					"collection_name": "local_worlds",

					"size": [ "100% - 1px", "100%c" ],
					"offset": [ 0, 0 ],
					"anchor_from": "top_left",
					"anchor_to": "top_left",

					"bindings": [
						{ "binding_name": "#world_item_count" },
						{	"binding_type": "view",
							"source_property_name": "(#world_item_count * 1)",
							"target_property_name": "#maximum_grid_items" }
					] }
			}
		] },

	"play_content_view": {
		"type": "panel",

		"size": [ "100%", "100% - 18px" ],
		"offset": [ 0, 18 ],
		"anchor_from": "top_left",
		"anchor_to": "top_left",

		"controls": [
			{	"world_tab_panel": {
					"type": "panel",

					"size": [ "100%", "100%" ],
					"offset": [ 0, 0 ],
					"anchor_from": "top_left",
					"anchor_to": "top_left",

					"bindings": [
						{	"binding_type": "view",
							"source_control_name": "world_toggle",
							"source_property_name": "#toggle_state",
							"target_property_name": "#toggle_state" },
						{	"binding_type": "view",
							"source_control_name": "verbose_world_toggle",
							"source_property_name": "#toggle_state",
							"target_property_name": "#verbose_toggle_state" },
						{	"binding_type": "view",
							"source_property_name": "(#toggle_state or #verbose_toggle_state)",
							"target_property_name": "#visible" }
					],

					"controls": [
						{	"@elytra_common.scroll_view": {
								"$scroll_content": "@elytra_screen_play.world_list_content" }
						}
					] }
			},
			{	"dr@play.play_screen_content": {
					"bindings": [
						{	"binding_type": "view",
							"source_control_name": "world_toggle",
							"source_property_name": "#toggle_state",
							"target_property_name": "#toggle_state" },
						{	"binding_type": "view",
							"source_control_name": "verbose_world_toggle",
							"source_property_name": "#toggle_state",
							"target_property_name": "#verbose_toggle_state" },
						{	"binding_type": "view",
							"source_property_name": "(not #toggle_state and not #verbose_toggle_state)",
							"target_property_name": "#visible" }
					] }
			}
		] },

	"play_content@elytra_variables.play": {
		"type": "panel",

		"anims": [
			"@elytra_animations.screen_exit_animation_push_alpha",
			"@elytra_animations.screen_exit_animation_pop_alpha",
			"@elytra_animations.screen_entrance_animation_push_alpha",
			"@elytra_animations.screen_entrance_animation_pop_alpha",

			"@elytra_animations.screen_exit_animation_push_offset",
			"@elytra_animations.screen_exit_animation_pop_offset",
			"@elytra_animations.screen_entrance_animation_push_offset",
			"@elytra_animations.screen_entrance_animation_pop_offset" ],
		"animation_reset_name": "screen_animation_reset",
		"propagate_alpha": true,

		"controls": [
			{ "fallback@play.play_screen_content": { "ignored": "($NFrame_PLAY)" } },
			{	"title_bar_layout@elytra_common.title_bar_layout": {
					"$button_text": "menu.play" }
			}, {	"sidebar_view@elytra_sidebar.sidebar_view": {
					"$main_screen_content": "@elytra_screen_play.play_content_view",
					"$screen_has_title": true,
					"$sidebar_variables": [
						{	"requires": "(not $is_verbose)",
							"$world_toggle_name": "world_toggle",
							"$world_toggle_index": 0,
							"$friends_toggle_name": "friends_toggle",
							"$friends_toggle_index": 1,
							"$server_toggle_name": "friends_toggle_toggle",
							"$server_toggle_index": 2 },
						{	"requires": "$is_verbose",
							"$world_toggle_name": "verbose_world_toggle",
							"$world_toggle_index": 3,
							"$friends_toggle_name": "verbose_friends_toggle",
							"$friends_toggle_index": 4,
							"$server_toggle_name": "verbose_friends_toggle_toggle",
							"$server_toggle_index": 5 }
					],

					"$show_sidebar_button": true,
					"$sidebar_button_onclick": "button.editor_settings",
					"$sidebar_button_button_text": "menu.settings",
					"$sidebar_button_button_icon": "Elytra_UI/textures/icons/settings",
					"$sidebar_button_button_icon_size": [ 16, 16 ],
					"$sidebar_button_button_icon_offset": [ 7, 0 ],

					"$container_controls": [
						{	"$world_toggle_name@elytra_sidebar.sidebar_tge": {
								"$control_name": "world_toggle",
								"$button_text": "Elytra_UI.screens.Play.TabView.Worlds",
								"$button_icon": "Elytra_UI/textures/icons/pickaxe",
								"$button_icon_size": [ 16, 16 ],
								"$button_icon_offset": [ 7, 0 ],
								"$button_icon_colored": "",
								"$radio_toggle_group": true,
								"$toggle_name": "navigation_tab",
								"$toggle_group_forced_index": "$world_toggle_index" }
						}, {	"$friends_toggle_name@elytra_sidebar.sidebar_tge": {
								"$control_name": "friends_toggle",
								"$button_text": "Elytra_UI.screens.Play.TabView.Friends",
								"$button_icon": "Elytra_UI/textures/icons/multiplayers",
								"$button_icon_size": [ 16, 16 ],
								"$button_icon_offset": [ 7, 0 ],
								"$button_icon_colored": "",
								"$radio_toggle_group": true,
								"$toggle_name": "navigation_tab",
								"$toggle_group_forced_index": "$friends_toggle_index" }
						}
					] }
			}
		] }
}