{	"namespace": "elytra_screen_hud_animations",

	"_info_1": "QQ: Bugjump (3071882091)",
	"_info_2": "Bilibili: Minecraft君9a7z (1345634151)",

	"_info_3": "未经允许，禁止使用任何此资源包的代码（可参考，但禁止复制）",
	"_info_4": "原作者保留任何权益",

	"hotbar_exit_animation": {
		"anim_type": "offset",
		"easing": "out_cubic",
		"duration": "$screen_animation_duration",
		"to": [ 0, 42 ],
		"from": [ 0, 0 ],
		"end_event": "screen.exit_end" },

	"hotbar_exit_animation_push@hotbar_exit_animation": { "play_event": "screen.exit_push" },
	"hotbar_exit_animation_pop@hotbar_exit_animation": { "play_event": "screen.exit_pop" },

	"hotbar_entrance_animation": {
		"anim_type": "offset",
		"easing": "out_cubic",
		"duration": "$screen_animation_duration",
		"from": [ 0, 42 ],
		"to": [ 0, 0 ],
		"end_event": "screen.entrance_end" },

	"hotbar_entrance_animation_push@hotbar_entrance_animation": { "play_event": "screen.entrance_push" },
	"hotbar_entrance_animation_pop@hotbar_entrance_animation": { "play_event": "screen.entrance_pop" }
}