{	"namespace": "elytra_screen_hud_features",

	"_info_1": "QQ: Bugjump (3071882091)",
	"_info_2": "Bilibili: Minecraft君9a7z (1345634151)",

	"_info_3": "未经允许，禁止使用任何此资源包的代码（可参考，但禁止复制）",
	"_info_4": "原作者保留任何权益",

	"draggable_states": {
		"type": "panel",

		"controls": [
			{	"hover": {
					"type": "image",

					"texture": "UITextureBase/fill_white",
					"color": "$highlight_color",
					"alpha": 0.25,
					"fill": true,

					"size": [ "100%", "100%" ],
					"offset": [ 0, 0 ],
					"anchor_from": "top_left",
					"anchor_to": "top_left",

					"layer": 1,

					"controls": [
						{	"border": {
								"type": "image",

								"texture": "UITextureBase/outline",
								"color": "white",
								"alpha": 0.5,
								"fill": true,

								"size": [ "100%", "100%" ],
								"offset": [ 0, 0 ],
								"anchor_from": "top_left",
								"anchor_to": "top_left",

								"layer": 1 }
						}
					] }
			}
		] },

	"draggable_control": {
		"type": "button",
		"draggable": "both",

		"hover_control": "hover",

		"layer": 10,

		"button_mappings": [
			{	"from_button_id": "button.menu_select",
				"to_button_id": "button.menu_select",
				"mapping_type": "pressed" }
		] },

	"hotbar_grid": {
		"type": "collection_panel",

		"$hotbar_collection_name|default": "hotbar_items",
		"collection_name": "$hotbar_collection_name",

		"$template": "elytra_screen_hud_minecraft_elements.show_hotbar_grid_item",

		"size": [ 162, 54 ],
		"anchor_from": "bottom_right",
		"anchor_to": "bottom_right",

		"controls": [
			{ "9@$template": { "$index": 9, "offset": [ 0, 0 ] } },
			{ "10@$template": { "$index": 10, "offset": [ 18, 0 ] } },
			{ "11@$template": { "$index": 11, "offset": [ 36, 0 ] } },
			{ "12@$template": { "$index": 12, "offset": [ 54, 0 ] } },
			{ "13@$template": { "$index": 13, "offset": [ 72, 0 ] } },
			{ "14@$template": { "$index": 14, "offset": [ 90, 0 ] } },
			{ "15@$template": { "$index": 15, "offset": [ 108, 0 ] } },
			{ "16@$template": { "$index": 16, "offset": [ 126, 0 ] } },
			{ "17@$template": { "$index": 17, "offset": [ 144, 0 ] } },
			{ "18@$template": { "$index": 18, "offset": [ 0, 18 ] } },
			{ "19@$template": { "$index": 19, "offset": [ 18, 18 ] } },
			{ "20@$template": { "$index": 20, "offset": [ 36, 18 ] } },
			{ "21@$template": { "$index": 21, "offset": [ 54, 18 ] } },
			{ "22@$template": { "$index": 22, "offset": [ 72, 18 ] } },
			{ "23@$template": { "$index": 23, "offset": [ 90, 18 ] } },
			{ "24@$template": { "$index": 24, "offset": [ 108, 18 ] } },
			{ "25@$template": { "$index": 25, "offset": [ 126, 18 ] } },
			{ "26@$template": { "$index": 26, "offset": [ 144, 18 ] } },
			{ "27@$template": { "$index": 27, "offset": [ 0, 36 ] } },
			{ "28@$template": { "$index": 28, "offset": [ 18, 36 ] } },
			{ "29@$template": { "$index": 29, "offset": [ 36, 36 ] } },
			{ "30@$template": { "$index": 30, "offset": [ 54, 36 ] } },
			{ "31@$template": { "$index": 31, "offset": [ 72, 36 ] } },
			{ "32@$template": { "$index": 32, "offset": [ 90, 36 ] } },
			{ "33@$template": { "$index": 33, "offset": [ 108, 36 ] } },
			{ "34@$template": { "$index": 34, "offset": [ 126, 36 ] } },
			{ "35@$template": { "$index": 35, "offset": [ 144, 36 ] } }
		] },

	"player_joined_item_content": {
		"type": "panel",
		"size": [ "100%c", 16 ],
		"anchor_from": "center",
		"anchor_to": "center",
		"alpha": 1.0,
		"propagate_alpha": true,
		"anims": [
			"@elytra_screen_hud_features.player_joined_item_content_animation" ],
		"controls": [
			{	"player_avator": {
					"type": "image",
					"size": [ 12, 12 ],
					"offset": [ 2, 0 ],
					"anchor_from": "left_middle",
					"anchor_to": "left_middle",
					"texture": "#texture",
					"texture_file_system": "#texture_source",
					"layer": 2,
					"bindings": [
						{	"binding_collection_name": "players_collection",
							"binding_name": "#texture",
							"binding_type": "collection" },
						{	"binding_collection_name": "players_collection",
							"binding_name": "#texture_source",
							"binding_name_override": "#texture_file_system",
							"binding_type": "collection" }
					] }
			}, {	"player_tag": {
					"type": "label",
					"text": "#text",
					"font_scale_factor": 1.0,
					"size": [ "default", "default" ],
					"offset": [ 18, 0 ],
					"anchor_from": "left_middle",
					"anchor_to": "left_middle",
					"layer": 2,
					"bindings": [
						{	"binding_collection_name": "players_collection",
							"binding_name": "#gamertag",
							"binding_type": "collection" },
						{	"binding_type": "view",
							"source_property_name": "(#gamertag + ' 上线了')",
							"target_property_name": "#text" }
					] }
			}
		] },

	"player_joined_item_content_animation": {
		"anim_type": "wait",
		"duration": 3.0,
		"next": "@elytra_screen_hud_features.player_joined_item_content_end_animation" },

	"player_joined_item_content_end_animation": {
		"anim_type": "alpha",
		"duration": 0.5,
		"easing": "$ui_animation_easing",
		"from": 1.0,
		"to": 0.0 },

	"player_joined_item": {
		"type": "panel",
		"size": [ 0, 0 ],
		"controls": [
			{ "content@elytra_screen_hud_features.player_joined_item_content": { } }
		] },

	"key_item": {
		"type": "panel",

		"size": [ 16, 16 ],
		"anchor_from": "top_left",
		"anchor_to": "top_left",

		"controls": [
			{	"label": {
					"type": "label",
					"text": "$key",
					"layer": 2 }
			}, {	"background_selected": {
					"type": "image",

					"texture": "UITextureBase/fill_white",
					"fill": true,
					"color": [ 1.0, 1.0, 1.0 ],
					"alpha": 0.5,

					"size": [ "100%", "100%" ],
					"offset": [ 0, 0 ],
					"anchor_from": "top_left",
					"anchor_to": "top_left",

					"bindings": [
						{	"binding_type": "view",
							"source_control_name": "getKeyDownStringControl",
							"source_property_name": "(#item_name < $key)",
							"target_property_name": "#visible" }
					] }
			}, {	"background_unlected": {
					"type": "image",

					"texture": "UITextureBase/fill_white",
					"fill": true,
					"color": [ 0.0, 0.0, 0.0 ],
					"alpha": 0.5,

					"size": [ "100%", "100%" ],
					"offset": [ 0, 0 ],
					"anchor_from": "top_left",
					"anchor_to": "top_left",

					"bindings": [
						{	"binding_type": "view",
							"source_control_name": "getKeyDownStringControl",
							"source_property_name": "(not (#item_name < $key))",
							"target_property_name": "#visible" }
					] }
			}
		] },

	"features_panel": {
		"type": "panel",
		"controls": [
			{ "@elytra_screen_hud_features.hotbar_grid": { } },/*
			{	"rotation": {
					"ignored": "(not $has_player_entity_modify)",
					"type": "custom",
					"renderer": "hud_player_renderer",

					"size": [ 17.06666666666666666666666666666667, 17.06666666666666666666666666666667 ],
					"offset": [ 0, 20 ],
					"anchor_from": "top_middle",
					"anchor_to": "top_middle",

					"allow_clipping": false,
					"layer": 2 }
			}, */{	"offhand_background": {
					"ignored": "(not $has_player_entity_modify)",
					"type": "custom",
					"renderer": "live_player_renderer",

					"size": [ 17.06666666666666666666666666666667, 17.06666666666666666666666666666667 ],
					"offset": [ -100, 2008 ],
					"anchor_from": "bottom_middle",
					"anchor_to": "bottom_middle",

					"allow_clipping": false,
					"layer": 1 }
			}, {	"offhand_item": {
					"ignored": "(not $has_player_entity_modify)",
					"type": "custom",
					"renderer": "live_player_renderer",

					"size": [ 17.06666666666666666666666666666667, 17.06666666666666666666666666666667 ],
					"offset": [ -100, 1007 ],
					"anchor_from": "bottom_middle",
					"anchor_to": "bottom_middle",

					"allow_clipping": false,
					"layer": 2 }
			}, {	"player_grid": {
					"type": "grid",
					"collection_name": "players_collection",
					"grid_item_template": "elytra_screen_hud_features.player_joined_item",
					"grid_dimension_binding": "#players_grid_dimension",

					"layer": 2,

					"size": [ 0, 0 ],
					"offset": [ "50%", "100% - 100px" ],
					"anchor_from": "top_left",
					"anchor_to": "top_left",

					"bindings": [
						{	"binding_name": "#players_grid_dimension",
							"binding_condition": "always" }
					] }
			}, {	"key_panel": {
					"type": "panel",

					"layer": 200,

					"size": [ 48, 48 ],
					"offset": [ 0, 0 ],
					"anchor_from": "bottom_right",
					"anchor_to": "bottom_right",

					"controls": [
						{	"w@elytra_btns.base_btn": {
								"$button_text": "W",

								"hover_enabled": false,

								"size": [ 16, 16 ],
								"offset": [ 16, 0 ],
								"anchor_from": "top_left",
								"anchor_to": "top_left",

								"button_mappings": [
									{	"from_button_id": "button.slot9",
										"to_button_id": "button.slot9",
										"mapping_type": "global" }
								] }
						}, {	"a@elytra_btns.base_btn": {
								"$button_text": "A",

								"hover_enabled": false,

								"size": [ 16, 16 ],
								"offset": [ 0, 16 ],
								"anchor_from": "top_left",
								"anchor_to": "top_left",

								"button_mappings": [
									{	"from_button_id": "button.slot6",
										"to_button_id": "button.slot6",
										"mapping_type": "global" }
								] }
						}, {	"s@elytra_btns.base_btn": {
								"$button_text": "S",

								"hover_enabled": false,

								"size": [ 16, 16 ],
								"offset": [ 16, 16 ],
								"anchor_from": "top_left",
								"anchor_to": "top_left",

								"button_mappings": [
									{	"from_button_id": "button.slot8",
										"to_button_id": "button.slot8",
										"mapping_type": "global" }
								] }
						}, {	"d@elytra_btns.base_btn": {
								"$button_text": "D",

								"hover_enabled": false,

								"size": [ 16, 16 ],
								"offset": [ 32, 16 ],
								"anchor_from": "top_left",
								"anchor_to": "top_left",

								"button_mappings": [
									{	"from_button_id": "button.slot7",
										"to_button_id": "button.slot7",
										"mapping_type": "global" }
								] }/*
						}, {	"a@elytra_screen_hud_features.key_item": {
								"$key": "a",
								"offset": [ 0, 16 ] }
						}, {	"s@elytra_screen_hud_features.key_item": {
								"$key": "s",
								"offset": [ 16, 16 ] }
						}, {	"d@elytra_screen_hud_features.key_item": {
								"$key": "d",
								"offset": [ 32, 16 ] }*/
						}
					] }
			}
		] }
}