{	"namespace": "elytra_screen_hud",

	"_info_1": "QQ: Bugjump (3071882091)",
	"_info_2": "Bilibili: Minecraft君9a7z (1345634151)",

	"_info_3": "未经允许，禁止使用任何此资源包的代码（可参考，但禁止复制）",
	"_info_4": "原作者保留任何权益",

	"hud_content@elytra_variables.hud": {
		"type": "panel",

		"controls": [
			{ "fallback@hud.hud_content": { "ignored": "$NFrame_HUD" } },
			{ "hud_menu@elytra_screen_hud_menu.hud_menu": { "ignored": "(not $NFrame_HUD)" } },
			{	"hud_utils": {
					"ignored": "(not $NFrame_HUD)",

					"type": "panel",
					"controls": [
						// { "getKeyDown@UIPublicLib/utils/getKeyDown.main": { } },
						{ "get_position@elytra_screen_hud_utils.get_position": { } }
					] }
			}, {	"hud_main_container": {
					"type": "panel",

					"ignored": "(not $NFrame_HUD)",

					"bindings": [
						{	"binding_type": "view",
							"source_control_name": "menu_toggle",
							"source_property_name": "(not #toggle_state)",
							"target_property_name": "#visible" }
					],

					"controls": [
						{ "bottom_elements@elytra_screen_hud_minecraft_elements.bottom_elements": { } },
						{ "left_elements@elytra_screen_hud_minecraft_elements.left_elements": { } },
						{ "scoreboard_panel@elytra_screen_hud_minecraft_elements.scoreboard_panel": { } },
						{ "commands_panel@elytra_screen_hud_minecraft_elements.commands_panel": { } },
						{ "features_panel@elytra_screen_hud_features.features_panel": { } }
					] }
			}, {	"menu_toggle@elytra_tges.base_tge": {
					"ignored": "(not $NFrame_HUD)",

					"size": [ 20, 20 ],
					"offset": [ 20, -20 ],
					"anchor_from": "bottom_left",
					"anchor_to": "bottom_left",
					"layer": 170,
					"button_mappings": [
						{	"from_button_id": "button.menu_select",
							"to_button_id": "button.menu_select",
							"mapping_type": "double_pressed" }
					],
					"bindings": [
						{	"binding_type": "view",
							"source_control_name": "drag_toggle",
							"source_property_name": "(not #toggle_state)",
							"target_property_name": "#enabled" }
					] }
			}
		] }
}