{	"namespace": "elytra_screen_hud_menu",

	"_info_1": "QQ: Bugjump (3071882091)",
	"_info_2": "Bilibili: Minecraft君9a7z (1345634151)",

	"_info_3": "未经允许，禁止使用任何此资源包的代码（可参考，但禁止复制）",
	"_info_4": "原作者保留任何权益",

	"tab_divider": {
		"type": "image",
		"texture": "UITextureBase/fill_white",
		"color": "$accent_color",
		"fill": true,

		"size": "$horizontal_layout_toggle_divider_size",
		"anchor_from": "left_middle",
		"anchor_to": "left_middle",

		"layer": 1,

		"anims": [
			"@elytra_screen_hud_menu.tabview_accent_select_animation"
		] },

	"tabview_accent_select_animation": {
		"anim_type": "size",
		"duration": 0.5,
		"easing": "$ui_animation_easing",
		"from": [ 2, 0 ],
		"to": "$horizontal_layout_toggle_divider_size" },

	"tab_divider_reverse": {
		"type": "image",
		"texture": "UITextureBase/fill_white",
		"color": "$accent_color",
		"fill": true,

		"size": "$horizontal_layout_toggle_divider_size",
		"anchor_from": "left_middle",
		"anchor_to": "left_middle",

		"layer": 1,

		"anims": [
			"@elytra_screen_hud_menu.tabview_accent_select_animation_reverse"
		] },

	"tabview_accent_select_animation_reverse": {
		"anim_type": "size",
		"duration": 0.5,
		"easing": "$ui_animation_easing",
		"to": [ 2, 0 ],
		"from": "$horizontal_layout_toggle_divider_size" },

	"accent_divider": {
		"type": "collection_panel",
		"size": [ "100%", "100%" ],
		"anchor_from": "top_left",
		"anchor_to": "top_left",
		"propagate_alpha": true,
		"layer": 10,
		"factory": {
			"name": "divider_factory",
			"control_name": "elytra_screen_hud_menu.tab_divider",
			"max_children_size": 1 },
		"bindings": [
			{	"binding_type": "view",
				"source_control_name": "$control_name",
				"source_property_name": "#toggle_state",
				"target_property_name": "#toggle_state" },
			{	"binding_type": "view",
				"source_property_name": "(1 * #toggle_state)",
				"target_property_name": "#alpha" },
			{	"binding_type": "view",
				"source_property_name": "(1 * #toggle_state)",
				"target_property_name": "#collection_length" }
		] },

	"accent_divider_reverse": {
		"type": "collection_panel",
		"size": [ "100%", "100%" ],
		"anchor_from": "top_left",
		"anchor_to": "top_left",
		"propagate_alpha": true,
		"layer": 10,
		"factory": {
			"name": "divider_reverse_factory",
			"control_name": "elytra_screen_hud_menu.tab_divider_reverse",
			"max_children_size": 1 },
		"bindings": [
			{	"binding_type": "view",
				"source_control_name": "$control_name",
				"source_property_name": "#toggle_state",
				"target_property_name": "#toggle_state" },
			{	"binding_type": "view",
				"source_property_name": "(1 * (not #toggle_state))",
				"target_property_name": "#alpha" },
			{	"binding_type": "view",
				"source_property_name": "(1 * (not #toggle_state))",
				"target_property_name": "#collection_length" }
		] },

	"menu_item@elytra_tges.base_tge": {
		"size": [ "100%", 24 ],

		"$unchecked_toggle_background_alpha": 0.0,
		"$checked_toggle_background_alpha": 0.0,

		"$button_text_alignment": "left",
		"$button_text_size": [ "100% - 4px", "default" ],
		"$button_text_offset": [ 4, 0 ],
		"$button_text_anchor": "left_middle",

		"$control_name|default": "menu_item",

		"$extra_control_1": "@elytra_screen_hud_menu.accent_divider",
		"$extra_control_2": "@elytra_screen_hud_menu.accent_divider_reverse" },

	"menu_settings_item@elytra_tges.base_tge": {
		"size": [ 24, 24 ],

		"$unchecked_toggle_background_alpha": 0.0,
		"$checked_toggle_background_alpha": 0.0,

		"$button_icon": "Elytra_UI/textures/icons/settings",
		"$button_icon_size": [ 16, 16 ],
		"$button_icon_offset": [ 0, 0 ],
		"$button_icon_anchor": "center",

		"toggle_name": "menu_settings_item",
		"radio_toggle_group": true,

		"$control_name|default": "menu_item" },

	"menu_expand_item@elytra_tges.base_tge": {
		"size": [ 24, 24 ],

		"$unchecked_toggle_background_alpha": 0.0,
		"$checked_toggle_background_alpha": 0.0,

		"$button_icon|default": "",
		"$button_icon_size": [ 16, 16 ],
		"$button_icon_offset": [ 0, 0 ],
		"$button_icon_anchor": "center",

		"$states_panel_variables": [
			{	"requires": "$is_checked",
				"$button_icon": "Elytra_UI/textures/icons/arrow_down" },
			{	"requires": "(not $is_checked)",
				"$button_icon": "Elytra_UI/textures/icons/arrow_right" }
		],

		"$control_name|default": "menu_item" },

	"menu_stack_main": {
		"type": "stack_panel",
		"orientation": "vertical",

		"size": [ "100% - 24px", "100%c" ],
		"offset": [ 0, 0 ],
		"anchor_from": "top_left",
		"anchor_to": "top_left",

		"controls": [
			{	"show_bottom_element_toggle@elytra_screen_hud_menu.menu_item": {
					"$button_text": "Elytra_UI.screens.Hud.Menu.Main.BottomElement",
					"$control_name": "show_bottom_element_toggle",
					"toggle_default_state": "$bottom_element" }
			}, {	"show_chat_msg_toggle@elytra_screen_hud_menu.menu_item": {
					"$button_text": "Elytra_UI.screens.Hud.Menu.Main.ChatMsg",
					"$control_name": "show_chat_msg_toggle",
					"toggle_default_state": "$chat_msg" }
			}, {	"inventory_display_toggle@elytra_screen_hud_menu.menu_item": {
					"$button_text": "Elytra_UI.screens.Hud.Menu.Main.Inventory",
					"$control_name": "inventory_display_toggle",
					"toggle_default_state": "$inventory_display" }
			}
		] },

	"menu_stack_option_button": {
		"type": "stack_panel",
		"orientation": "vertical",

		"size": [ "100%", "100%c" ],
		"offset": [ 0, 0 ],
		"anchor_from": "top_left",
		"anchor_to": "top_left",

		"controls": [
			{	"bottom_element_settings@elytra_screen_hud_menu.menu_settings_item": {
					"$control_name": "bottom_element_settings",
					"toggle_group_forced_index": 1 }
			}, {	"chat_msg_settings@elytra_screen_hud_menu.menu_settings_item": {
					"$control_name": "chat_msg_settings",
					"toggle_group_forced_index": 2 }
			}
		] },

	"options_title_bar_panel": {
		"type": "panel",

		"size": [ "100%", 22 ],

		"layer": 1,

		"controls": [
			{	"title_background": {
					"type": "image",

					"texture": "UITextureBase/fill_white",
					"color": "$menu_options_title_bar_background_color",
					"alpha": "$menu_options_title_bar_background_alpha",
					"fill": true,

					"size": [ "100%", "100% - 4px" ],
					"offset": [ 0, 0 ],
					"anchor_from": "top_left",
					"anchor_to": "top_left",

					"layer": 1 }
			}, {	"title_bar_text": {
					"type": "label",
					"text": "$text",
					"color": "$menu_options_title_bar_text_color",
					"font_type": "$ui_font_type",

					"size": [ "100%", 10 ],
					"offset": [ 4, 4 ],
					"anchor_from": "top_left",
					"anchor_to": "top_left",

					"layer": 2 }
			}
		] },

	"options_subtitle_bar_panel": {
		"type": "panel",

		"size": [ "100%", 12 ],

		"layer": 1,

		"controls": [
			{	"title_bar_text": {
					"type": "label",
					"text": "$text",
					"color": "$accent_color",
					"font_type": "$ui_font_type",

					"size": [ "100%", 10 ],
					"offset": [ 4, 2 ],
					"anchor_from": "top_left",
					"anchor_to": "top_left",

					"layer": 2 }
			}
		] },

	"menu_stack_options": {
		"type": "stack_panel",
		"orientation": "vertical",

		"size": [ "100%", "100%c" ],
		"offset": [ 0, 0 ],
		"anchor_from": "top_left",
		"anchor_to": "top_left",

		"controls": [
			{	"bottom_element_settings_panel": {
					"type": "stack_panel",
					"orientation": "vertical",

					"size": [ "100%", "100%c" ],
					"offset": [ 0, 0 ],
					"anchor_from": "top_left",
					"anchor_to": "top_left",

					"bindings": [
						{	"binding_type": "view",
							"source_control_name": "bottom_element_settings",
							"source_property_name": "#toggle_state",
							"target_property_name": "#visible" }
					],

					"controls": [
						{ "title_bar@elytra_screen_hud_menu.options_title_bar_panel": { "$text": "Elytra_UI.screens.Hud.Menu.Main.BottomElement" } },
						{	"show_status_toggle@elytra_screen_hud_menu.menu_item": {
								"$button_text": "Elytra_UI.screens.Hud.Menu.Main.BottomElement.Status",
								"$control_name": "show_status_toggle",
								"toggle_default_state": "$show_status" }
						}, {	"hotbar_panel": {
								"type": "stack_panel",
								"orientation": "horizontal",

								"size": [ "100%", 24 ],
								"offset": [ 0, 0 ],
								"anchor_from": "top_left",
								"anchor_to": "top_left",

								"controls": [
									{	"show_hotbar_toggle@elytra_screen_hud_menu.menu_item": {
											"$button_text": "Elytra_UI.screens.Hud.Menu.Main.BottomElement.Hotbar",
											"$control_name": "show_hotbar_toggle",
											"toggle_default_state": "$show_hotbar",
											"size": [ "fill", "100%" ] }
									}, {	"verbose_hotbar_toggle@elytra_screen_hud_menu.menu_expand_item": {
											"$control_name": "verbose_hotbar_toggle",
											"size": [ 24, "100%" ] }
									}
								] }
						}, {	"hotbar_panel_options": {
								"type": "stack_panel",
								"orientation": "horizontal",

								"size": [ "100%", "100%c" ],
								"offset": [ 0, 0 ],
								"anchor_from": "top_left",
								"anchor_to": "top_left",

								"bindings": [
									{	"binding_type": "view",
										"source_control_name": "verbose_hotbar_toggle",
										"source_property_name": "#toggle_state",
										"target_property_name": "#visible" }
								],

								"controls": [
									{	"padding@elytra_paddings.x_24_padding": { } },
									{	"hotbar_panel_options": {
											"type": "stack_panel",
											"orientation": "vertical",

											"size": [ "fill", "100%c" ],
											"offset": [ 0, 0 ],
											"anchor_from": "top_left",
											"anchor_to": "top_left",

											"controls": [
												{	"slider@elytra_slider.base_slider": { } },
												{	"fillsize_hotbar_background_toggle@elytra_screen_hud_menu.menu_item": {
														"$button_text": "Elytra_UI.screens.Hud.Menu.Main.BottomElement.Hotbar.FillsizeBackground",
														"$control_name": "fillsize_hotbar_background_toggle",
														"toggle_default_state": "$fillsize_hotbar_background" }
												}, {	"hotbar_background_alpha_slider@elytra_slider.base_slider": {
														"$slider_text": "Elytra_UI.screens.Hud.Menu.Main.BottomElement.Hotbar.BackgroundAlpha",
														"$control_name": "hotbar_background_alpha_slider",
														"slider_name": "hotbar_background_alpha_slider",
														"slider_steps": 3,
														"slider_value": 2.0,
														"property_bag": {
															"#slider_steps": 3,
															"#slider_value": 2.0
														} }
												}
											] }
									}
								] }
						}
					] }
			}, {	"chat_msg_settings_panel": {
					"type": "stack_panel",
					"orientation": "vertical",

					"size": [ "100%", "100%c" ],
					"offset": [ 0, 0 ],
					"anchor_from": "top_left",
					"anchor_to": "top_left",

					"bindings": [
						{	"binding_type": "view",
							"source_control_name": "chat_msg_settings",
							"source_property_name": "#toggle_state",
							"target_property_name": "#visible" }
					],

					"controls": [
						{ "title_bar@elytra_screen_hud_menu.options_title_bar_panel": { "$text": "Elytra_UI.screens.Hud.Menu.Main.ChatMsg" } },
						{ "chat_msg_anchor_toggle_title_bar@elytra_screen_hud_menu.options_subtitle_bar_panel": { "$text": "Elytra_UI.screens.Hud.Menu.Main.ChatMsg.Position" } },
						{	"chat_msg_anchor_top_toggle@elytra_screen_hud_menu.menu_item": {
								"$button_text": "Elytra_UI.screens.Hud.Menu.Main.ChatMsg.Position.Top",
								"$control_name": "chat_msg_anchor_top_toggle",
								"toggle_name": "chat_msg_anchor_toggle",
								"radio_toggle_group": true,
								"toggle_group_forced_index": 0,
								"toggle_group_default_selected": "$chat_anchor" }
						}, {	"chat_msg_anchor_bottom_toggle@elytra_screen_hud_menu.menu_item": {
								"$button_text": "Elytra_UI.screens.Hud.Menu.Main.ChatMsg.Position.Bottom",
								"$control_name": "chat_msg_anchor_bottom_toggle",
								"toggle_name": "chat_msg_anchor_toggle",
								"radio_toggle_group": true,
								"toggle_group_forced_index": 1,
								"toggle_group_default_selected": "$chat_anchor" }
						}
					] }
			}
		] },

	"menu_stack": {
		"type": "stack_panel",
		"orientation": "horizontal",

		"size": [ "100%", "100%cm" ],
		"offset": [ 0, 0 ],
		"anchor_from": "top_left",
		"anchor_to": "top_left",

		"controls": [
			{ "menu_stack_main@elytra_screen_hud_menu.menu_stack_main": { } },
			{ "menu_stack_option_button@elytra_screen_hud_menu.menu_stack_option_button": { } }
		] },

	"menu_content": {
		"type": "stack_panel",
		"orientation": "horizontal",

		"size": [ "100%", "100%" ],
		"offset": [ 0, 0 ],
		"anchor_from": "top_left",
		"anchor_to": "top_left",

		"layer": 10,

		"controls": [
			{	"menu_scroll_view@elytra_common.scroll_view": {
					"$scroll_content": "@elytra_screen_hud_menu.menu_stack",

					"size": [ "fill", "100%" ],
					"offset": [ 0, 0 ],
					"anchor_from": "top_left",
					"anchor_to": "top_left" }
			}, {	"menu_options_scroll_view@elytra_common.scroll_view": {
					"$scroll_content": "@elytra_screen_hud_menu.menu_stack_options",

					"size": [ 120, "100%" ],
					"offset": [ 0, 0 ],
					"anchor_from": "top_left",
					"anchor_to": "top_left" }
			}
		] },

	"hud_menu@elytra_variables.hud_menu": {
		"type": "stack_panel",

		"size": [ "100%", "100%" ],
		"offset": [ 0, 0 ],
		"anchor_from": "center",
		"anchor_to": "center",

		"bindings": [
			{	"binding_type": "view",
				"source_control_name": "menu_toggle",
				"source_property_name": "#toggle_state",
				"target_property_name": "#visible" }
		],

		"controls": [
			{	"title_bar_panel": {
					"type": "panel",
					"size": "$menu_title_bar_size",
					"layer": 1,
					"controls": [
						{	"clickable_panel": {
								"type": "input_panel",

								"size": [ "100%", "100%" ],
								"offset": [ 0, 0 ],
								"anchor_from": "top_left",
								"anchor_to": "top_left",

								"layer": 1,

								"button_mappings": [
									{	"from_button_id": "button.menu_select",
										"to_button_id": "button.menu_select",
										"mapping_type": "pressed" }
								] }
						}, {	"title_background": {
								"type": "image",

								"texture": "UITextureBase/fill_white",
								"color": "$menu_title_bar_background_color",
								"alpha": "$menu_title_bar_background_alpha",
								"fill": true,

								"size": [ "100%", "100%" ],
								"offset": [ 0, 0 ],
								"anchor_from": "top_left",
								"anchor_to": "top_left",

								"layer": 1 }/*
						}, {	"title_bar_text": {
								"type": "label",
								"text": "Elytra Menu",
								"color": "$menu_title_bar_text_color",
								"font_type": "$ui_font_type",

								"size": [ "100%", 10 ],
								"offset": [ 4, 4 ],
								"anchor_from": "top_left",
								"anchor_to": "top_left",

								"layer": 2 }*/
						}, {	"menu_title_back_toggle@elytra_tges.back_tge": {
								"$button_text": "Elytra Menu",
								// "color": "$menu_title_bar_text_color",

								"offset": [ 4, 0 ],
								"anchor_from": "top_left",
								"anchor_to": "top_left",

								"$onhover": "button.menu_title_back_toggle.hovered",

								"layer": 2 }
						}
					] }
			}, {	"content_panel": {
					"type": "panel",
					"size": [ "100%", "fill" ],
					"layer": 1,
					"controls": [
						{	"clickable_panel": {
								"type": "input_panel",

								"size": [ "100%", "100%" ],
								"offset": [ 0, 0 ],
								"anchor_from": "top_left",
								"anchor_to": "top_left",

								"layer": 1,

								"button_mappings": [
									{	"from_button_id": "button.menu_select",
										"to_button_id": "button.menu_select",
										"mapping_type": "pressed" }
								] }
						}, {	"background": {
								"type": "image",

								"texture": "UITextureBase/fill_white",
								"color": "$menu_background_color",
								"alpha": "$menu_background_alpha",
								"fill": true,

								"size": [ "100%", "100%" ],
								"offset": [ 0, 0 ],
								"anchor_from": "top_left",
								"anchor_to": "top_left",

								"layer": 1 }
						}, {	"sidebar_view@elytra_sidebar.sidebar_view": {
								"$main_screen_content": "@elytra_screen_hud_menu.menu_content",
								"$show_blur_background": false,
								"$container_controls": [
								] }
						}
					] }
			}
		] }
}