{	"namespace": "elytra_screen_hud_minecraft_elements",

	"_info_1": "QQ: Bugjump (3071882091)",
	"_info_2": "Bilibili: Minecraft君9a7z (1345634151)",

	"_info_3": "未经允许，禁止使用任何此资源包的代码（可参考，但禁止复制）",
	"_info_4": "原作者保留任何权益",

	"hotbar_grid_item": {
		"type": "panel",
		"size": [ 20, 18 ],
		"layer": 2,
		"controls": [
			{	"hotbar_hud_item_icon@elytra_gameplay.item_renderer": {
					"size": [ 16, 16 ],
					"layer": 1,
					"$item_collection_name": "$hotbar_collection_name",
					"property_bag": {
						"force_update": true
					} }
			}, {	"hotbar_hud_stack_count": {
					"type": "label",
					"text": "#inventory_stack_count",
					"font_type": "$ui_font_type",
					"shadow": true,

					"size": [ "default", "default" ],
					"offset": [ 0, 0 ],
					"anchor_from": "bottom_right",
					"anchor_to": "bottom_right",

					"layer": 2,
					"$item_collection_name": "$hotbar_collection_name",
					"bindings": [
						{	"binding_name": "#inventory_stack_count",
							"binding_type": "collection",
							"binding_collection_name": "$item_collection_name" }
					] }
			}, {	"hotbar_hud_selected_indicator": {
					"type": "image",
					"texture": "UITextureBase/fill_white",
					"fill": true,

					"size": [ 18, 1 ],
					"offset": [ 0, 0 ],
					"anchor_from": "top_middle",
					"anchor_to": "top_middle",

					"layer": 3,
					"$item_collection_name": "$hotbar_collection_name",
					"bindings": [
						{	"binding_name": "#slot_selected",
							"binding_name_override": "#visible",
							"binding_type": "collection",
							"binding_collection_name": "$item_collection_name" }
					] }
			}, {	"gui_hotbar_slot_button_prototype": {
					"type": "button",
					"$hotbar_select|default": "button.hotbar_select",

					"layer": 4,
					"button_mappings": [
						{	"from_button_id": "button.menu_select",
							"to_button_id": "$hotbar_select",
							"mapping_type": "pressed",
							"button_up_right_of_first_refusal": true },
						{	"from_button_id": "button.menu_ok",
							"to_button_id": "button.hotbar_ok",
							"mapping_type": "focused" },
						{	"to_button_id": "button.slot_pressed",
							"mapping_type": "pressed" }
					],
					"bindings": [
						{	"binding_collection_name": "$hotbar_collection_name",
							"binding_type": "collection_details" }
					] }
			}
		] },

	"show_hotbar_grid_item": {
		"type": "panel",

		"size": [ 18, 18 ],
		"anchor_from": "top_left",
		"anchor_to": "top_left",

		"collection_index": "$index",

		"layer": 2,

		"controls": [
			{	"hotbar_hud_item_icon@elytra_gameplay.item_renderer": {
					"size": [ 16, 16 ],
					"layer": 1,
					"$item_collection_name": "$hotbar_collection_name",
					"property_bag": {
						"force_update": true
					} }
			}, {	"hotbar_hud_stack_count": {
					"type": "label",
					"text": "#inventory_stack_count",
					"font_type": "$ui_font_type",
					"shadow": true,

					"size": [ "default", "default" ],
					"offset": [ 0, 0 ],
					"anchor_from": "bottom_right",
					"anchor_to": "bottom_right",

					"layer": 2,
					"$item_collection_name": "$hotbar_collection_name",
					"bindings": [
						{	"binding_name": "#inventory_stack_count",
							"binding_type": "collection",
							"binding_collection_name": "$item_collection_name" }
					] }
			}, {	"hotbar_hud_selected_indicator": {
					"type": "image",
					"texture": "UITextureBase/fill_white",
					"fill": true,

					"size": [ 18, 1 ],
					"offset": [ 0, 0 ],
					"anchor_from": "top_middle",
					"anchor_to": "top_middle",

					"layer": 3,
					"$item_collection_name": "$hotbar_collection_name",
					"bindings": [
						{	"binding_name": "#slot_selected",
							"binding_name_override": "#visible",
							"binding_type": "collection",
							"binding_collection_name": "$item_collection_name" }
					] }
			}
		] },

	"hotbar_grid": {
		"type": "grid",

		"$hotbar_collection_name|default": "hotbar_items",
		"grid_item_template": "elytra_screen_hud_minecraft_elements.hotbar_grid_item",
		"grid_dimension_binding": "#hotbar_grid_dimensions",
		"collection_name": "$hotbar_collection_name",

		"size": [ 180, 18 ],
		"anchor_from": "bottom_middle",
		"anchor_to": "bottom_middle",

		"bindings": [
			{	"binding_name": "#hotbar_grid_dimensions",
				"binding_type": "global" }
		] },

	"status_bar_background": {
		"type": "image",

		"texture": "UITextureBase/fill_white",
		"fill": true,
		"color": "$status_bar_bg_color",
		"alpha": "$status_bar_bg_alpha",

		"size": [ 81, 7 ],
		"offset": [ 0, 0 ],
		"anchor_from": "top_left",
		"anchor_to": "top_left",

		"layer": 1 },

	"status_panel": {
		"type": "panel",

		"size": [ 178, 18 ],
		"offset": [ 0, -24 ],
		"anchor_from": "bottom_middle",
		"anchor_to": "bottom_middle",

		"bindings": [
			{ "binding_name": "#show_survival_ui" },
			{	"binding_type": "view",
				"source_control_name": "show_status_toggle",
				"source_property_name": "#toggle_state",
				"target_property_name": "#toggle_state" },
			{	"binding_type": "view",
				"source_property_name": "(#show_survival_ui and #toggle_state)",
				"target_property_name": "#visible" }
		],

		"controls": [
			{	"heart_background@elytra_screen_hud_minecraft_elements.status_bar_background": {
					"offset": [ 0, 0 ],
					"anchor_from": "bottom_left",
					"anchor_to": "bottom_left" }
			}, {	"heart_renderer": {
					"type": "custom",
					"renderer": "heart_renderer",

					"size": [ 1, 1 ],
					"offset": [ 0, -7 ],
					"anchor_from": "bottom_left",
					"anchor_to": "bottom_left",

					"layer": 2 }
			}, {	"hunger_background@elytra_screen_hud_minecraft_elements.status_bar_background": {
					"offset": [ 0, 0 ],
					"anchor_from": "bottom_right",
					"anchor_to": "bottom_right" }
			}, {	"hunger_renderer": {
					"type": "custom",
					"renderer": "hunger_renderer",

					"size": [ 1, 1 ],
					"offset": [ 0, -7 ],
					"anchor_from": "bottom_right",
					"anchor_to": "bottom_right",

					"layer": 2 }
			}, {	"armor_background@elytra_screen_hud_minecraft_elements.status_bar_background": {
					"offset": [ 0, -9 ],
					"anchor_from": "bottom_left",
					"anchor_to": "bottom_left" }
			}, {	"armor_renderer": {
					"type": "custom",
					"renderer": "armor_renderer",

					"size": [ 1, 1 ],
					"offset": [ 0, -6 ],
					"anchor_from": "bottom_left",
					"anchor_to": "bottom_left",

					"layer": 2 }
			}, {	"bubbles_background@elytra_screen_hud_minecraft_elements.status_bar_background": {
					"offset": [ 0, -9 ],
					"anchor_from": "bottom_right",
					"anchor_to": "bottom_right" }
			}, {	"bubbles_renderer": {
					"type": "custom",
					"renderer": "bubbles_renderer",

					"size": [ 1, 1 ],
					"offset": [ 0, -16 ],
					"anchor_from": "bottom_right",
					"anchor_to": "bottom_right",

					"layer": 2 }
			}
		] },

	"bottom_elements": {
		"type": "panel",

		"size": [ "100%", 42 ],
		"anchor_from": "bottom_middle",
		"anchor_to": "bottom_middle",

		"anims": [
			"@elytra_screen_hud_animations.hotbar_exit_animation_push",
			"@elytra_screen_hud_animations.hotbar_exit_animation_pop",
			"@elytra_screen_hud_animations.hotbar_entrance_animation_push",
			"@elytra_screen_hud_animations.hotbar_entrance_animation_pop" ],
		"animation_reset_name": "screen_animation_reset",

		"controls": [
			{	"xp_bar@elytra_progress.progress_bar_determinate": {
					"$progress_bar_background_color": "$xp_bar_bg_color",
					"$progress_bar_background_alpha": "$xp_bar_bg_alpha",

					"size": [ 178, 2 ],
					"offset": [ 0, -20 ],
					"anchor_from": "bottom_middle",
					"anchor_to": "bottom_middle",

					"$bar_bindings": [
						{	"binding_name": "#exp_progress",
							"binding_name_override": "#clip_ratio" }
					] }
			}, {	"xp_label": {
					"type": "label",
					"text": "#level_number",
					"color": "$accent_color",
					"font_type": "$ui_font_type",

					"size": [ "default", "default" ],
					"offset": [ 0, -22 ],
					"anchor_from": "bottom_middle",
					"anchor_to": "bottom_middle",

					"bindings": [
						{ "binding_name": "#level_number" }
					] }
			}, {	"horse_jump_renderer": {
					"type": "custom",
					"renderer": "horse_jump_renderer",

					"size": [ 178, 2 ],
					"offset": [ 0, -20 ],
					"anchor_from": "bottom_middle",
					"anchor_to": "bottom_middle" }
			}, {	"dash_renderer": {
					"type": "custom",
					"renderer": "dash_renderer",

					"size": [ 178, 2 ],
					"offset": [ 0, -20 ],
					"anchor_from": "bottom_middle",
					"anchor_to": "bottom_middle" }
			}, {	"status_panel@elytra_screen_hud_minecraft_elements.status_panel": { }
			}, {	"hotbar_elements": {
					"type": "panel",

					"size": [ "100%", 18 ],
					"anchor_from": "bottom_middle",
					"anchor_to": "bottom_middle",

					"bindings": [
						{ "binding_name": "#hotbar_visible" },
						{	"binding_type": "view",
							"source_control_name": "show_hotbar_toggle",
							"source_property_name": "#toggle_state",
							"target_property_name": "#toggle_state" },
						{	"binding_type": "view",
							"source_property_name": "(#hotbar_visible and #toggle_state)",
							"target_property_name": "#visible" }
					],

					"controls": [
						{	"hotbar_background": {
								"type": "image",
								"texture": "UITextureBase/fill_white",
								"fill": true,
								"color": "$hotbar_color",
								"alpha": "$hotbar_alpha",

								"size": [ 178, "100%" ],
								"offset": [ 0, 0 ],
								"anchor_from": "top_middle",
								"anchor_to": "top_middle",

								"layer": 1,

								"bindings": [
									{	"binding_type": "view",
										"source_control_name": "fillsize_hotbar_background_toggle",
										"source_property_name": "(not #toggle_state)",
										"target_property_name": "#visible" }
								] }
						}, {	"fillsize_hotbar_background": {
								"type": "image",
								"texture": "UITextureBase/fill_white",
								"fill": true,
								"color": "$hotbar_color",
								"alpha": "$hotbar_alpha",

								"size": [ "100%", "100%" ],
								"offset": [ 0, 0 ],
								"anchor_from": "top_left",
								"anchor_to": "top_left",

								"layer": 1,

								"bindings": [
									{	"binding_type": "view",
										"source_control_name": "fillsize_hotbar_background_toggle",
										"source_property_name": "#toggle_state",
										"target_property_name": "#visible" }
								] }
						},
						{ "hotbar_grid@elytra_screen_hud_minecraft_elements.hotbar_grid": { } },
						{	"inventory_button@elytra_btns.base_btn": {
								"ignored": "(not $touch)",
								"$onclick": "button.hotbar_inventory_button",

								"$default_control": "default@elytra_common.empty_panel",
								"$hover_control": "hover@elytra_common.empty_panel",
								"$pressed_control": "pressed@elytra_common.empty_panel",
								"$locked_control": "locked@elytra_common.empty_panel",

								"$glint_alpha": 0.0,

								"prevent_touch_input": true,
								"$can_touch_below": false,
								"consume_hover_events": true,

								"size": [ 18, 18 ],
								"offset": [ 98, 0 ],
								"anchor_from": "bottom_middle",
								"anchor_to": "bottom_middle",

								"layer": 6 }
						}
					] }
			}
		] },

	"left_binding_label": {
		"type": "image",

		"texture": "UITextureBase/fill_white",
		"fill": true,
		"color": "$left_binding_label_bg_color",
		"alpha": "$left_binding_label_bg_alpha",

		"size": [ "100%c + 4px", "100%c + 4px" ],
		"offset": [ 0, 0 ],
		"anchor_from": "top_left",
		"anchor_to": "top_left",

		"layer": 1,

		"controls": [
			{	"left_binding_label": {
					"type": "label",

					"text": "$text",
					"color": "$left_binding_label_color",

					"size": [ "default", "default" ],
					"offset": [ 2, 2 ],
					"anchor_from": "top_left",
					"anchor_to": "top_left",

					"layer": 1,

					"bindings": "$text_bindings" }
			}
		] },

	"chat_msg_item_animation_in": {
		"anim_type": "size",
		"easing": "$chat_in_animation_easing",
		"duration": 0.5,
		"from": [ "100%", 0 ],
		"to": [ "100%", "100%c" ],
		"next": "@elytra_screen_hud_minecraft_elements.chat_msg_item_animation_wait" },

	"chat_msg_item_animation_wait": {
		"anim_type": "wait",
		"duration": "$chat_item_lifetime",
		"next": "@elytra_screen_hud_minecraft_elements.chat_msg_item_animation_wait2" },

	"chat_msg_item_animation_wait2": {
		"anim_type": "wait",
		"duration": 0.5,
		"next": "@elytra_screen_hud_minecraft_elements.chat_msg_item_animation_out" },

	"chat_msg_item_animation_out": {
		"anim_type": "size",
		"easing": "$chat_out_animation_easing",
		"duration": 0.5,
		"to": [ "100%", 0 ],
		"from": [ "100%", "100%c" ],
		"destroy_at_end": "chat_msg_item" },

	"chat_msg_item@elytra_variables.hud": {
		"type": "panel",

		"size": [ "100%", "100%c" ],
		"offset": [ 0, 0 ],
		"anchor_from": "top_left",
		"anchor_to": "top_left",

		"anims": [ "@elytra_screen_hud_minecraft_elements.chat_msg_item_animation_in" ],

		"clips_children": true,

		"bindings": [
			// zh_CN
			{	"binding_type": "view",
				"source_property_name": "(not (#text = '§7你只能在晚上和雷雨天睡觉' or #text = '§7你现在不能休息，周围有怪物在游荡' or #text = '§7这张床已被占用' or #text = '§7重生点设置' or #text = '§7床太远了' or #text = '§7床被阻挡'))",
				"target_property_name": "#visible" }
		],

		"controls": [
			{ "chat_msg_item_content@elytra_screen_hud_minecraft_elements.chat_msg_item_content": { } }
		] },

	"chat_msg_item_content_animation_in": {
		"anim_type": "offset",
		"easing": "$chat_in_animation_easing",
		"duration": 0.5,
		"from": [ "-100%", 0 ],
		"to": [ 0, 0 ],
		"next": "@elytra_screen_hud_minecraft_elements.chat_msg_item_content_animation_wait" },

	"chat_msg_item_content_animation_wait": {
		"anim_type": "wait",
		"duration": "$chat_item_lifetime",
		"next": "@elytra_screen_hud_minecraft_elements.chat_msg_item_content_animation_out" },

	"chat_msg_item_content_animation_out": {
		"anim_type": "offset",
		"easing": "$chat_out_animation_easing",
		"duration": 0.5,
		"to": [ "-100%", 0 ],
		"from": [ 0, 0 ] },

	"chat_msg_item_progress_animation_wait": {
		"anim_type": "wait",
		"duration": 0.5,
		"next": "@elytra_screen_hud_minecraft_elements.chat_msg_item_progress_animation_sizing" },

	"chat_msg_item_progress_animation_sizing": {
		"anim_type": "size",
		"easing": "linear",
		"duration": "$chat_item_lifetime",
		"from": [ "100%", 1 ],
		"to": [ 0, 1 ] },

	"chat_msg_item_content": {
		"type": "panel",

		"size": [ "100%", "100%cm + 1px" ],
		"offset": [ 0, 0 ],
		"anchor_from": "top_left",
		"anchor_to": "top_left",

		"anims": [ "@elytra_screen_hud_minecraft_elements.chat_msg_item_content_animation_in" ],

		"controls": [
			{	"background": {
					"type": "image",

					"texture": "UITextureBase/fill_white",
					"color": "$chat_background_color",
					"alpha": "$chat_background_alpha",
					"fill": true,

					"size": [ "100%", "100%sm" ],
					"offset": [ 0, 0 ],
					"anchor_from": "top_left",
					"anchor_to": "top_left",

					"layer": 1 }
			}, {	"server_message_divider": {
					"type": "image",

					"texture": "UITextureBase/fill_white",
					"color": [ 0.6, 0.6, 0.6 ],
					"fill": true,

					"size": [ 2, "100%sm" ],
					"offset": [ 0, 0 ],
					"anchor_from": "top_left",
					"anchor_to": "top_left",

					"layer": 2,

					"bindings": [
						{	"binding_type": "view",
							"source_property_name": "('§_' + #text)",
							"target_property_name": "#rtext" },
						{	"binding_type": "view",
							"source_property_name": "(#rtext - '§0' - '§1' - '§2' - '§3' - '§4' - '§5' - '§6' - '§7' - '§8' - '§9' - '§a' - '§b' - '§c' - '§d' - '§e' - '§f' - '§g' - '§h' - '§i' - '§j' - '§k' - '§l' - '§m' - '§n' - '§o' - '§p' - '§q' - '§r' - '§s' - '§t' - '§u' - '§v' - '§w' - '§x' - '§y' - '§z')",
							"target_property_name": "#rtext_nc" },
						{	"binding_type": "view",
							"source_property_name": "((#rtext_nc - '§_<') = #rtext_nc)",
							"target_property_name": "#visible" }
					] }
			}, {	"message_text": {
					"type": "label",

					"text": "#rtext",
					"color": "$chat_text_color",
					"alpha": "$chat_text_alpha",
					"fill": true,

					"size": [ "100% - 4px", "default" ],
					"max_size": [ "100% - 4px", "50px" ],
					"offset": [ 4, 0 ],
					"anchor_from": "top_left",
					"anchor_to": "top_left",

					"layer": 2,

					"bindings": [
						{	"binding_type": "view",
							"source_property_name": "('§_' + #text)",
							"target_property_name": "#rtext" }
					] }
			}, {	"message_progress": {
					"type": "image",

					"texture": "UITextureBase/fill_white",
					"color": "$accent_color",
					"fill": true,

					"size": [ "100%", 1 ],
					"offset": [ 0, "100%sm" ],
					"anchor_from": "top_left",
					"anchor_to": "top_left",

					"anims": [ "@elytra_screen_hud_minecraft_elements.chat_msg_item_progress_animation_wait" ],

					"layer": 2 }
			}
		] },

	"left_elements": {
		"type": "stack_panel",

		"size": [ "40%", "100%" ],
		"offset": [ 0, 0 ],
		"anchor_from": "top_left",
		"anchor_to": "top_left",

		"controls": [
			{	"position_text@elytra_screen_hud_minecraft_elements.left_binding_label": {
					"$text": "#additional_state",
					"$text_bindings": [
						{	"binding_type": "view",
							"source_control_name": "get_position",
							"source_property_name": "#additional_state",
							"target_property_name": "#additional_state" }
					] }
			}, {	"chat_panel": {
					"type": "stack_panel",

					"size": [ "100%", "fill" ],
					"offset": [ 0, 0 ],
					"anchor_from": "top_left",
					"anchor_to": "top_left",

					"bindings": [
						{	"binding_type": "view",
							"source_control_name": "get_position",
							"source_property_name": "#additional_state",
							"target_property_name": "#additional_state" }
					],

					"controls": [
						{	"padding_panel@elytra_paddings.padding_panel": {
								"size": [ "100%", "fill" ],
								"offset": [ 0, 0 ],
								"anchor_from": "top_left",
								"anchor_to": "top_left",

								"bindings": [
									{	"binding_type": "view",
										"source_control_name": "chat_msg_anchor_bottom_toggle",
										"source_property_name": "#toggle_state",
										"target_property_name": "#visible" }
								] }
						},
						{	"factory_stack": {
								"type": "stack_panel",

								"size": [ "100%", "100%c" ],
								"offset": [ 0, 0 ],
								"anchor_from": "top_left",
								"anchor_to": "top_left",

								"factory": {
									"name": "chat_item_factory",
									"max_children_size": 50,
									"control_ids": {
										"chat_item": "chat_item@elytra_screen_hud_minecraft_elements.chat_msg_item" }
								} }
						},
						{	"padding_bottom_fitting@elytra_paddings.padding_panel": {
								"size": [ "100%", 72 ],
								"offset": [ 0, 0 ],
								"anchor_from": "top_left",
								"anchor_to": "top_left",

								"bindings": [
									{	"binding_type": "view",
										"source_control_name": "chat_msg_anchor_bottom_toggle",
										"source_property_name": "#toggle_state",
										"target_property_name": "#visible" }
								] }
						}
					] }
			}
		] },

	"sidebar_player_item": {
		"type": "panel",
		"size": [ "100%cm + 24px", "100%cm" ],
		"controls": [
			{	"player_name_label": {
					"type": "label",

					"text": "#player_name_sidebar",
					"color": "$scoreboard_player_text_color",
					"text_alignment": "left",
					"font_type": "$ui_font_type",

					"size": [ "default", "default" ],
					"offset": [ 24, 0 ],
					"anchor_from": "top_left",
					"anchor_to": "top_left",

					"layer": 1,

					"bindings": [
						{	"binding_name": "#player_name_sidebar",
							"binding_type": "collection",
							"binding_collection_name": "scoreboard_players" }
					] }
			}, {	"player_scores_label": {
					"type": "label",

					"text": "#player_score_sidebar",
					"color": "$scoreboard_score_text_color",
					"text_alignment": "left",
					"font_type": "$ui_font_type",

					"size": [ "default", "default" ],
					"offset": [ 0, 0 ],
					"anchor_from": "top_left",
					"anchor_to": "top_left",

					"layer": 1,

					"bindings": [
						{	"binding_name": "#player_score_sidebar",
							"binding_type": "collection",
							"binding_collection_name": "scoreboard_scores" }
					] }
			}
		] },

	"scoreboard_panel": {
		"type": "stack_panel",

		"orientation": "vertical",

		"size": [ "100%cm", "100%c" ],
		"anchor_from": "right_middle",
		"anchor_to": "right_middle",

		"controls": [
			{	"scoreboard_title_background": {
					"type": "image",

					"texture": "UITextureBase/fill_white",
					"fill": true,
					"color": "$scoreboard_title_bg_color",
					"alpha": "$scoreboard_title_bg_alpha",

					"size": [ "100%sm", "100%c + 4px" ],
					"offset": [ 0, 0 ],
					"anchor_from": "top_left",
					"anchor_to": "top_left",

					"layer": 1,

					"controls": [
						{	"scoreboard_title_text": {
								"type": "label",

								"text": "#objective_sidebar_name",
								"color": "$scoreboard_title_text_color",
								"font_type": "$ui_font_type",

								"size": [ "default", "default" ],
								"offset": [ 2, 2 ],
								"anchor_from": "top_left",
								"anchor_to": "top_left",

								"layer": 1,

								"bindings": [
									{ "binding_name": "#objective_sidebar_name" }
								] }
						}
					] }
			}, {	"scoreboard_background": {
					"type": "image",

					"texture": "UITextureBase/fill_white",
					"fill": true,
					"color": "$scoreboard_bg_color",
					"alpha": "$scoreboard_bg_alpha",

					"size": [ "100%c + 4px", "100%c + 4px" ],
					"offset": [ 0, 0 ],
					"anchor_from": "top_left",
					"anchor_to": "top_left",

					"layer": 1,

					"controls": [
						{	"scoreboard_player_panel": {
								"type": "stack_panel",

								"orientation": "vertical",

								"size": [ "100%cm", "100%c" ],
								"offset": [ 2, 2 ],
								"anchor_from": "top_left",
								"anchor_to": "top_left",

								"layer": 1,

								"factory": {
									"name": "player_list_factory",
									"control_name": "elytra_screen_hud_minecraft_elements.sidebar_player_item" },

								"bindings": [
									{	"binding_name": "#scoreboard_sidebar_size",
										"binding_name_override": "#collection_length" }
								] }
						}
					] }
			}
		] },

	"title_text_alpha_animation_in": {
		"anim_type": "alpha",
		"easing": "out_cubic",
		"duration": 0.5,
		"from": 0.0,
		"to": 1.0,
		"next": "@elytra_screen_hud_minecraft_elements.title_text_alpha_animation_wait" },

	"title_text_alpha_animation_wait": {
		"anim_type": "wait",
		"duration": "$title_stay_time",
		"next": "@elytra_screen_hud_minecraft_elements.title_text_alpha_animation_out" },

	"title_text_alpha_animation_out": {
		"anim_type": "alpha",
		"easing": "out_cubic",
		"duration": 0.5,
		"to": 0.0,
		"from": 1.0 },

	"title_text_offset_animation_in": {
		"anim_type": "offset",
		"easing": "out_cubic",
		"duration": 0.5,
		"from": [ 0, 16 ],
		"to": [ 0, 0 ],
		"next": "@elytra_screen_hud_minecraft_elements.title_text_offset_animation_wait" },

	"title_text_offset_animation_wait": {
		"anim_type": "wait",
		"duration": "$title_stay_time",
		"next": "@elytra_screen_hud_minecraft_elements.title_text_offset_animation_out" },

	"title_text_offset_animation_out": {
		"anim_type": "offset",
		"easing": "out_cubic",
		"duration": 0.5,
		"to": [ 0, 16 ],
		"from": [ 0, 0 ],
		"destroy_at_end": "hud_title_text" },

	"title_text_progress_animation_wait": {
		"anim_type": "wait",
		"duration": 0.5,
		"next": "@elytra_screen_hud_minecraft_elements.title_text_progress_animation_out" },

	"title_text_progress_animation_out": {
		"anim_type": "size",
		"easing": "linear",
		"duration": "$title_stay_time",
		"to": [ 0, "100%" ],
		"from": [ "100%", "100%" ] },

	"hud_title_text@elytra_variables.global": {
		"type": "stack_panel",

		"orientation": "vertical",

		"size": [ "100%", "100%" ],
		"offset": [ 0, 0 ],
		"anchor_from": "top_left",
		"anchor_to": "top_left",

		"anims": [
			"@elytra_screen_hud_minecraft_elements.title_text_alpha_animation_in",
			"@elytra_screen_hud_minecraft_elements.title_text_offset_animation_in" ],
		"propagate_alpha": true,

		"controls": [
			{ "top_paddings@elytra_paddings.fill_y_padding": { } },
			{	"title_text": {
					"type": "label",

					"text": "#hud_title_text_string",
					"shadow": true,
					"font_type": "$ui_font_type",
					"font_scale_factor": 2.0,
					"text_alignment": "center",

					"size": [ "100%", "default" ],
					"offset": [ 0, 0 ],
					"anchor_from": "top_left",
					"anchor_to": "top_left",

					"layer": 1,

					"bindings": [
						{ "binding_name": "#hud_title_text_string" }
					] }
			}, {	"subtitle_text": {
					"type": "label",

					"text": "#hud_subtitle_text_string",
					"shadow": true,
					"font_type": "$ui_font_type",
					"font_scale_factor": 1.5,
					"text_alignment": "center",

					"size": [ "100%", "default" ],
					"offset": [ 0, 0 ],
					"anchor_from": "top_left",
					"anchor_to": "top_left",

					"layer": 1,

					"bindings": [
						{ "binding_name": "#hud_subtitle_text_string" }
					] }
			},
			{ "bottom_paddings@elytra_paddings.fill_y_padding": { } },
			{	"progress_panel": {
					"type": "panel",

					"size": [ "100%", 1 ],
					"offset": [ 0, 0 ],
					"anchor_from": "top_left",
					"anchor_to": "top_left",

					"layer": 1,

					"controls": [
						{	"progress_bar": {
								"type": "image",

								"texture": "UITextureBase/fill_white",
								"fill": true,
								"color": [ 1.0, 1.0, 1.0 ],
								"alpha": 1.0,

								"size": [ "100%", "100%" ],
								"offset": [ 0, 0 ],
								"anchor_from": "top_middle",
								"anchor_to": "top_middle",

								"anims": [ "@elytra_screen_hud_minecraft_elements.title_text_progress_animation_wait" ],

								"layer": 1 }
						}
					] }
			}
		] },

	"commands_panel": {
		"type": "panel",

		"controls": [
			{	"hud_title_text_area": {
					"type": "panel",
					"factory": {
						"name": "hud_title_text_factory",
						"control_ids": {
							"hud_title_text": "hud_title_text@elytra_screen_hud_minecraft_elements.hud_title_text" }
					} }
			}
		] }
}