{	"namespace": "elytra_screen_hud_utils",

	"_info_1": "QQ: Bugjump (3071882091)",
	"_info_2": "Bilibili: Minecraft君9a7z (1345634151)",

	"_info_3": "未经允许，禁止使用任何此资源包的代码（可参考，但禁止复制）",
	"_info_4": "原作者保留任何权益",

	"get_position": {
		"type": "panel",
		"bindings": [
			{	"binding_name": "#player_position_text",
				"binding_condition": "always",
				"binding_type": "global" },
			{	"binding_type": "view",
				"source_property_name": "(#player_position_text - '-' - '0' - '1' - '2' - '3' - '4' - '5' - '6' - '7' - '8' - '9')",
				"target_property_name": "#position_tips_text" },
			{	"binding_type": "view",
				"source_property_name": "(('_' + #player_position_text) - (#position_tips_text - ', , '))",
				"target_property_name": "#position_array" },
			{	"binding_type": "view",
				"source_property_name": "((#position_array - '_') * 1)",
				"target_property_name": "#position_x" },
			{	"binding_type": "view",
				"source_property_name": "((#position_array - ('_' + #position_x + ', ')) * 1)",
				"target_property_name": "#position_y" },
			{	"binding_type": "view",
				"source_property_name": "((#position_array - ('_' + #position_x + ', ' + #position_y + ', ')) * 1)",
				"target_property_name": "#position_z" },
			{	"binding_type": "view",
				"source_property_name": "(#position_x - 2 * #position_x * (#position_x < 0))",
				"target_property_name": "#abs_position_x" },
			{	"binding_type": "view",
				"source_property_name": "(#position_y - 2 * #position_y * (#position_y < 0))",
				"target_property_name": "#abs_position_y" },
			{	"binding_type": "view",
				"source_property_name": "(#position_z - 2 * #position_z * (#position_z < 0))",
				"target_property_name": "#abs_position_z" },
			{	"binding_type": "view",
				"source_property_name": "(#position_x - #position_x / 16 * 16 + 16 * (#position_x < 0 and not (#position_x / 16 * 16 = #position_x)))",
				"target_property_name": "#chunk_position_x" },
			{	"binding_type": "view",
				"source_property_name": "(#position_y - #position_y / 16 * 16 + 16 * (#position_y < 0 and not (#position_y / 16 * 16 = #position_y)))",
				"target_property_name": "#chunk_position_y" },
			{	"binding_type": "view",
				"source_property_name": "(#position_z - #position_z / 16 * 16 + 16 * (#position_z < 0 and not (#position_z / 16 * 16 = #position_z)))",
				"target_property_name": "#chunk_position_z" },
			{	"binding_type": "view",
				"source_property_name": "(#position_x / 16 - 1 * (#position_x < 0))",
				"target_property_name": "#chunk_x" },
			{	"binding_type": "view",
				"source_property_name": "(#position_y / 16 - 1 * (#position_y < 0))",
				"target_property_name": "#chunk_y" },
			{	"binding_type": "view",
				"source_property_name": "(#position_z / 16 - 1 * (#position_z < 0))",
				"target_property_name": "#chunk_z" },
			{	"binding_type": "view",
				"source_property_name": "(#position_x / 8 - 1 * (#position_x < 0))",
				"target_property_name": "#nether_x" },
			{	"binding_type": "view",
				"source_property_name": "#position_y",
				"target_property_name": "#nether_y" },
			{	"binding_type": "view",
				"source_property_name": "(#position_z / 8 - 1 * (#position_z < 0))",
				"target_property_name": "#nether_z" },
			{	"binding_type": "view",
				"source_property_name": "(#position_x * 8)",
				"target_property_name": "#overworld_x" },
			{	"binding_type": "view",
				"source_property_name": "#position_y",
				"target_property_name": "#overworld_y" },
			{	"binding_type": "view",
				"source_property_name": "(#position_z * 8)",
				"target_property_name": "#overworld_z" },
			{	"binding_type": "view",
				"source_property_name": "('§cX: ' + #position_x + ' §aY: ' + #position_y + ' §bZ: ' + #position_z)",
				"target_property_name": "#position" },
			{	"binding_type": "view",
				"source_property_name": "('§_' + #chunk_position_x + ', ' + #chunk_position_y + ', ' + #chunk_position_z)",
				"target_property_name": "#chunk_position" },
			{	"binding_type": "view",
				"source_property_name": "('§_' + #chunk_x + ', ' + #chunk_y + ', ' + #chunk_z)",
				"target_property_name": "#chunk" },
			{	"binding_type": "view",
				"source_property_name": "('§_' + #chunk_position_x + ', ' + #chunk_position_z)",
				"target_property_name": "#chunk_position_xz" },
			{	"binding_type": "view",
				"source_property_name": "('§_' + #chunk_x + ', '+ #chunk_z)",
				"target_property_name": "#chunk_xz" },
			{	"binding_type": "view",
				"source_property_name": "('§_' + #nether_x + ', ' + #nether_y + ', ' + #nether_z)",
				"target_property_name": "#nether" },
			{	"binding_type": "view",
				"source_property_name": "('§_' + #overworld_x + ', ' + #overworld_y + ', ' + #overworld_z)",
				"target_property_name": "#overworld" },
			{	"binding_type": "view",
				"source_property_name": "('§cX: ' + #position_x + '\n§aY: ' + #position_y + '\n§bZ: ' + #position_z)",
				"target_property_name": "#multiline_state" },
			{	"binding_type": "view",
				"source_property_name": "(#position + '§f\n主世界>下界: ' + #nether + '§f\n下界>主世界: ' + #overworld)",
				"target_property_name": "#additional_state" }
		] }
}