{

	"music.Alpha.Key": {
		"category": "ui",
		"sounds": [
			{	"name": "Music/Key",
				"volume": 1.0,
				"load_on_low_memory": true,
				"stream": true }
		] },

	"music.Alpha.Door": {
		"category": "ui",
		"sounds": [
			{	"name": "Music/Door",
				"volume": 1.0,
				"load_on_low_memory": true,
				"stream": true }
		] },

	"music.Alpha.Subwofer_Lullaby": {
		"category": "ui",
		"sounds": [
			{	"name": "Music/Subwofer_Lullaby",
				"volume": 1.0,
				"load_on_low_memory": true,
				"stream": true }
		] },

	"null": {
		"category": "ui",
		"sounds": [ ] },

	"music.5": {
		"category": "ui",
		"sounds": [
			{
				"name": "sounds/music/game/records/5",
				"volume": 1.0,
				"load_on_low_memory": true,
				"stream": true
			}
		]
	},


	"music.11": {
		"category": "ui",
		"sounds": [
			{
				"name": "sounds/music/game/records/11",
				"volume": 1.0,
				"load_on_low_memory": true,
				"stream": true
			}
		]
	},

	"music.13": {
		"category": "ui",
		"sounds": [
			{
				"name": "sounds/music/game/records/13",
				"volume": 1.0,
				"load_on_low_memory": true,
				"stream": true
			}
		]
	},

	"music.blocks": {
		"category": "ui",
		"sounds": [
			{
				"name": "sounds/music/game/records/blocks",
				"volume": 1.0,
				"load_on_low_memory": true,
				"stream": true
			}
		]
	},

	"music.cat": {
		"category": "ui",
		"sounds": [
			{
				"name": "sounds/music/game/records/cat",
				"volume": 1.0,
				"load_on_low_memory": true,
				"stream": true
			}
		]
	},

	"music.chirp": {
		"category": "ui",
		"sounds": [
			{
				"name": "sounds/music/game/records/chirp",
				"volume": 1.0,
				"load_on_low_memory": true,
				"stream": true
			}
		]
	},

	"music.far": {
		"category": "ui",
		"sounds": [
			{
				"name": "sounds/music/game/records/far",
				"volume": 1.0,
				"load_on_low_memory": true,
				"stream": true
			}
		]
	},

	"music.mall": {
		"category": "ui",
		"sounds": [
			{
				"name": "sounds/music/game/records/mall",
				"volume": 1.0,
				"load_on_low_memory": true,
				"stream": true
			}
		]
	},

	"music.mellohi": {
		"category": "ui",
		"sounds": [
			{
				"name": "sounds/music/game/records/mellohi",
				"volume": 1.0,
				"load_on_low_memory": true,
				"stream": true
			}
		]
	},

	"music.otherside": {
		"category": "ui",
		"sounds": [
			{
				"name": "sounds/music/game/records/othetside",
				"volume": 1.0,
				"load_on_low_memory": true,
				"stream": true
			}
		]
	},

	"music.pigstep_master": {
		"category": "ui",
		"sounds": [
			{
				"name": "sounds/music/game/records/pigstep_master",
				"volume": 1.0,
				"load_on_low_memory": true,
				"stream": true
			}
		]
	},

	"music.relic": {
		"category": "ui",
		"sounds": [
			{
				"name": "sounds/music/game/records/relic",
				"volume": 1.0,
				"load_on_low_memory": true,
				"stream": true
			}
		]
	},

	"music.stal": {
		"category": "ui",
		"sounds": [
			{
				"name": "sounds/music/game/records/stal",
				"volume": 1.0,
				"load_on_low_memory": true,
				"stream": true
			}
		]
	},

	"music.strad": {
		"category": "ui",
		"sounds": [
			{
				"name": "sounds/music/game/records/strad",
				"volume": 1.0,
				"load_on_low_memory": true,
				"stream": true
			}
		]
	},

	"music.wait": {
		"category": "ui",
		"sounds": [
			{
				"name": "sounds/music/game/records/wait",
				"volume": 1.0,
				"load_on_low_memory": true,
				"stream": true
			}
		]
	},

	"music.ward": {
		"category": "ui",
		"sounds": [
			{
				"name": "sounds/music/game/records/ward",
				"volume": 1.0,
				"load_on_low_memory": true,
				"stream": true
			}
		]
	}
}